ID,Sequence,Tm,NBsTem_Tm,Deviation1,DeepSTABp,Deviation2,TEMPRO,Deviation3
s7,QVKLEESGGGLVQPGGSLRLSCAASGGTFTNYAMAWFRQTPGNDREFVGIISQKGGRTYYADSVKGRFSVSRDNAKNTAYLQMNSLKPEDTAVYYCAAGDSSYYYTRSRYDIWGQGTQVTVSS,72.2,72.66,0.46,58.48,13.72,67.74,4.46
Nb+,QVKLEESGGGLVQAGGSLRLSCADSERTFRIYTMAWFRQAPGKERDFVAAISWSGGSTYYADSVKGRFTISRDNAKNTVYLPMNSLKPDDTAVYYCASGGVLSTGSQSDSEYDFWGQGTQVTVSS,69.8,67.69,2.11,52.46,17.34,68.28,1.52
VHHGSDMD-1,QVQLVESGGGLVQPGGSLRLSCAASGITLDYYAIGWFRQAPGKEREGVSRIRNSDGSTNYADSVKGRFTMSRDNAKNTVYLQMNSLKPEDTADYYCAYGPLTKYGSSWYWPYEYDYWGQGTQVTVSSTS,67.6,69.41,1.81,53.76,13.84,65.97,1.63
Nb++,QVQLVESGGGLVQPGGSLRLSCAISGSTLDYYAIGWFRQAPGKEREGVSRWRSNDGSTNYADSVKGRFTMSRDNAKNTVYLQMNSLKPEDTAVYYCAYGPLTKYGSSWHWPYEYDYWGQGTQVTVSSTS,67.6,67.9,0.3,55.93,11.67,65.43,2.17
Re5D06,EVQLQASGGGLVQAGGSLRLSCVASGGTFDRYAMGWFRQAPGKEREFVATISWSSFRIRYSDSVKGRFTISRDNAKNTVYLQMNNLKPEDTAVYYCAAASTGSDYLREYDYDYWGQGMQVTVTVSS,65,69.25,4.25,58.31,6.69,67.82,2.82
Vobarilizumab,EVQLVESGGGLVQPGGSLRLSCAASGSVFKINVMAWYRQAPGKGRELVAGIISGGSTSYADSVKGRFTISRDNAKNTLYLQMNSLRPEDTAVYYCAFITTESDYDLGRRYWGQGTLVTVSS,70.9,76.45,5.55,57.58,13.32,75.24,4.34
6BJ9_WT,VQLVESGGGSVQAGGSLRLSCAASGSTDSIEYMTWFRQAPGKAREGVAALYTHTGNTYYTDSVKGRFTISQDKAKNMAYLRMDSVKSEDTAIYTCGATRKYVPVRFALDQSSYDYWGQGTQVTVSS,62.75,66.28,3.53,57.36,5.39,66.81,4.06
sdab11,EVQLQESGGGLVQAGGSLRLSCAASGELYALISMGWFRQAPGKEREFVAAISRNGDNTYYTDSVKGRFTISRDNAKNTVELQMNSLKPEDTAVYYCAADKFASPDGSVTIMTNEYDYWGQGTQVTVS,71.94,71.94,0,54.63,17.31,75.88,3.94
sdab37,QVQLVESGGRLVQAGDSLRLSCAASGRTFSTSAMAWFRQAPGREREFVAAITWTVGNTILGDSVKGRFTISRDRAKNTVDLQMDNLEPEDTAVYYCSARSRGYVLSVLRSVDSYDYWGQGTQVTVS,52.6,59.73,7.13,55.43,2.83,57.92,5.32
sdab497,EVQLVESGGGLVQAGDSLRLSCTASGRTFSRAVMGWFRQAPGKEREFVAAISAAPGTAYYAFYADSVRGRFSISADSAKNTVYLQMNSLKPEDTAVYYCAADLKMQVAAYMNQRSADYWGQGTQVTVSS,82.01,82.01,0,57.98,24.03,81.1,0.91
sdab498,EVQLVESGGGLVQAGDSLRLSCTASGRTFSRAVMGWFRQAPGKEREFVAAISAAPGTAYYAFYADSVRGRFSISADSAKNTVYLQMNSLKPEDTAVYYCAADLKMQVAAYMNQRSYDYWGQGTQVTVSS,81.87,81.87,0,58.21,23.66,80.19,1.68
sdab499,EVQLVESGGGLVQAGDSLRLSCTASGRTFSRAVMGWFRQAPGKEREFVAAISAAPGTAYYAFYADSVRGRFSISADSAKNTVYLQMNSLKPEDTAVYYCAADLKMQVAAYMNQRCVDYWGQGTQVTVSS,81.87,81.87,0,57.45,24.42,85.29,3.42
sdab511,EVQLVESGGGLVQAGDSLRLSATASGRTFSRAVMGWFRQAPGKEREFVAAISAAPGTAYYAFYADSVRGRFSISADSAKNTVYLQMNSLKPEDTAVYYVAADLKMQVAAYMNQRSVDYWGQGTQVTVSS,70.42,70.42,0,58.17,12.25,63.78,6.64
sdab512,EVQLVESGGGLVQAGDSCRLSATASGRTFSRAVMGWFRQAPGKEREFVAAISAAPGTAYYAFYADSVRGRFSISADSAKNTVYLQMNSLKPEDTAVYYVAADLKMQVAAYMNQRSVDYWGQGTQVTVSS,71.52,71.52,0,56.45,15.07,63.02,8.5
sdab513,EVQLVESGGGLVQAGDSLRLSATASGRTFSRAVMGWFRQAPGKEREFVAAISAAPGTAYYAFYADSVRGRFSISADSAKNTVYLQMNNLKPEDTAVYYVAADLKMQVAAYMNQRSVDYWGQGTQVTVSS,71.12,71.12,0,58.37,12.75,65.47,5.65
sdab514,EVQLVESGGGLVQAGDSLRLSATASGCTFSRAVMGWFRQAPGKEREFVAAISAAPGTAYYAFYADSVRGRFSISADSAKNTVYLQMNSLKPEDTAVYYVAADLKMQVAAYMNQRSVDYWGQGTQVTVSS,72.22,72.22,0,57.27,14.95,62.24,9.98
sdab515,EVQLVESGGGLVQAGDSLRLSATASGRIFSRAVMGWFRQAPGKEREFVAAISAAPGTAYYAFYADSVRGRFIISADSAKNTVYLQMNSLKPEDTAVYYVAADLKMQVAAYMNQRSVDYWGQGTQVTVSS,71.37,71.37,0,55.65,15.72,70.33,1.04
sdab516,EVQLVESGGGLVQAGDSLRLSATASDRTFSRAVMGWFRQAPGKEREFVAAISAAPGTAYYAFYADSVRGRFSISADSAKNTVYLQMNSLKPEDTAVYYVAADLKMQVAAYMNQRSVDYWGQGTQVTVSS,70.09,70.09,0,57.27,12.82,65.65,4.44
sdab517,DVQLQASGGGLVQPGGSLRLTCAASGLIFGSYAMGWFRQAPGKAREFVAAISWSGGDTYADSVKGRFTISRDNAKNTVYLQMNSLEPEDTAVYSCAAVGSKYYISKDAKDYGYWGQGTQVTVSSA,69.38,69.38,0,58.3,11.08,71.78,2.4
sdab518,EVQLQASGGGLVQAGGPLRLTCAVSGPTFGSYALGWFRQAPGKEREFVAAVSWSGGDTYADSVKGRFIISRDNAKNTVYLQMNNLEPEDTAVYSCARMQDRYYISKDAKDYGYWGQGTQVTVSS,64.45,64.45,0,57.23,7.22,66.61,2.16
sdab519,DVQLQASGGGLVQAGGSLRLTCAASLHTFGSYAMGWERQAPGKEREFVAAISWSGGDTYSDSVKGRFTISRDNAKNTVYLQMNSLEPEDTAVYSCAAVEARYYISTDAKDYGYWGQGTQVTVSS,63.24,63.24,0,56.13,7.11,72.3,9.06
sdab520,EVQLQASGGGLVRAGGTLRLTCDATTPTFGSYAMGWFRQAPGKEREFVSAISWSGGDTYADSVKGRFTISRDNTRNRVYLQMNDLEPDDTAIYTCARTTARYYISKDAKDYDYWGQGTQVTVSS,62.46,62.46,0,56.05,6.41,67.02,4.56
sdab521,EVQLQASGGGLVQAGGSLRLTCAVSGPTFGSYALGWFRQAPGKEREFVAAVSWSGGDTYADTAKGRFIISRDNAKNTVYLQMNNLEPEDTAVYSCARMQDRYYISKDAKDYGYWGQGTQVIVSS,64.59,64.59,0,58.01,6.58,73.64,9.05
sdab522,EVQLQASGGGLVQAGGSLRLTCAVSGPTFGSYALGWFRQAPGKEREFVAAVSWSGGDTYADSVKGRFIISRDNAKNTVYLQMNNLEPEDTAVYSCARMQDRYYISKDAKDYGYWGQETQVTVSS,66.3,66.3,0,57.87,8.43,71.99,5.69
sdab523,EVQLQASGGGLVLTGGSLRLSCAASGRNFSNYAMAWFRQAPGKEREFVGTISWYTNTNYANSVKGRFESISRDNAKNTVYLQMSSLKPEDTAVYYCAAAPAMYYNPYTRESEYGYWGQGTQVTVSS,61,61,0,54.38,6.62,61.02,0.02
sdab524,EVQLQASGGGLVQAGGSLRLSCAASGRDFSDYAMAWFRQAPGKEREFVGTISWYTNTNYADSVKGRFSISRDNAKNTVYLQMSSLKPEDTAVYYCAAAPARYYNPYKRESEYGYWGQGTQVTVSS,64.8,64.8,0,57.08,7.72,66.07,1.27
sdab525,EVQLQASGGGLVQPGGSLRLSCAASGSAVSIGFMAWYRQAPGKQRELVARISSSGLPDYADTVKGRFTISRDNTRKTVSLQMNSLNPDDTAVYYCNARLYDGSSAWGQGTQVTVSS,55.88,55.88,0,58.16,2.28,60.18,4.3
sdab526,DVQLQASGGGLVQPGGSLRLSCAASESAVRIGFMGWHRQAPGNQRERVAQISSTGLPTYADAVKGRFTISRDNTKNTVYLQMNSLNADDTAVYFCNARLYDGTSVWGQGTQVTVSS,55.06,55.06,0,49.15,5.91,55.65,0.59
sdab527,DVQLQASGGGLVEPGGSLRLSCAASGSAVSIGFMGWHRQAPGKQRERVAQISSTGIPNYADTVKGRFTISRDNTKNTMYLQMNSLNADDTAVYFCNARLYDGTSAWGQGTQVTVSS,52.28,52.28,0,51.87,0.41,57.97,5.69
sdab528,DVQLQASGGGLVQVGGSLRLSCAASGSTFRIGYMGWYRQAPGKPRELVARISSGGTTDYLDFVKDRFTISRDNAKNTVYLQMSSLKPEDTAVYYCNVVNYRANEYWGQGTQVTVSS,64.14,64.14,0,55.78,8.36,59.05,5.09
sdab529,DVQLQASGGGLVQVGGSLRLSCAASGSTFRIGYMSWHRQAPGKSRELVARISSGGTTDYLDSVKDRFTISRDNTKNTVYLQMNSLEPEDTAVYYCNVVDYRANEYWGQGTQVAVSS,60.07,60.07,0,50.68,9.39,62.68,2.61
sdab530,EVQLVESGGGSVQAGGSLRLSCAASGWTYSTATMGWYRQAPGKERELVSSIFSDENTYYKDSVKGRFTISRDAAKNTVYLQMNSLKPEDTAMYYCYIRPTTSLANWRWGQGTQVTVSS,70.26,70.26,0,59.19,11.07,67.6,2.66
sdab531,EVQLVESGGGSVQAGGSLRLSCAVSENTGRMGWFRQAPGKEREKVAIITRLGGYTSYAGPVKGRFTISQDNAKNTVYLLMNSLKPEDTAIYYCAADSRPIYSGTWRYWGQGTQVTVSS,65.68,65.68,0,59.25,6.43,66.64,0.96
sdab532,QVQLQESGGGSVQAGGSLRLSCTASEFTTKYMAWFRQAPGKERELVAVIYTITSGANYGDSVKGRFTIYRDNENNTVHLEMNNLKPEDTAMYICAASTYWGAALRETAYNSWGRGTQVTVSS,67.52,67.52,0,56.33,11.19,59.23,8.29
sdab533,EVQLVESGGGSVQAGGSLRLSCTASEFTTKYMAWFRQAPGKERELVAVIYTITSGANYGDSVKGRFTIYRDNENNTVHLEMNNLKPEDTAMYICAASTYWGAALRETAYNSWGRGTQVTVSS,72.52,72.52,0,58.31,14.21,63.2,9.32
sdab534,EVQLVESGGGSVQSGGSLRLSCAASGDTFSKRIMAWFRGAPDKEREGLATIDPDGTMKSYADSARGRFTISRDNAKSAVYLQMNSLKPEDTAVYYCATKLTWYGAYQSWGQGTQVTVSS,63.29,63.29,0,55.76,7.53,56.59,6.7
sdab535,QVQLQESGGGSVQAGGSLRLSCAVSGYTYSSYSIGWFRQAPGKEREGVAAINSGGSTNYAGSVEGRGFISQDNAKNTVSLLMNSLKPEDTATYYCAVGAFFTLRPTLYNYWGQGTQVTVSS,55.1,55.1,0,55.74,0.64,54.65,0.45
sdab536,EVQLVESGGGSVQAGGSLRLSCAVSGYTYSSYSIGWFRQAPGKEREGVAAINSGGSTNYAGSVEGRGFISQDNAKNTVSLLMNSLKPEDTATYYCAVGAFFTLRPTLYNYWGQGTQVTVSS,60.16,60.16,0,57.78,2.38,54.83,5.33
sdab537,EVQLVESGGGSVQAGGSLRLFCEASGYTSSHYIMGWSRQAPGKECELVARITSAGITDYASSVKGRFTISRGDATNGMALQMNNLKPEDTAVYYCGVVVPTIGISRWCGYDYWGQGTQVTVSS,71.8,71.8,0,56.12,15.68,67.96,3.84
sdab538,EVQLVESGGGSVQAGGSLRLTCLASGDTTSVDYLGWFRQAPGKKREAVAGLYLEHSRSGLREFYEDDVEGRFTIFQHGARKMVHLQMTNLKPEDSATYYCAAKGESGYWSWRHTIEYWGQGTQVTVSS,67.26,67.26,0,56.47,10.79,57.76,9.5
sdab539,EVQLVESGGGSVQAGGSLRLSCAASGYTYGSNSMGWFRQAPGKEREGVATIDRGGGRTLYTDSVKGRFTISQDNAKNTVYLQMNSLKPEDTAMYYCAADDNWRGDGLDPSDFDYWGQGTQVTVSS,65.12,65.12,0,56.34,8.78,60.28,4.84
sdab540,QVQLQESGGGLVQAGGSLRLSCVASGYLFSLRGMGWYRQAPGKQRELVSIISRYGPAKYADSVKGRFTISQDNAKNTLYLQMNSLRPEDTAVYFCAASRPNSDKLDYWGQGTQVTVSS,60.73,60.73,0,52.2,8.53,61.44,0.71
sdab541,QVQLQESGGGLVQSGGSLTLSCAASRYTYRPRTMAWYRQAPGKQREFVSTISSNGNAKYRDSVKGRFTISQNNAKNTVYLQMNSLRPEDTAVYYCYMYNGDPFWGQGTQVTVSS,55.72,55.72,0,53.48,2.24,56.99,1.27
sdab542,QVQLQESGGGSVQAGGSLKLSCDASTYTYGGKCMGWFRQAPGKEREFVAFIESDGRTSYADSVKGRFTISQDDAKNTVYLQMNSLKREDTSMYYCKTAAGAFCGTRSYGFWGQGTQVTVSS,61.12,61.12,0,53.98,7.14,56.67,4.45
sdab543,QVQLQESGGGLVQAGGSLKLSCDASTYTYGGKCMGWFRQAPGKQREFVAFIESDGRASYADSVKGRFTISQDDAKNTVYLQMNSLRPEDTSVYYCKTAAGAFCGTRSYGFWGQGTQVTVSS,61.24,61.24,0,50.66,10.58,52.42,8.82
sdab544,QVQLQESGGGLVQAGGSLRLSCAASGITYSRSTMGWYRQVPGKQRELVSSIRWNGSALYADSVKGRFTISRDNAKNTAYLQMNSLRPEDTAVFYCKAEVVAGPYAGHDYWGQGTQVTVSS,62.27,62.27,0,57.56,4.71,49.42,12.85
sdab545,QVQLQESGGGLVQAGGSLRLSCAASGWTYSTATMGWYRQAPGKQRELVSSIFSDENAYYKDSVKGRFTISRDAAKNTVYLQMNSLRPEDTAVYYCYIRPTTSLANWRWGQGTQVTVSS,64.35,64.35,0,56.31,8.04,52.68,11.67
sdab546,QVQLQESGGGLVQGGGSLRLSCAASGDTFSRKIMAWFRQAPDKQREGLATIDPDGTMASYADSARGRFTISRDNAKSAVYLQMNSLRPEDTAVYYCATKLTWYGAYQSWGQGTQVTVSS,58.62,58.62,0,51.06,7.56,53.61,5.01
sdab547,QVQLQESGGGSVQAGGSLRLSCVASGFSVSTQCMGWVRQAPGKDAETVAVINSGGGNLYFDSVKGRFTISRDEAKNTVYLQMNSLKPEDTAIYYCVADCVLSEVVGGFKARFTFIGQGTQVTVSS,76.42,76.42,0,57.84,18.58,76.54,0.12
sdab548,EVQLVESGGGLVQPGGSLRLSCAASGIIFSASTMGWYRQAPGKQRELVATITNAGSTNYADSMKGRFTISRDNAKNTVYLQMNSLKPEDTALYYCARGSVVYPRYGMDYWGKGTQVTVSS,68.74,68.74,0,57.71,11.03,60.2,8.54
sdab549,EVQLQASGGGLVQPRGSLRLSCAASGSIFSINAMGWYRQTPEKQRELVATISSSGSTKYGDSVKGRFTISRDNAKNTVYLQMNSLKPEDTAVYYCNTQTAGLVADWGTSHYDYWGQGVQVTVS,61.06,61.06,0,55.19,5.87,58.54,2.52
sdab550,DVQLQASGGGLVQAGGSLRISCAASGGALSDYNMGWFRQAPGKEREFVAVVTWSGGSTRYADSVNGRFTISRDNAKNTVYLQMNSLKPEDTAVYYCAAAPLTPFQSLGDNKAYNYWGQGTQVTVS,67.19,67.19,0,56.24,10.95,67.74,0.55
sdab551,DVQLQASGGGLVQAGGSLRLSCAASSGTFSSYTMGWFRQAPGKERELVARLSQSLTTLYADSVKGRFTISRDNAENTVYLQMNSLKPEDTGVYYCAAHPGTYGSAWLISPHDYAYWGQGTQVTVS,61.33,61.33,0,55.06,6.27,60.49,0.84
sdab552,EVQLQASGGGLAQAGGSLQLSCAAPGRPVRTYTMGWFRQAPGKEREFVAANNWRGTRYAGSVRGRFSISRDNSKNTVYLQMNSLKPEDTAVYYCACAVTADLLLSGNYFRGDDYDYWGQGTQVTVS,60.3,60.3,0,52.56,7.74,61.19,0.89
sdab553,EVQLQASGGGSVPPGGSLRLSCTASLRAFSTYTMGWFRQAPGKEREFVAASNWRGTDFHDSVRGRFIISRDNTEKTVQLQMNSLKPEDTAIYYCAADGSTWLKRSDYSYWGQGTQVTVS,51.65,51.65,0,55.99,4.34,51.96,0.31
sdab554,EVQLQASGGGLVQAGGSLRLSCTASLRAFSTYTMGWFRQAPGKEREFVAASNWRGTDFHDSVKGRFIISRDNTKKTVQLQMNSLKPEDTAIYYCAADGSTWLKRSDYSYWGQGTQVTVS,50.54,50.54,0,55.88,5.34,46.6,3.94
sdab555,EVQLQASGGGLVQPGGSLRLSCTASGSIFSINAMGWYRQTPRKERELVAAISEGGSTKYGDSVKGRFTISRDFAKNTQMVYLQMNSLKREDTAVYYCKAQTEGPIADWGTSQYEYWGQGTQVTVS,54.47,54.47,0,53.96,0.51,62.89,8.42
sdab556,EVQLQASGGGLVEPGGSLRLSCAVSGINFNINHWGWYRQAPGKQREWVATIAIGGATDYADSLKGRFTISRDNMKNTVYLQMSSLRPEDTAVFYCNGVGSKWSDRWGQGTQVTVS,58.89,58.89,0,55.08,3.81,58.85,0.04
sdab557,EVQLQASGGGLVEPGGSLRLSCAVSGINFNINHWGWYRQAPGKQREWVATIAIGGATDYADSLKGRFTISRDNNKNTVYLQMNSLRPEDTAVYYCNGVGSKWSVRWGQGTQVTVS,59.42,59.42,0,54.73,4.69,61.21,1.79
sdab558,EVQLQASGGGLVQTGGSLRLACAGSGRSFNNYGMGWFRQAPGKERQFVAAISGNDHTTHYSDSVKGRFTISRDNAKTTVYLQMNSLKPEDTAVYYCAADRLGSFFFPRASPSDYGYWGQGTQVTVS,64.94,64.94,0,54.82,10.12,64.88,0.06
sdab559,EVQLQRSGGGLVQGGDSLRLSCRASGRTLGDYGVAWFRQAPGKEREFVSVISRSTIITDYANSYKGRFTISRDNAKNAVYLQMNSLKPEDTAVYYCAVIANPVYATSRNSDDYGHWGQGTQVTVSS,56.59,56.59,0,53,3.59,60.91,4.32
sdab560,EVQLQASGGGLVQGGDSLRLSCAASGRTLSVYGVAWFRQAPGKEREFVSVISRSTIITDYANSVKGRFTISRDNAKNAVYLQMNSLKPEDTAVYYCAVITNPVYATSRNSDDYGYNGQGTQVTVSS,58.1,58.1,0,55.53,2.57,57.99,0.11
sdab561,EVQLQASGGGLVQGGDSLRLSCARSGRTLSDYGVAWFRQAPGKEREFVSVIGRSTIITDYANSVKGRITISRDNAKNAVYLQMNSLKPEDTAVYYCAVITNPVYATSRNSDDYGYWGQGTQVTVSS,56.62,56.62,0,55.59,1.03,55.91,0.71
sdab562,DVQLQASGGGLAQAGGSLRLSCAYSGDTVNDYAMAWFRQAPGKGREFVAAIRARGGGTEYLDSVKGRFTISRDNGENTAYLQMDNLQPDDTALYFCALAMGGYAYRAFERYSVRGQGTQVTVSS,64.7,64.7,0,55.07,9.63,66.27,1.57
sdab563,DVQLQASGGGLAQAGGSLRLSCAYSGDTVNDYGMGWFRQVPGKGREFVAAIRASGGGTEYLDSVKGRFTISRDNRNTATLQMNDLRPDDTAVYYCALSMGGYAYRAFERYNVRGQGTQVTVSP,62.19,62.19,0,57.74,4.45,59.1,3.09
sdab564,EVQLQASGGGLVQPGGSLRLACQYSGREGTTTVGWFRQSPGKEREFVAAIRWTDSRTPHTDSRFTTSSDNFKKTAYLQMNGLKPEDTALYYCTEDTWNSVVTGTAADWSQGTQVTVSS,44.8,44.8,0,53.31,8.51,49.88,5.08
sdab565,EVQLQASGGGLVRPGGSLRLACQYSGREGTTTVGWIRQSPGKEREFVAAIRWTDSRTSHTDSRFTTSSDNFKKTAYLQMNGLKPEDTALYYCTEDTWNSVVTGTAAGWSQGTQVTVSS,46.04,46.04,0,55.1,9.06,54.64,8.6
sdab566,DVQLQASGGGLAQAGGSLRLSCAYSGDTVNDYAMAWFRQAPGKGREFVAAIRARGGGTEYLDSVKGRFTISRDNGENTAYLQMDNLQPDDTALYFCALAMGGYAYRAFERYSVWGQGTQVTVSS,66.93,66.93,0,54.67,12.26,69.48,2.55
sdab567,DVQLQASGGGLVQPGGSLRLACAHSGREGTTTVGWFRQAPGKEREFVAALRWTDGRISYANSVKGRFTTSSDNWKKTVYLQMNGLKPEDSALYYCAEDSWYPVVTGTAAYWSQGTQVTVSS,56.4,56.4,0,56.86,0.46,67.03,10.63
A9,KVQLQQSGGGAVQTGGSLKLTCLASGNTASIRAMGWYRRAPGKQREWVASLTTTGTADYGDFVKGRFTISRDNANNAATLQMDSLKPEDTAVYYCNADGRRFDGARWREYESWGQGTQVTISS,46.75,58.69,11.94,54.78,8.03,56.17,9.42
1FVC,EVQLVESGGGLVQPGGSLRLSCAASGFNIKDTYIHWVRQAPGKGLEWVARIYPTNGYTRYADSVKGRFTISADTSKNTAYLQMNSLRAEDTAVYYCSRWGGDGFYAMDYWGQGTLVTVSS,58,74.64,16.64,58.42,0.42,81.16,23.16
3B9V,EVQLVESGGGLVQPGGSLRLSCAASGFNIKDTYIGWVRRAPGKGEEWVASIYPTNGYTRYADSVKGRFTISADTSKNTAYLQMNSLRAEDTAVYYCARWGGDGFYAMDYWGQGTLVTVSS,79,72.97,6.03,58.51,20.49,85.39,6.39
SLP_VHH2,QVKLEESGGGLVQPGGSLRLSCAASGGTFTNYAMAWFRQTPGNDREFVGIISQKGGRTYYADSVKGRFSVSRDNAKNTAYLQMNSLKPEDTAVYYCAAGDSSYYYTRSRYDIWGQGTQVTVSS,62.3,72.66,10.36,58.48,3.82,67.74,5.44
SLP_VHH5,QVKLEESGGGLVQAGGSLRLSCAASRLTESTYHMGWERQAPGKEREFVAALSWSGGTTYYADSVKGREGISRDNAKNTVYLQMNSLKPEDTAVYYCASGGVLATMNSDEYDYWGQGTQVTVSS,70.3,66.31,3.99,54.83,15.47,74.18,3.88
SLP_VHH12,QVQLVESGGGLVQAGDSLRLSCAASGGTESSYAVGWERQAPGKERQFVAAISWSGRSTEYADSVKGRETISRDNAKNTVYLQMNSLQPDDTGVYYCAADWSHPENKAELLRLRLWVLSAESSDYWGQGTQVTVSS,73.7,62.63,11.07,51.47,22.23,72.22,1.48
SLP_VHH22,QVQLVESGGGLVQPGGSLRLSCAASGFTLDSYAIGWERQAPGKEHEGISCISSNGGSTYYTDSVKGRETISRDNAKNTVYLQMNSLESEDSAVYYCATVRRCSSLDMALGALATRTKGYDYWGQGTQVTVSS,74.6,66.89,7.71,53.55,21.05,80.88,6.28
SLP_VHH23,QVQLVESGGGLVQAGGSLRLSCAASGRTESSYAVGWFRQAPGKEREFVAAISWSGGYTDYADSVKGRFTISRDNAKNTVYLQMNNLKPEDTAVYYCAADWSHPENKAELLRLRLWVLSAESSDDWGQGTQVTVSS,75.4,71.9,3.5,55.23,20.17,84.22,8.82
SLP_VHH26,QVKLEESGGGLVQAGGSLRLSCAASGRTFTNYAMAWFRQASGKEREFVAIISQSGGRTYYGDSVKGRFTISRDNAKNTVYLQLNSLQPEDTGVYYCAAGDSPYYYSRSRYDLWGPGTQVTVSS,71.9,72.35,0.45,58.76,13.14,72.32,0.42
SLP_VHH46,QVKLEESGGGLVQAGGSLRLSCADSERTFRIYTMAWFRQAPGKERDFVAAISWSGGSTYYADSVKGRFTISRDNAKNTVYLPMNSLKPDDTAVYYCASGGVLSTGSQSDSEYDFWGQGTQVTVSS,66.3,67.69,1.39,52.46,13.84,68.28,1.98
SLP_VHH49,QVKLEESGGGLVQAGGSLRLSCAASEGAFSDALSRHAAGWERQAPGKEREFVAAISWNGANTDYKNSVNNRETISRDTSKNTVYLQMNSLKPEDTAVYYCAAKNEPSWISRIYYRGLEYDYWGQGTQVTVSS,64.8,57.51,7.29,54.95,9.85,53.11,11.69
SLP_VHH50,QVKLEESGGGLVQPGGSLRLSCAASGFTLDYYTIGWERQAPGKEREGVACISSDDRTYYVDSVKGREAISRDNVKNTVYLQMNNLKPEDTAVYYCASKESVELIATMKGCAPGHDDYWGQGTQVTVSS,70.3,67.91,2.39,51.82,18.48,69.5,0.8
7D12,QVKLEESGGGSVQTGGSLRLTCAASGRTSRSYGMGWFRQAPGKEREFVSGISWRGDSTGYADSVKGRFTISRDNAKNTVDIQMNSLKPEDTAIYYCAAAAGSAWYGTLYEYDYWGQGTQVTVSS,63.6,67.21,3.61,58.28,5.32,61.74,1.86
Nb16966,QVQLQESGGGSVRPGESLRLSCAASSDSSITGMDWYRQAPGKQREWVATITRNNITIYGASVKGRFTVSRDNVKNTWYLQMNSLKPEDTAVYYCTYRGNWGQGTQVTVSS,68.08,64.77,3.31,58.07,10.01,68.12,0.04
Nb16972,QVQLQESGGGLVQTGESLRLSCAASSVSSITGMDWYRQAPGKQREWVATITRNNIAMYGASVKGRFTVSRDNAKNTWYLQMNSLKPEDTAVYYCTYRGNWGQGTQVTVSS,69.63,63.26,6.37,55.61,14.02,65.37,4.26
Nb16979,QVQLQESGGGLVQTGESLRLSCAASIIVSDNIMAWYRQSPGKQREIVATISSTGTINYVDSVKGRFTISRDNAKNTLNLQMTKLKPEDTAVYYCSGRTLRVYWGQGTQVTVSS,58.82,66.58,7.76,50.25,8.57,58.92,0.1
Nb16988,QVQLQESGGGLVQAGGSLRLSCAASSVSSITGMDWYRQAPGKQREWVATITRNNIAMYGASVKGRFTVSRDDAKNTWYLQMNSLKPEDTAVYYCTYHGNWGQGTQVTVSS,71.98,64.69,7.29,55.26,16.72,66.36,5.62
Nb16920,QVQLQESGGGFVQAGGSLRLSCAASSISSIYAMDWYRQAPGKQREFVAGITSGGTTNYGSTVKGRFTISRDESKNTVDLQMNSLKPEDSAVYVCRATISWKIYSGQGTQVTVSS,63.15,61.4,1.75,55.45,7.7,60.16,2.99
Nb16925,QVQLQESGGGLVQTGESLRLSCAASSVSSITGMDWYRQAPGKQREWVATITRNNIAMYGASVKGRFTVSRDNAKNTWYLQMNSLKPEDTAVYYCTYRGNWGQGTQVTVSS,71.85,63.26,8.59,55.61,16.24,65.37,6.48
Nb17010,QVQLQESGGGSVQTGGSLRLSCAANGFSINAMGWYRQSPGKQRELVARITSGSSTNYTNYADSVKGRFTISRDNAKNTGYLEMNLLKPEDTAVYYCHADVLLGGLQGLIQFYWGQGTQVTVSS,65.87,70.37,4.5,52.12,13.75,59.75,6.12
Nb17018,QVQLQESGGGLVQAGGSLRLSCTASIFSINAMGWYRQTPGKQRELVARITNGSSTNYADSVKGRFTISRDNAKNTVYLQMNSLKPEDTAVYYCHTDLLLEVGAMRYWGQGTQVTVSS,68.73,60.38,8.35,53.63,15.1,63.58,5.15
Nb17037,QVQLQESGGGLVQAGGSLRLSCAASSTLSIDDMGWYRQAPEKHREFVATISRGGSTNYAASVKGRFTISRDNAKNTVFLQMNNLKSEDTAVYYCRATSTWRYYWAQGTQVTVSS,59.3,63.08,3.78,54.89,4.41,60.57,1.27
mNB,MDVQLVESGGGLVQPGGSLRLSCAASGRTFSSYSMGWFRQAPGKEREFVVAISKGGYKYDAVSLEGRFTISRDNAKNTVYLQINSLRPEDTAVYYCASSRAYGSSRLRLADTYEYWGQGTLVTVSS,60,64.89,4.89,57.5,2.5,74.09,14.09
Cs-Nb1,QVQLVESGGGLVQPGGSLRLSCAASGFTFSGYSMTWVRQAPGKGFEWVSTIESGRGSTRYADSVKGRFTISRDNAKNTLYLQLNSLKTEDTAMYYCARARDCSGSNCATRGQGTLVTVS,70,67.79,2.21,57.3,12.7,68.46,1.54
vhh10,ELQLVESGGGLVQAGGSLTVSCAASGSAFSVNVMGWSRQAPGKERELVAGITRRGNTYYADTVKGRFTISRDNAKNTLYLQMNSLKPEDTAMYYCAALADIATMGPNDYWGQGTQVTVSS,61.9,66.92,5.02,50.44,11.46,65.81,3.91
vhh24,EVQLVESGGGLVQPGGSLRLSCAASGFTLDRYAIGWFRQAPGKEREGVSVISDTITAYRNSVKGRFTISRDNAKNTVYLQMNRLKPEDTAIYYCAVRDRGRVYSSTWSGFGSWGQGTQVTISS,68.3,60.89,7.41,57.87,10.43,63.59,4.71
B2-3,VQLVESGGGLVQAGDSLRLSCAASGRRSYAMGWFRQAPGKEREFVAVISRSGGSTRYADSVKGRFTISRDNAKNTVYLQMSSLEPEDTAVYYCARGAAGRPSPSPDDYVYWGQGTQVT,50,61.48,11.48,52.34,2.34,69.46,19.46
VM34,QLQLVESGGGSVQAGGSLRLSCAASRSLSRFNVWTWYRQAPVKQRELVASITKSGDTNYAESVKGRFIISRDDDKNTVYLQMNNLKSEDTGIYYCAGSYYSGSYLYPSPGGFSVWGQGTQVTVSS,77.9,69.84,8.06,55.22,22.68,71.79,6.11
VM35,QVQLVESGGGLVQAGGSLRLSCAVPGSIFRFNTMGWYRQPPGKQRELVAQMSRGGITKYGDSVKGRFTITRDNAKNTVHLQMNSLKPEDTAVYYCAGSYYSGSYYYPSPQGFSVWGQGTQVTVSP,74.7,64.88,9.82,57.14,17.56,68.41,6.29
Z70,MAEVQLQASGGVFVQSGGSLRLSCAASGATSTFDGMGWFRQAPGKEREFVSAISYEQGSYTYYADSVKGRFTISRDNSKNMVYLQMNSLRAEDTATYYCAPAYEGDLYAFDSYGGQGTQVTVSSAA,59.9,55.44,4.46,52.35,7.55,57.29,2.61
Nb6+,QVQLQESGGGLVQPGGSLRLSCAASGFTFSNYAMRWYRQAPGEEREFVAFISSVGGSTNYADSVKGRFTISRDNGKNTLYLQMNSLKPEDTAVYFCVARLSLISDSWGQGTQVTVSS,54.7,64.69,9.99,50.64,4.06,67.01,12.31
NbALFA,EVQLQESGGGLVOPGGSLRLSCTASGVTISALNAMAMGWYRQAPGERRVMVAAVSERGNAMYRESVQGRFTVTRDFTNKMVSLQMDNLKPEDTAVYYCHVLEDRVDSFHDYWGQGTQVTVSS,58.7,61.16,2.46,50.55,8.15,58.26,0.44
Nb8+,QVQLQESGGGLVQPGGSLRLSCVVSGDRRTIYTMGWFRQAPGNQGELVATMTSSGVTTYVDSVKGRFSISRDSAEDSAKNTVSLQMNSLKPEDTAFYTCYEESRRPLGSRNTYWGQGTQVTVSS,53.5,68.97,15.47,43.84,9.66,65.86,12.36
4G8,QVQLQESGGGLVQAGNSLRLSCAASGGTFSNYNMGWFRQAPGKEREFVAHITWSGGSTNYADSVKGRFTISRDNAKNTIYLQMNSLKPEDTAVYYCAPTYGNYWHPSGYWGQGTQVTVSS,61.8,60.16,1.64,54.73,7.07,67.52,5.72
s8,QVQLVESGGGLVQPGGSLRLSCADSEFRLDEYATGWFRQAPGKEREGVACISRSGSNTKYTDSVKGRFTISRDNAKKTVYLQMNSLKPEDTAVYYCAADLTSHYLSCSSYTDYNSWGQGTQVTVSS,64.2,69.29,5.09,55.37,8.83,68.45,4.25
s12,QVQLVESGGGLVQPGGSLRLSCLVSGFSSSYYAIGWFRQAPGKEREGVSCITRSGDTTNYADSVKGRFTISRDDARNTVYLQMNSLKTEDTAVYSCALWAWAGSGRLRCTASEYGHWGQGTQVTVSS,56.3,70.32,14.02,56.5,0.2,70.29,13.99
s14,EVQLVESGGGLVQPGGSLRLSCAASGFTANSYRMTWVRQAPGKGLEWVADIGTGNEWKYYPDSVKGRFTISRDAAKNTVYLQMNSLKPEDTAVYYCAKNGAVWYGEDGLDYWGKGTLVTVSS,63.7,68.96,5.26,58.43,5.27,67.23,3.53
s17,QVQLVESGGGLVQPGGSLRLSCAASGFTLDSYVIGWFRQAPGKEREGVSCISQRIGSTDYADSVKGRFTISKDNAKNTAYLQMNALKPEDTAVYYCAAGRLYYSGTYCPQGGMSYWGKGSPVTVSS,58.7,68.32,9.62,57.04,1.66,65.74,7.04
s21,DVQLVESGGGLVQPGGSLTLSCAASGFTSGTYALAYFRQAPGKEREGVSCISNDGGSRNYADSVKGRFTISRDNAKNTMYLQMNSLKPEDTAVYYCAAGPWYYCSDFARRPDGMDYWGKGTPVTVSS,68.1,64.69,3.41,53.97,14.13,64.25,3.85
s29,EVQLVESGGGLVQPGGSLRLSCAASGFTSETYAIGWFRQAPGKEREGVSCISNDGGSRNYADSVKGRFTISRDNAKNTSYLQMNSLKPEDTAVYYCAAGKYYYCLGYVSDGMDYWGKGTPVTVSS,69.1,68.56,0.54,57.26,11.84,64.61,4.49
s33,EVQLVESGGGLVQPGGSLRLSCTTSGFTLDYYSVGWFRQAPGKEREGVSCITASGSSTNYANSVKGRFTISRDKVKNTVYLQMSSLKPEDTAVYYCAAEPCTVVAGILQAPTSDFGSWGQGTQVTVSS,60.2,70.94,10.74,56.68,3.52,76.34,16.14
s36,EVQLVESGGGLVQPGGSLRLSCAASGFTLDYYAIGWFRQVPGKEREGVSCISSDGGGNTYYADSVKGRFTISRDNAKNTVYLQMNSLKPEDSAVYSCAAGPTYYSGSYCRDPHSDYDYWGQGTQVTVSS,64.4,68.62,4.22,56.91,7.49,79.14,14.74
s41,HVQLVESGGGLVQPGGSLRLSCAASGETLDYYAIGYVRQAPGKEREGVSCISSRGDNTNYADSVKGRFTISRDNANNTVYLQMNSLKPEDTAVYYCVAIKDSWQNYYCSVGWVEYDVWGQGTQVTVSS,74.7,73.06,1.64,53.89,20.81,76.21,1.51
s42,HVQLVESGGGLVQPGGSLRLSCAASGFIFSGYAMSWVRQAPGKGLEWVSDISSDGVRLYYADSVKGRFTISRDNAKNTVYLEMTSLKPDDTALYYCATSSDPQLGLDLWGKGTPVTVSS,59.3,67.26,7.96,53.23,6.07,69.1,9.8
s43,HVQLVESGGGLVQPGGSARLSCAASGFDLDYFAIGWFRQAPGKEREGVSCISTRSETTNYVDSVKGRFTISRDNAISTVYLQMNNLKPEDTAVYYCAADWADWTMTGCQMTWDDYNYWGQGAQVTVSS,65,70.94,5.94,50.84,14.16,73.98,8.98
s45,HVQLVESGGGLVQPGGSLRLSCAARGFSFRDSAMSWARQAPGKGLEWVGAIYSDGSTVYEKSVKGRFTISRDNAKNTMYLQMHSLKPEDSARYYCAPKGVVADEGDYSGQGTLVTVSS,55.5,57.64,2.14,53.74,1.76,57.16,1.66
Nb413,MKKTAIAIAVALAGFATVAQAAESGGGSVQAGGSLRLSCAASGFPSSDICMGWFRQAPGKERERVAAITSEGYTSIADSVKGRFTISQDKAKNTLDLLMNMNNLKPEDTAMYYCAAHRGAWCYHAPRLFNFWGQGTLVTVSGQAGQ,56,46.76,9.24,55.57,0.43,48.95,7.05
Nb422,KLESGGGSVQAGGSLRISCAVSRATDTRYCMGNFRQAPGKEREREGVAAIYTTKNSRGVSTFYGDSVKGRFTISQDGARNTMSLQMNSLQPEDIAVYYCAARVPCQSMTGKATTLEYGYNYWGQGIQVTVSVEIKFASQPELALAPEDPEDVE,50.4,61.9,11.5,48.38,2.02,54.95,4.55
H1-7,QVQLVESGGGLVQPGGSLRLSCVASGFSFDDYAIGWFRQAPGKEREGVACINSRDGRTYYANSVKGRFTISRDNAKDTVYLQMNSLKPEDTDVYYCAKQKGAVCRYEADYWGQGTQVTVS,72,70.89,1.11,54.64,17.36,73.77,1.77
Nb-M6,EVQLVESGGGLVQPGGSLRLSCAASGFTFSNYAMAWVRQAPGKGFEWVSGITSTGDTYSMDYVKGRFTISRDNAKNTLFLQLNSLKTEDTAMYYCVKGRRPSIEYGLRIESLPRGQGTQVTVSS,64.3,66.97,2.67,54.66,9.64,64.2,0.1
Nb.b201,QVQLQESGGGLVQAGGSLRLSCAASGYISDAYYMGWYRQAPGKEREFVATITHGTNTYYADSVKGRFTISRDNAKNTVYLQMNSLKPEDTAVYYCAVLETRSYSFRYWGQGTQVTVSS,70.1,70.63,0.53,57.74,12.36,70.74,0.64
Nb1,QVQLVESGGGLMQAGGSLRLSCAVSGRTFSTAAMGWFRQAPGKEREFVAAIRWSGGSAYYADSVKGRFTISRDKAKNTVYLQMNSLKYEDTAVYYCARTENVRSLLSDYATWPYDYWGQGTQVTVSS,67.6,71.85,4.25,57.21,10.39,84.78,17.18
Nb2,QVQLVESGGGLMQAGGSLRLSCAVSGRTFSTAAMGWFRQAPGKEREFVAAIRWSGGSAYYADSVKGRFTISRDKAKNTVYLQMNSLKYEDTAVYYCARTENVRSLLSDYAHWPYDYWGQGTQVTVSS,67.1,70.91,3.81,56.87,10.23,84.08,16.98
Nb3,QVQLVESGGGLMQAGGSLRLSCAVSGRTFSTAAMGWFRQAPGKEREFVAAIRWSGGSAYYADSVKGRFTISRDKAKNTVYLQMNSLKPEDTAVYYCARTENVRSLLSDYAHWPYDYWGQGTQVTVSS,71.7,71.96,0.26,57.1,14.6,82.96,11.26
Nb4,QVQLVESGGGLMQAGGSLRLSCAVSGRTFSTAAMGWFRQAPGKEREFVAAIRWSGGSAYYADSVKGRFTISRDKAKNTVYLQMNSLKPEDTAVYYCARTENVRSLLSDYATIPYDYWGQGTQVTVSS,73.7,73.7,0,57.44,16.26,84.07,10.37
Nb5,QVQLVESGGGLMQAGGSLRLSCAVSGRTFSTAAMGWFRQAPGKEREFVAAIRWSGGSAYYADSVKGRFTISRDKAKNTVYLQMNSLKPEDTAVYYCARTENVRSLLSDYAHIPYDYWGQGTQVTVSS,73.2,72.88,0.32,57.25,15.95,83.65,10.45
Nb6,QVQLVESGGGLMQAGGSLRLSCAVSGRTFSTAAMGWFRQAPGKEREFVAAIRWSGGSAYYADSVKGRFTISRDKAKNTVYLQMNSLKYEDTAVYYCAQTHYVSYLLSDYATWPYDYWGQGTQVTVSS,69.6,69.76,0.16,57.71,11.89,83.03,13.43
Nb7,QVQLVESGGGLMQAGGSLRLSCAVSGRTFSTAAMGWFRQAPGKEREFVAAIRWSGGSAYYADSVKGRFTISRDKAKNTVYLQMNSLKPEDTAVYYCAQTHYVSYLLSDYATWPYDYWGQGTQVTVSS,69.6,70.5,0.9,57.76,11.84,82.04,12.44
Nb8,QVQLVESGGGLMQAGGSLRLSCAVSGRTFSTAAMGWFRQAPGKEREFVAAIRWSGGSAYYADSVKGRFTISRDKAKNTVYLQMNSLKYEDTAVYYCAQTHYVSYLLSDYAHWPYDYWGQGTQVTVSS,63.2,68.89,5.69,57.34,5.86,82.04,18.84
Nb9,QVQLVESGGGLMQAGGSLRLSCAVSGRTFSTAAMGWFRQAPGKEREFVAAIRWSGGSAYYADSVKGRFTISRDKAKNTVYLQMNSLKPEDTAVYYCAQTHYVSYLLSDYAHWPYDYWGQGTQVTVSS,69.5,69.73,0.23,57.52,11.98,81.4,11.9
Nb10,QVQLVESGGGLMQAGGSLRLSCAVSGRTFSTAAMGWFRQAPGKEREFVAAIRWSGGSAYYADSVKGRFTISRDKAKNTVYLQMNSLKPEDTAVYYCAQTHYVSYLPSDYAHWPYDYWGQGTQVTVSS,70.2,67.55,2.65,57.36,12.84,81.04,10.84
VUN701,QVQLVESGGGLVQAGGSLRLSCAASGSTFSLHLMGWYRQAPGKQREVVATSGSGGDTNYADSVKGRFTISRDNDKNTVDLQMNNLKPEDTADYYCRAQQKIGRDTFRDYWGQGTQVTVSS,71,58.9,12.1,47.14,23.86,63.33,7.67
