Name,Sequence,Tm,Reference DOI
3K1K,QVQLVESGGALVQPGGSLRLSCAASGFPVNRYSMRWYRQAPGKEREWVAGMSSAGDRSSYEDSVKGRFTISRDDARNTVYLQMNSLKPEDTAVYYCNVNVGFEYWGQGTQVTVSS,39,https://doi.org/10.7554/eLife.34317
Cc3-m10,QVKLQASGGGSVQAGGSLRLSCVTSQNLFEYYTMGWYRQVPGSQRERVALINNGGSTVAGSVKGRFTISRDHAKNSVYLQMNYLKRADSAVYYCRAFGPADYWGQGTQVTVSS,43,https://doi.org/10.3389/fmed.2021.626028
WF4  ,DVQLQASGGGLVQAGGSLRLSCAVSDNTTSLNGMGYYRGPPGKQREFVAYARNNGAPKYADSVMGRFTISYDNSKATVYLQMNNLGPEDTALYYCYAPDRWHTYWAGGTQVTVSS,43,https://doi.org/10.3390/antib7040044
Nb02-M4  ,EVQLQASGGGLVQAGGSLRLSCAASGFTNERSQNMGWFRQAPGKEREGVACIQSRVVECWYADSVKGRFTISRDNAKNTVYLQMNSLKPEDTAVYYCAAPRAITGHSAVGEHMCDYWGQGTQVTVSS,43.08,https://doi.org/10.3390/ijms20174187
Nb02-M0,EVQLQASGGGLVQAGGSLRLSCAASGFTNERSQNMGWFRQAPGKEREGVACISSRVVECWYADSVKGRFTISRDNAKNTVYLQMNSLKPEDTAVYYCAAPRAITGTSFVGEHMCDYWGQGTQVTVSS,43.38,https://doi.org/10.3390/ijms20174187
DDA ,EVQLQASGGGLVQPGGSLRLACQYSGREGTTTVGWERQSPGKEREFVAAIRWTDSRTPHTDSRETTSSDNFKKTAYLQMNGLKPEDTALYYCTEDLKMQVAAYMNQRSVDYWSQGTQVTVSS,46,https://doi.org/10.1371/journal.pone.0077678
gerQ_G4,EVQLQASGGGLVQAGNSLNLSCAASGNTFNIYFMAWYRQPPGKQRELVASISTGGRTNYADSVKGRFTISSDSAHKGVYLQMNSLKFEDTAVYRCNYATEQGAYWGQGTQVTVSS,46,https://doi.org/10.3390/antib2010152
EBOV-GP-G11,EVQLQASGGGLVQAGGSLRLSCTASLRAFSTYTMGWFRQAPGKEREFVAASNWRGTDFHDSVKGRFIISRDNTKKTVDLQMNSLKPEDTAIYYCAADGSTWLKRSDYSYWGQGTQVTVSS,46,https://doi.org/10.1186/s12934-017-0837-z
VHH_C24A,QVQLVESGGSLVQPGGSLRLSCAASGRFAESSSMGWFRQAPGKEREFVAAISWSGGATNYADSAKGRFTLSRDNTKNTVYLQMNSLKPDDTAVYYAAANLGNYISSNQRLYGYWGQGTQVTVSS,46.8,https://doi.org/10.1021/acs.nanolett.9b02062
GBP1,QVQLVESGGALVQPGGSLRLSCAASGFPVNRYSMRWYRQAPGKEREWVAGMSSAGDRSSYEDSVKGRFTISRDDARNTVYLQMNSLKPEDTAVYYCNVNVGFEYWGQGTQVTVSS,46.9,https://doi.org/10.1016/j.bbrc.2021.05.089
Ca,EVQLQASGGGLVQAGDSLRLPCAASLRTFGSYALGWFRQAPGKEREFVAAISWSGGDTYADSVKGRFTISRDNAKSTVYLQMNSLEPEDTAVYSCAAVRARYYISKHATDYGFWGQGTQVTVSS,47,https://doi.org/10.1371/journal.pone.0149393
VHH_C98A,QVQLVESGGSLVQPGGSLRLSAAASGRFAESSSMGWFRQAPGKEREFVAAISWSGGATNYADSAKGRFTLSRDNTKNTVYLQMNSLKPDDTAVYYAAANLGNYISSNQRLYGYWGQGTQVTVSS,47.02,https://doi.org/10.1021/acs.nanolett.9b02062
VHH_C24A_C98A,QVQLVESGGSLVQPGGSLRLSAAASGRFAESSSMGWFRQAPGKEREFVAAISWSGGATNYADSAKGRFTLSRDNTKNTVYLQMNSLKPDDTAVYYCAANLGNYISSNQRLYGYWGQGTQVTVSS,47.25,https://doi.org/10.1021/acs.nanolett.9b02062
A3D1,EVQLVESGGGLVQAGDSLRLSCTASGREGTTTVGWFRQAPGKEREFVAAIRWTDSRTPHTDSRFSISADSAKNTVYLQMNSLKPEDTAVYYCAADTWNSVVTGTAADWGQGTQVTVSS,48,https://doi.org/10.1371/journal.pone.0077678
E10,DVQLQASGGGLVQAGASLRLSCAASGFTYTMGWFRQAPGQEREFVAAIARSGGTTYYTDSVKGRFTISRDNAKKTVFLQLNSLKPEDTAVYYCAADALPYSAQSMSTRNPGYWGQGTQVTVSS,48,https://doi.org/10.3390/antib9040071
Nb02-M6  ,EVQLQASGGGLVQAGGSLRLSCAASGFTNERSQNMGWFRQAPGKEREGVACIQSRVVECWYADSVKGRFTISRDNAKNTVYLQMNSLKPEDTAVYYCAAPRAITWHVFVGEHMCDYWGQGTQVTVSS,48.91,https://doi.org/10.3390/ijms20174187
CC3-m10hop,QVKLQASGGGSVQAGGSLRLSCVTSQNLFEYYTMGWYRQVPGSQRERVALINNGGSTVAGSVKGRFTISRDHAKNSVYLQMNYLKRADSAVYYCRAFGPADYWGQGTQVTVSS,49,https://doi.org/10.3389/fmed.2021.626028
gerQ_B2,EVQLQASGGGLVQAGGSLRLACALSGSTININTMAWYRQPPGKQREFVAILLNGGTSNYADSVTGRFTISRDNAKNTVYLQMNSLKVEDTAVYYCHLGGLGASYWGQGTQVTVSS,49,https://doi.org/10.3390/antib2010152
M112D,DVQLQASGGGLVQAEGSLRLSCAASGSTFGIKHHGWYRRAPGNQREWVAGISSENITNVAEAVKGRFTISRDNAKNTVYLQMNSLKVEDTAVYYCYAQDNNYRFLHRFWGQGTQVTVSS,49,https://doi.org/10.1016/j.molimm.2016.09.013
Nb2,QVQLQESGGGSVQAGGSLRLSCAASGPTYSSYFMAWFRQAPGMEREGVAASSYDGSTTLYADSVKGRFTISQGNAKNTKFLLLNNLEPEDTAIYYCALRRRGWSNTSGWKQPGWYDYWGQGTQVTVSS,49.6,https://doi.org/10.1016/j.bbrc.2021.05.089
F11,EVQLQASGGGLVRPGGSLRLACQYSGREGTTTVGWIRQSPGKEREFVAAIRWTDSRTSHTDSRETTSSDNFKKTAYLQMNGLKPEDTALYYCTEDTWNSYYTGTAAGWSQGTQVTVSS,50,https://doi.org/10.1016/j.btre.2015.01.001
D1,EVQLQASGGGLVQPGGSLRLACQYSGREGTTTVGWFRQSPGKEREFVAAIRWTDSRTPHTDSRFTTSSDNFKKTAYLDMNGLKPEDTALYYCTEDTWNSYYTGTAADWSQGTQVTVSS,50,https://doi.org/10.1016/j.btre.2015.01.001
WE11f,DVQLQASGGGLVQPGGSLGLSCAASGRTFSRYAMAWFRQAPGKEREFVAAISRSGHATRYADSAAESRFTISRDNAKNTVYLQMNSLKPEDTAVYYCAAPASERTVLPGTERDEYDYWGQGTQVTVSS,50,https://doi.org/10.3390/antib7040044
Nb02-M7  ,EVQLQASGGGLVQAGGSLRLSCAASGFTNERSQNMGWFRQAPGKEREGVACISSRVVECWYADSVKGRFTISRDNAKNTVYLQMNSLKPEDTAVYYCAAPRAITWHVAVGEHMCDYWGQGTQVTVSS,50.74,https://doi.org/10.3390/ijms20174187
VHH212,MVQLQESGGGSVQAGGSLRLSCVASGDTASMYCMGWFRQAPGKEREEVATIDSDGSVSIADSLKGRFTISKDSANNALYLHMNSLRPEDTANYYCAAGRPPCGSIFKPGYYYYGMDYWGKGTLVTVSS,50.75,https://doi.org/10.20892/j.issn.2095-3941.2020.0568
WD11f,EVQLQASGGGLVQSGGSLRLSCAGSGGTESSYRMAWFRQAPGTERVFVARVSDGGGSILYADSAKGRFTISRDNGKNTIHLQMFSLKPEDTAVYFCAAAFSWMPPSTVAADYEYWGQGTQVTVSS,51,https://doi.org/10.3390/antib7040044
EBOV-GP-D1 ,EVQLQASGGGLVQPGGSLRLSCTASGSIFSINAMGWYRQTPRKERELVAAISEGGSTKYGDSVKGRFTISRDFAKNTQMVYLQMNSLKAEDTAVYYCKAQTEGPIADWGTSQYEYWGQGTQVTVSS,51,https://doi.org/10.1186/s12934-017-0837-z
cAbPSA-N7_RE,DVQLQESGGGSVQAGGSLRLSCVASGWIYIPPRMAWFRQAPGKERERVATINPSGRTYYADSTKGRFTISQDNVKRTLYLYMNSLKPEDTATYYCAADDGTEPRMEFDDWGQGTQVTVSS,51,https://doi.org/10.1074/jbc.M111.242818
Nb02-M5  ,EVQLQASGGGLVQAGGSLRLSCAASGFTNERSQNMGWFRQAPGKEREGVACISSRVVECWYADSVKGRFTISRDNAKNTVYLQMNSLKPEDTAVYYCAAPRAITWHVFVGEHMCDYWGQGTQVTVSS,51.16,https://doi.org/10.3390/ijms20174187
cAbPSA-NB ,DVQLQESGGGLVQPGGSLRLSCAASGFLFSDTYMTWARQAPGKGLEWLGGISKDGSGTLYEDSVEGRFTISRDNAKNTLYLQMNSLKSEDTALYYCSTGALLPTRPQGQGTQVTVSS,51.5,https://doi.org/10.1016/j.jmb.2008.01.022
Nb7,QVQLQESGGGSVQAGGSLRLSCESSGMTFSVYNLGLRQAPGQECELSTITRDGSTDYADSMKGRFTISRDNAKNTMYLQMTSLKPDDTAVYYCAAGVGVVDCTEGQGTQVTVSS,51.8,https://doi.org/10.1016/j.bbrc.2021.05.089
DC7,EVQLQASGGGSVQAGGSLRLSCAHSSITVPDYTIGWYRRAPGKGGEEVSLISMHGGRTWYAGSVKGRFAISRDSVKNTVYLQMNNLKPEDTDIYYCGGTTFGLAAAPNEYDSWGQGSQVTVSS,52,https://doi.org/10.1038/s41598-018-35923-1
M28C ,DVQLQASGGGLVQAGGSLRLSCAASGSTFSIKHHGWYRRAPGNQREWVAGINSENITNVAGAVKGRFTISRDNAKNTVYLQMNSLKVEDTAVYFCYAQDNDYRFLHRFWGQGTQVTVSS,52,https://doi.org/10.1016/j.molimm.2016.09.013
VHH_WT,QVQLVESGGSLVQPGGSLRLSCAASGRFAESSSMGWFRQAPGKEREFVAAISWSGGATNYADSAKGRFTLSRDNTKNTVYLQMNSLKPDDTAVYYCAANLGNYISSNQRLYGYWGQGTQVTVSS,52.35,https://doi.org/10.1021/acs.nanolett.9b02062
Nb_21,QVQLQESGGGLVQAGGSLRLSCTALRSVGSENGMGWYRQSPGNQRELVATVTSDTSTTYRDSVKGRFAISRDSAKTVSLQMNNLKPEDTAVYYCADEEGHHLLNRRSTVWYWGQGTQVTVSS,53,https://doi.org/10.3390/ijms21010310
Cc3-m9 ,QVKLQASGGGSVQAGGSLRLSCVTSQNLFEYYTMGWYRQVPGSQRERVALINNGGSTVAGSVKGRFTISRDHAKNSVYLQMNYLKREDSAVYYCRAFGPADYWGQGTQVTVSS,53,https://doi.org/10.3389/fmed.2021.626028
C1,QVKLQASGGGLVQAGGSLRLSCAASGRTFSTYGVGWFRQAPGKEREFVAGISWNGDSTYYAPSVKGRFTISRDNTKNTAYLQMNSLKPEDTAVYYCAVGTISYSLRYAAPASYDYWGQGTQVTVSS,53,https://doi.org/10.1371/journal.pone.0008818
D16,QVKLQASGGGLAQPGGSLTLSCAASGRTLDTYVMGWFRQAPGKEREFVAAIRWNGGNVYYGDSPKGRFTISRDSAKNTVYLQMNSLNSEDTAVYYCAARGPNPGTRYFYTDEKSTDWFRDWGQGTQVTVSS,53,https://doi.org/10.1371/journal.pone.0008818
DD6,EVQLQASGGGSVQAGGSLRLSCAHSSITVPDYTIGWYRRAPGKGGEEVSLISMHGGRTWYAGSVKGRFAISRDSVKNTVYLQMNNLKPEDTDIYYCGGTTFGLAAAPNEYDSWGQGSQVTVSS,53,https://doi.org/10.1038/s41598-018-35923-1
H3,EVQLQASGGGLVQGGDSLRLSCAASGRTLSDYGVAWFRQAPGKEREFVSVIGRSTIITDYANSVKGRITISRDNAKNAVYLQMNSLKPEDTAVYYCAVITNPVYATSRNSDDYGYWGQGTQVTVSS,53,https://doi.org/10.1016/j.btre.2015.01.001
cAbPSA-N7_TH,DVQLQESGGGSVQAGGSLRLSCVASGWIYIPPTMAWFRQAPGKERERVATINPSGRTYYADSTKGRFTISQDNVKRTLYLYMNSLKPEDTATYYCAADDGTHPRMEFDDWGQGTQVTVSS,53,https://doi.org/10.1074/jbc.M111.242818
cAbPSA-N7_TG,DVQLQESGGGSVQAGGSLRLSCVASGWIYIPPTMAWFRQAPGKERERVATINPSGRTYYADSTKGRFTISQDNVKRTLYLYMNSLKPEDTATYYCAADDGTGPRMEFDDWGQGTQVTVSS,53,https://doi.org/10.1074/jbc.M111.242818
cAbPSA-N7_TA,DVQLQESGGGSVQAGGSLRLSCVASGWIYIPPTMAWFRQAPGKERERVATINPSGRTYYADSTKGRFTISQDNVKRTLYLYMNSLKPEDTATYYCAADDGTAPRMEFDDWGQGTQVTVSS,53,https://doi.org/10.1074/jbc.M111.242818
cAbPSA-N7_SG,DVQLQESGGGSVQAGGSLRLSCVASGWIYIPPSMAWFRQAPGKERERVATINPSGRTYYADSTKGRFTISQDNVKRTLYLYMNSLKPEDTATYYCAADDGTGPRMEFDDWGQGTQVTVSS,53,https://doi.org/10.1074/jbc.M111.242818
LaG16,QVQLVESGGRLVQAGDSLRLSCAASGRTFSTSAMAWFRQAPGREREFVAAITWTVGNTILGDSVKGRFTISRDRAKNTVDLQMDNLEPEDTAVYYCSARSRGYVLSVLRSVDSYDYWGQGTQVTVSS,53.6,"https://doi.org/10.1038/s41598-020-62606-7, https://doi.org/10.1002/pro.4383"
NbD5,QVQLQESGGGSVQAGGSLRLSCAVSGYTYSSYSIGWFRQAPGKEREGVAAINSGGSTNYAGSVEGRFTISQDNAKNTVSLLMNSLKPEDTATYYCAVGAFFTLRPTLYNYKGQGTQVTVSS,53.6,https://doi.org/10.1038/s41598-018-26338-z
CC3-m9hop ,QVKLQASGGGSVQAGGSLRLSCVTSQNLFEYYTMGWYRQVPGSQRERVALINNGGSTVAGSVKGRFTISRDHAKNSVYLQMNYLKREDSAVYYCRAFGPADYWGQGTQVTVSS,54,https://doi.org/10.3389/fmed.2021.626028
CH5 ,EVQLQASGGGSVQAGGSLRLSCVASQNLFEYYTMGWYRQVPGSQRERVALINNGDSNVAGSVEGRFTISRDNAKNSIYLQMNNLKPEDSAVYYCRAFGPADYWGQGTQVTVSS,54,https://doi.org/10.1016/j.molimm.2018.11.016
WE10 ,DVQLQASGGGLVQAGGSLRLSCVASGLTFVNYAIDWYRQAPGKEREVVAGMWNDGVAYYGDFVKGRFTIARDNAKNTVYLQMNNLKPEDTAVYFCGARSRPNLQYDYWGQGTQVTVSS,54,https://doi.org/10.3390/antib7040044
EBOV-GP-E7 ,DVQLQASGGGLVQAGGSLRLSCAASSGTFSSYTMGWFRQAPGKERELVARLSQSLTTLYADSVKGRFTISRDNAENTVYLQNNSLKPEDTGVYYCAAHPGTYGSAWLISPHDYAYWGQGTQVTVSS,54,https://doi.org/10.1186/s12934-017-0837-z
Sb14,QVQLVESGGGLVQAGGSLRLSCAASGFPVQAREMEWYRQAPGKEREWVAAIKSTGTYTAYAYSVKGRFTISRDNAKNTVYLQMNSLKPEDTAVYYCYVYVGSSYIGQGTQVTVSS,54.4,https://doi.org/10.21203/rs.3.rs-625642/v1
Nb_7,QVQLQESGGGLVQAGGSLRLSCTAFRSVGVIDVMGWYRQAPGKQRELVATVTSGSSTTYADSVKGRFAISRDNAKTVSLQMNSLKPEDTAVYYCADDDEGKLLNRRSVWYYWSQGTQVTVSS,54.5,https://doi.org/10.3390/ijms21010310
Z1_I56V,QVQLVESGGGLVQAGDSLRLSCAASGRTFSGYAMGWFRQAPGKEREFVARVNWSGTLTYYADSVKGRFTGSRDNAKNTVYLQMNSLKPEDTAVYYCAQRGDSGSNYDPSGYSYWGQGTQVTVSS,55,https://doi.org/10.1038/s41598-021-98977-8
CC3-m7hop ,QVKLQASGGGSVQAGGSLRLSCVTSQNLFEYYTMGWYRQVPGSQRERVALINNGGSTVAGSVVGRFTISRDHAKNSVYLQMNYLKPEDSAVYYCRAFGPADYWGQGTQVTVSS,55,https://doi.org/10.3389/fmed.2021.626028
CC3-m6hop ,QVKLQASGGGSVQAGGSLRLSCVTSQNLFEYYTMGWYRQVPGSQRERVALINNGGSTVAGSVEGRFTISRDHAKNSVYLQMNYLKPEDSAVYYCRAFGPADYWGQGTQVTVSS,55,https://doi.org/10.3389/fmed.2021.626028
CA6 ,EVQLQASGGGLVRPGGSLRLSCAASGSFFTIDTMAWYRQAPGRRRELVARQSSGRSPDVDDSVVGRFTISRDIAKSSVYLQMDSLQPEDTALYYCYQSIRPWPGSSYEAHWGQGIQVIVSS,55,https://doi.org/10.1016/j.molimm.2018.11.016
Ad,EVQLQASGGGLVQPGGSLRLPCAASGLIFGSYAMGWFRQAPGKAREFVAAISWSGGDTYADSVKGRFTISRDNAKNTVYLQMNSLEPEDTAVYSCAAVGSKYYISKDAKDYGYWGQGTQVTVSS,55,https://doi.org/10.1371/journal.pone.0149393
E9,EVQLQASGGGLVQGGDSLRLSCAASGRTLSVYGVAWFRQAPGKEREFVSVISRSTIITDYANSVKGRFTISRDNAKNAVYLQMNSLKPEDTAVYYCAVITNPVYATSRNSDDYGYWGQGTQVTVSS,55,https://doi.org/10.1016/j.btre.2015.01.001
NRL-N-B6,EVQLQASGGGLVQAGDSLRLSCVAVSGRTISTFAMGWFRQAPGKEREFVATINWSGSSARYADPVEGRFTISRDDAKNTVYLEMSSLKPGDSAVYYCASGRYLGGITSYSQGDFAPWGQGTQVTVSS,55,https://pubs.acs.org/doi/10.1021/acs.analchem.1c00677
NRL-N-B6-hop,EVQLQASGGGLVQAGDSLRLSCVAVSGRTISTFAMGWFRQAPGKEREFVATINWSGSSARYADPVEGRFTISRDDAKNTVYLEMSSLKPGDSAVYYCASGRYLGGITSYSQGDFAPWGQGTQVTVSS,55,https://pubs.acs.org/doi/10.1021/acs.analchem.1c00677
DH4,DVQLQASGGGVVQAGGSLRVSCAATGIAFASYAVAWYRQAPGKQREWVATVGGLGGTKYVDSVRGRFTISRDNAKNAVTLQMNSLKPEDTAVYYCAAVEWDDGHYYWDTWGQGTRVTVSS,55,https://doi.org/10.1038/s41598-018-35923-1
VP40-A2,DVQLQASGGGLVQAGGSMRLSCAASGMTFSIGDMGWYRQAPGKQRESVATISRRGSTNYADSVQGRFTISRDNTKDTIDLQMISLKPGDTAVYYCTAITHPPFDLNYWGQGTQVTVSS,55,https://doi.org/10.1016/j.jim.2017.01.005
Z18_N85S,QVQLVESGGGLVQAGDSLRLSCAASGRTFSGYAMGWFRQAPGKEREFVARINWSGTLTYYADSVKGRFTGSRDNAKSTVYLQMNSLKPEDTAVYYCAQRGDSGSNYDPSGYSYWGQGTQVTVSS,56,https://doi.org/10.1038/s41598-021-98977-8
Z18_T61L,QVQLVESGGGLVQAGDSLRLSCAASGRTFSGYAMGWFRQAPGKEREFVARINWSGLLTYYADSVKGRFTGSRDNAKNTVYLQMNSLKPEDTAVYYCAQRGDSGSNYDPSGYSYWGQGTQVTVSS,56,https://doi.org/10.1038/s41598-021-98977-8
CC3-m7 ,QVKLQASGGGSVQAGGSLRLSCVTSQNLFEYYTMGWYRQVPGSQRERVALINNGGSTVAGSVVGRFTISRDHAKNSVYLQMNYLKPEDSAVYYCRAFGPADYWGQGTQVTVSS,56,https://doi.org/10.3389/fmed.2021.626028
CC3-m8hop ,QVKLQASGGGSVQAGGSLRLSCVTSQNLFEYYTMGWYRQVPGSQRERVALINNGGSTVAGSVKGRFTISRDHAKNSVYLQMNYLKPEDSAVYYCRAFGPADYWGQGTQVTVSS,56,https://doi.org/10.3389/fmed.2021.626028
L1-E2,EVQLQASGGGLVQPGGSLRLSCAASGFSISSATMSWVRQAPGKGLEWVSTVQDGAGIISSADSAKARFTISRDSAKNTLYLQMNSLKPEDTAVYYCRTVVFGRILRGQGTQVTVSS,56,https://doi.org/10.1371/journal.pone.0106263
M24E ,DVQLQASGGGLVQAGGSLRLSCAASGSTFSIKHHGWYRRAPGNQREWVAGISSENITNVAEAVKGRFTISRDNAKNTVYLQMNSLKVEDTAVYYCYAQDNDYRFLHREWGQGTQVTVSS,56,https://doi.org/10.1016/j.molimm.2016.09.013
NbD10,QVQLQESGGGSVQSGGSLTLSCAASRYTYRPRTMAWYRQAPGKEREFVSTISSNGNTKYRDSVKGRFTISQNNAKNTVYLQMNSLKPEDTAMYYCYMYNGDPFWGQGTQVTVSS,56.15975124,https://doi.org/10.1038/s41598-018-26338-z
Sb16,QVQLVESGGGLVQAGGSLRLSCAASGFPVAYKTMWWYRQAPGKEREWVAAIESYGIKWTRYADSVKGRFTISRDNAKNTVYLQMNSLKPEDTAVYYCIVWVGAQYHGQGTQVTVSS,56.5,https://doi.org/10.21203/rs.3.rs-625642/v1
CC3-m6 ,QVKLQASGGGSVQAGGSLRLSCVTSQNLFEYYTMGWYRQVPGSQRERVALINNGGSTVAGSVEGRFTISRDHAKNSVYLQMNYLKPEDSAVYYCRAFGPADYWGQGTQVTVSS,57,https://doi.org/10.3389/fmed.2021.626028
E4,QVKLQASGGGLVQAGGSLRLSCAASGRTFSNFAMGWFRQAPGKEREFVAALSWSNGSTAYPDAMKGRFTISRDNAGNTGYLQMNTLKPEDTAVYYCAAVERPRARIPVGSYEFTSWGQGTQVTVSS,57,https://doi.org/10.1371/journal.pone.0008818
F5  ,QVKLQASGGGLVQAGGSLRLSCAASGGAFSSYSMAWVRQVPGKEREFVAAISTGGAVTKYADSVKGRFTISRDNPKNTVSLQMNSLKTEDTAVYYCAGRRGTGRRWNDGYNYWGQGTQVTVSS,57,https://doi.org/10.1371/journal.pone.0008818
L1-C5,EVQLQASGGGLVQAGGSLRLSCIASGRAFSTTNMGWFRQAPGKEREFVTRVNWSGGVTSYADSVKGRFTLSRDYTKNTVYLQMNSLKPEDTAVYYCAGSTVWSTDRAHYNYWGQGTQVTVSS,57,https://doi.org/10.1371/journal.pone.0106263
A4,EVQLQASGGGLVQAGESLRLSCVASGSSLSLNAKAWYRQAPGKLRELVAAIGSGGSTVYSDSVKGRFIISRDDAKNTIYLQMNSLKPEDTAVYYCNRGGHWGQGTQVTVSS,57,https://doi.org/10.3390/antib7040036
cAbAn33_RE,DVQLVESGGGSVQAGGSLRLSCAVSGSTYSPRTTGWYRQAPGKEREWVSSISSPGTIYYQDSVKGRFTISRDNAKNTVYLQMNSLQREDTGMYYCQIQEGVRSIREYWGQGTQVTVSS,57,https://doi.org/10.1074/jbc.M111.242818
cAbPSA-N7_TP,DVQLQESGGGSVQAGGSLRLSCVASGWIYIPPTMAWFRQAPGKERERVATINPSGRTYYADSTKGRFTISQDNVKRTLYLYMNSLKPEDTATYYCAADDGTPPRMEFDDWGQGTQVTVSS,57,https://doi.org/10.1074/jbc.M111.242818
VP40-H1,DVQLQASGGGLVQAGGSLRLSCAASGMTFSIGDMGWYRQAPGKQRESVATISRRGSTNYADSVQGRFTISRDNTKDTIDLQMISLKPGDTAVYYCTAITHPPFELNYWGQGTQVTVSS,57,https://doi.org/10.1016/j.jim.2017.01.005
VACC-C5,DVQLQASGGGLVQAGGFLRLSCAASGRTFSSTAMGWFRQAPGKERDFVAVIMRDDGRTDYAASVEGRFTISKDSATNTVYLQMNSLKPEDTAIYFCGVQSYRRGNYYRPANYNYWGQGTQVTVSS,57,https://doi.org/10.1371/journal.pone.0106263
NbPep29,QVQLQESGGGSVQSGGSLRLSCAASGYSSCMGWFRQAPGKEREGVALIASRTGWTYYSDTVKGRFTISQDNAKSTMYLQMNSLKPEDTAIYYCAADRGRGNRCPAIWQYDSRGQGTQVTVSS,57.35,https://doi.org/10.1038/s41598-018-26338-z
Nb02-M1  ,EVQLQASGGGLVQAGGSLRLSCAASGFTNERSQNMGWFRQAPGKEREGVACIQSRVVECWYADSVKGRFTISRDNAKNTVYLQMNSLKPEDTAVYYCAAPRAITWHSFVGEHMCDYWGQGTQVTVSS,57.47,https://doi.org/10.3390/ijms20174187
NbPep52,EVQLVESGGGLVQPGGSLRLSCAASQNIFNIPVMGWYRQAPGKQRELVGTINGEGRTTYADSVKGRFTISRDNAKSTLYLQMNFLKPEDTALYYCARDLARYAFQWGQGTQVTVSS,57.74885572,https://doi.org/10.1038/s41598-018-26338-z
Nb147 ,QVQLQESGGGSVQPGGSLRLSCAASGHTFSNLDMGWYRQAPGKKREFVAVSRWRDGSTFYADSVRGRFTISRDNAKNTVYLQMNSLEPEDTAVYYCDDDDGGGGKRTVYYYWGQGTQVTVSS,57.8,https://doi.org/10.1016/j.foodchem.2021.129481
W25UACh,QVQLVESGGGLVQPGESLRLSCAASGSIFGIYAVHWFRMAPGKEREFTAGFGSHGSTNYAASVKGRFTMSRDNAKNTTYLQMNSLKPADTAVYYCHALIKNELGFLDYWGPGTQVTVSS,57.9,https://doi.org/10.1101/2020.06.09.137935
Nb1,QVQLQESGGGSVQAGGSLKLSCAASGGAYRNACMGFRQAPGKEREGAIINSVDTTYYADPVKGRFTISRDNAKSTVYLLMNSLKPEDTAIYYCAQVARVVCPGDKLGASGYNYWGQGTQVTVSS,57.9,https://doi.org/10.1016/j.bbrc.2021.05.089
NbD8,QVQLQESGGGSVQAGGSLRLSCAASGYTYGSNSMGWFRQAPGKEREGVATIDRGGGRTLYTDSVKGRFTISQDNAKNTVYLQMNSLKPEDTAMYYCAADDNWRGDGLDPSDFDYWGQGTQVTVSS,57.95,https://doi.org/10.1038/s41598-018-26338-z
Z18_Y114F,QVQLVESGGGLVQAGDSLRLSCAASGRTFSGYAMGWFRQAPGKEREFVARINWSGTLTYYADSVKGRFTGSRDNAKNTVYLQMNSLKPEDTAVYYCAQRGDSGSNFDPSGYSYWGQGTQVTVSS,58,https://doi.org/10.1038/s41598-021-98977-8
Z18_G32D,QVQLVESGGGLVQAGDSLRLSCAASGRTFSDYAMGWFRQAPGKEREFVARINWSGTLTYYADSVKGRFTGSRDNAKNTVYLQMNSLKPEDTAVYYCAQRGDSGSNYDPSGYSYWGQGTQVTVSS,58,https://doi.org/10.1038/s41598-021-98977-8
Nb_12,QVQLQESGGGLVQPGGSLRLSCAASGFTFGSYDMAWVRQAPGKGPEWVSSINSSGGSTEYASSVKGRFTVSRDNAKNMLYLQMDRLKLEDTAVYYCADEGNPSTTWYYEDQGTQVTVSS,58,https://doi.org/10.3390/ijms21010310
Nb_22,QVQLQESGGGLVQAGGSLRLSCTAFRSVGVIDVMGWYRQAPGTQRELVATVTSSSSTTYADSVKGRFAISRDDAKTVSLQMNSLKPEDTAVYYCADDEEGLLNNRRSSVWYWGQGTQVTVSS,58,https://doi.org/10.3390/ijms21010310
Nb_16,QVQLQESGGGLVQAGGSLRLSCASSGSILSMNVMGWYRQAPGKQREMVAQITRIGDTNYSSSMKGRFTISRDNADNTLYLQMNRLEPEDTAVYFCANNNRSTYYYYWGQGTQVTVSS,58,https://doi.org/10.3390/ijms21010310
CC3-m8 ,QVKLQASGGGSVQAGGSLRLSCVTSQNLFEYYTMGWYRQVPGSQRERVALINNGGSTVAGSVKGRFTISRDHAKNSVYLQMNYLKPEDSAVYYCRAFGPADYWGQGTQVTVSS,58,https://doi.org/10.3389/fmed.2021.626028
F8  ,QVKLQASGGGLVQPGGSLRLSCAASGRSFTDYRMGWFRQAPGKEREFVAAVRSNGGLLHAGSVKGRFTVSRDNGKNMLFLQMTSLKPEDTGVYTCAVGSNWKGSSTSSGGYDYWGQGTQVTVSS,58,https://doi.org/10.1371/journal.pone.0008818
C6,QVKLQASGGGLVQPGGSLRLSCAASGRAISAYIMAWFRQVPGKEREFVAGTHWNARSTYYDDSAEGRFTISRDNAKNTVYLEMNSLKPEDTAVYFCAQDQSPYGTSLSLRGSKYWGQGTQVTVSS,58,https://doi.org/10.1371/journal.pone.0008818
Z18_V2L,QLQLVESGGGLVQAGDSLRLSCAASGRTFSGYAMGWFRQAPGKEREFVARINWSGTLTYYADSVKGRFTGSRDNAKNTVYLQMNSLKPEDTAVYYCAQRGDSGSNYDPSGYSYWGQGTQVTVSS,58,https://doi.org/10.1038/s41598-021-98977-8
C5,EVQLQASGGGLVQPGGSLRLSCVASGIDFSTNVPTWYRQAPGKQRDLVAVITTNGLTRYADSVKGRFTISKDNAKNAVYLQMNSLKPEDTAVYYCNAFVGLTDYWGQGTQVTVSS,58,https://doi.org/10.3390/antib7040036
BclA_H3,EVQLQASGGGLVQPGGSLRLSCAASGTSISDRAMTWYRQAPGKQRELVATIRSVGTTLYGDSVKGRFTISRDNAKNTVYLQLNSLMPEDTAVYYCMTGGWSGQGTQVTVSS,58,https://doi.org/10.3390/antib2010152
C8,EVQLQASGGGLVQGGDSLRLSCAASGRTLGDYGVAWFRQAPGKEREFVSVISRSTIITDYANSVKGRFTISRDNAKNAVYLDMNSLKPEDTAVYYCAVIANPYYATSRNSDDYGHWGQGTQVTVSS,58,https://doi.org/10.1016/j.btre.2015.01.001
CC3-m5hop ,EVKLQASGGGSVQAGGSLRLSCVTSQNLFEYYTMGWYRQVPGSQRERVALINNGGSTVAGSVEGRFTISRDHAKNSVYLQMNYLKPEDSAVYYCRAFGPADYWGQGTQVTVSS,58,https://doi.org/10.3389/fmed.2021.626028
F8,DVQLQASGGGLAQAGGSLRLSCAYSGDTVNDYGMGWFRQVPGKGREFVAAIRASGGGTEYLDSVKGRFTISRDNRNTATLDMNDLRPDSTAVYYCALSMGGYAYRAFERYNYRGQGTQVTVSS,58,https://doi.org/10.1016/j.btre.2015.01.001
NbD4,QVQLQESGGGSVQGGGSLRLSCAASGDTFSRKIMAWFRQAPDKEREGLATIDPDGTMKSYADSARGRFTISRDNAKSAVYLQMNSLKPEDTAVYYCATKLTWYGAYQSWGQGTQVTVSS,58.5,https://doi.org/10.1038/s41598-018-26338-z
NbPep6,QVQLQESGGGSVQAGGSLRLSCEVSGYSETTYRIGWFRLPPGLETREEVAFINFGGDSTLYANSVKGRFTISQDNTKNTVYLLMNSLKPEDTAIYYCALSARWYKRAEPDFDYWGQGTQVTVSS,58.6,https://doi.org/10.1038/s41598-018-26338-z
Z18,QVQLVESGGGLVQAGDSLRLSCAASGRTFSGYAMGWFRQAPGKEREFVARINWSGTLTYYADSVKGRFTGSRDNAKNTVYLQMNSLKPEDTAVYYCAQRGDSGSNYDPSGYSYWGQGTQVTVSS,59,/
DD7,EVQLVQSGGGSVQAGGSLRLSCAHSSITVPDYTIGWFRRAPGKGGEEVSLISMHGGRSWYAGSVKGRFAISRDSVKNTVYLQMNNLKPEDTDIYYCGGTTFGLAAAPNEYDSWGQGSQVTVSS,59,https://doi.org/10.1038/s41598-018-35923-1
DD9,EVQLQASGGGLVQAGGSLRVSCAASGIAFTNYALAWYRQPPGKQREWVATVGVLGGTKYADSVKGRFAISRDNAKNTVILQMNSLKPVDTAVYFCAAVEWSNGRYYWDSWGQGTQVTVSS,59,https://doi.org/10.1038/s41598-018-35923-1
CH6 ,EVQLQASGGGLVQAGGSLRLSCAASQNIFSINVMGWYRQAPGEQRELVAAITSGGSTNVADSVKGRVTISRDNAKNTVYLQMNSLKPEDTAVYYCAAEETYYSGSYYGDMEYWGQGTQATVSS,59,https://doi.org/10.1016/j.molimm.2018.11.016
VACC-C11,EVQLQASGGGLVQAGGSLRLSCAASGSTGSIIVMSWHRQAPGNQRELVAGISSSGTVNYVDSVKGRFTISRDNAKNTVYLQMNSLKPEDTAVYYCNAWLGRSAGTSWGQGTQVTVSS,59,https://doi.org/10.1371/journal.pone.0106263
Cd,EVQLQASGGGLVQAGGSLRLPCAASGRTFGSYAMGWFRQAPGKEREFVAAISWSGGDTYADSVKGRFTISRDNAKNTVYLQMNSLEPEDTAVYWCAAVRARYYISKVAEDYGYWGQGTQVTVSS,59,https://doi.org/10.1371/journal.pone.0149393
CC3-m5 ,EVKLQASGGGSVQAGGSLRLSCVTSQNLFEYYTMGWYRQVPGSQRERVALINNGGSTVAGSVEGRFTISRDHAKNSVYLQMNYLKPEDSAVYYCRAFGPADYWGQGTQVTVSS,59,https://doi.org/10.3389/fmed.2021.626028
cAbAn33_FE,DVQLVESGGGSVQAGGSLRLSCAVSGSTYSPFTTGWYRQAPGKEREWVSSISSPGTIYYQDSVKGRFTISRDNAKNTVYLQMNSLQREDTGMYYCQIQEGVRSIREYWGQGTQVTVSS,59,https://doi.org/10.1074/jbc.M111.242818
cAbLys3_SP,DVQLQASGGGSVQAGGSLRLSCAASGYTIGPYSMGWFRQAPGKEREGVAAINMGGGITYYADSVKGRFTISQDNAKNTVYLLMNSLEPEDTAIYYCAADSTIYASYYEPGHGLSTGGYGYDSWGQGTQVTVSS,59,https://doi.org/10.1074/jbc.M111.242818
E1,DVQLQASGGGLVQTGGSLRLSCENSGRALRIMGWFRQAPGKEREFVATINRNGESTYYSDSVKGRFTISRDNNKNTVYLQMNNLKPEDTGVYNCAADRPGPTQIKTRADDYDYWGEGTQVTVSS,59,https://doi.org/10.3390/antib9040071
Z18_S133R,QVQLVESGGGLVQAGDSLRLSCAASGRTFSGYAMGWFRQAPGKEREFVARINWSGTLTYYADSVKGRFTGSRDNAKNTVYLQMNSLKPEDTAVYYCAQRGDSGSNYDPSGYRYWGQGTQVTVSS,60,https://doi.org/10.1038/s41598-021-98977-8
NbR2    ,QVQLQESGGGLVQAGGSLRLSCAASGRATSGHGHYGMGWERQVPGKEREFVAAIRWSGKETWYKDSVKGRFTISRDNAKTTVYLQMNSLKPEDTAVYYCAARPVRVDDISLPVGFDYWGQGTQVTVSS,60,https://doi.org/10.1110/ps.34602
C20    ,QVKLEESGGGLVQPGGSLRLSCVGSGSISSFNGMGWYRQVPGKQRELVAFISSGGRSKYTDSVKGRFTISGDNAKSTVYLQMINLKPEDTAVYYCNVGSVLSYVTGNYYEPSDYWGQGTQVTVSS,60,https://doi.org/10.1016/j.toxicon.2017.02.008
CC3    ,EVQLQESGGGSVQAGGSLRLSCVTSQNLFEYYTMGWYRQVPGSQRERVALINNGGSTVAGSVEGRFTISRDHAKNSVYLQMNYLKPEDSAVYYCRAFGPADYWGQGTQVTVSS,60,https://doi.org/10.3389/fmed.2021.626028
EBOV-GP-A8 ,EVQLQASGGGLVQPRGSLRLSCAASGSIFSINAMGWYRQTPEKQRELVATISSSGSTKYGDSVKGRFTISRDNAKNTVYLQMNSLKPEDTAVYYCNTQTAGLVADWGTSHYDYWGQGVQVTVSS,60,https://doi.org/10.1186/s12934-017-0837-z
VACC-E7,EVQLQASGGGLVQPGGSLRLACVASGFTLEYSAIGWFRQAPGKEREAVSRIRNRDGRAIYADSVKDRFTISRDNAKSTVYLQMDSLKPEDTATYYCGRHIGVRSSWALPSEYDYWGQGTQYIYSS,60,https://doi.org/10.1371/journal.pone.0106263
L1-H7,EVQLQASGGGLVQAGGSLRLSCIASGRAFSTTNMGWFRQAPGKEREFVTRVNWSGGVTSYADSVKGRFTLSRDNTKNTVYLQMNSLKPEDTAVYYCAGSTVWSTDRAHYNYWGRGTQVTVSS,60,https://doi.org/10.1371/journal.pone.0106263
L1-E6,EVQLQASGGGLVQAGGSLRLSCIASGRAFSTTNMGWFRQAPGKEREFVTRVNWSGGVTSYADPVKGRFTLSRDNTKNTVYLQMNSLKPEDTAVYYCAGSTVWSTDGAHYNYWGQGTQVTVSS,60,https://doi.org/10.1371/journal.pone.0106263
VACC-A5,EVQLQASGGGLVQAGGSLRLSCAASGRAIDSLGMGWFRQAPGKEREFVAVARRSARRTYYADSVKGRFTVSRDNAKNTVYLQMSSLKPEDTAVYYCAADPSVISTDYEDAKEYDYWGQGTQVTVSS,60,https://doi.org/10.1371/journal.pone.0106263
E6,EVQLQASGGGLVQAGGSLKVSCVASGFARSPYTMKWYRQAPGKQRELVAAVSSGGNPIYAESVRGRFTISRDNTKNTVWLQMDSMNPEDTAVYYCNYGNHWGQGTQVTVSS,60,https://doi.org/10.3390/antib7040036
EBOV-GP-B5 ,EVQLQASGGGLAQAGGSLQLSCAAPGRPVRTYTMGWFRQAPGKEREFVAANNWRGTRYAGSVRGRESISRDNSKNTVYLQMNSLKPEDTAVYYCACAVTADLLLSGNYFRGQDYDYWGQGTQVTVSS,60,https://doi.org/10.1186/s12934-017-0837-z
cAbAn33_SF,DVQLVESGGGSVQAGGSLRLSCAVSGSTYSPSTTGWYRQAPGKEREWVSSISSPGTIYYQDSVKGRFTISRDNAKNTVYLQMNSLQREDTGMYYCQIQFGVRSIREYWGQGTQVTVSS,60,https://doi.org/10.1074/jbc.M111.242818
cAbAn33_NM,DVQLVESGGGSVQAGGSLRLSCAVSGSTYSPNTTGWYRQAPGKEREWVSSISSPGTIYYQDSVKGRFTISRDNAKNTVYLQMNSLQREDTGMYYCQIQMGVRSIREYWGQGTQVTVSS,60,https://doi.org/10.1074/jbc.M111.242818
G11,DVQLQASGGGLVQAGDSLTLSCAASGRTVSPYGVGWFRQAPGREREFVAALSRSGTFTAYADSVKGRFTISRDNAKNTVYLQMNSLKPDDTAVYHCAARSASSYYSTYRKEDDYHYWGQGTQVTVSS,60,https://doi.org/10.3390/antib9040071
WC10 ,DVQLQASGGGLVEAGGSLRLSCTTSGISVRNSDMGWYRQGPGKQRELIARSSRGGATNYLDSVTGRFTISRDNIKNTVFLQMNSLKPEDTAVYYCNTNPINHWNYWGQGTQVTVSS,60,https://doi.org/10.3390/antib7040044
C10,DVQLQASGGELVQPGDSLRLICAHSGREGTTTVGIFRQAPGKEREFVAALRMTDGRISYANSVKERFTISSDNWKKTVYLQMNGLKPEDSALYYCAEDSWYPVVTGTAAYWGQGTQVTVSS,60,https://doi.org/10.1016/j.btre.2015.01.001
Nb02-M3  ,EVQLQASGGGLVQAGGSLRLSCAASGFTNERSQNMGWFRQAPGKEREGVACIQSRVVECWYADSVKGRFTISRDNAKNTVYLQMNSLKPEDTAVYYCAAPRAITGHVFVGEHMCDYWGQGTQVTVSS,60.01,https://doi.org/10.3390/ijms20174187
NbD7,QVQLQESGGGSVQAGGSLRLTCLASGDTTSVDYLGWFRQAPGKKREAVAGLYLEHSRSGLREFYEDDVEGRFTIFQHGARKMVHLQMTNLKPEDSATYYCAAKGESGYWSWRHTIEYWGQGTQVTVSS,60.05,https://doi.org/10.1038/s41598-018-26338-z
NbPep32,QVQLQESGGGSVQAGGSLRLSCAASGHTFCRYDRSWYRQAPGKEREFVSGIDTDGSTTYADSVKGRFTISQDNAKNTLHLQMNSLKPDDTAMYYCKARPVRDRYCLGGYDYWGQGTQVTVSS,60.1,https://doi.org/10.1038/s41598-018-26338-z
H14 ,QVQLQESGGGLVQAGGSLRLSCAASGRTGSTYDMGWFRQAPGKERESVAAINWDSARTYYASSVKGRFTISRDNAKKTVYLQMNSLKPEDTAVYTCGAGEGGTWDSWGQGTQVTVSS,60.1,https://doi.org/10.1021/bi011239a
cAbBCII10_0-0-0,QVQLVESGGGSVQAGGSLRLSATASGGSEYSYSTFSLGWFRQAPGQEREAVAAIASMGGLTYYADSVKGRFTISRDNAKNTVTLQMNNLKPEDTAIYYVAAVRGYFMRLPSSHNFRYWGQGTQVTVSS,60.2,https://doi.org/10.1016/j.jmb.2008.01.022
cAbGFP4_0-0-0,QVQLVESGGALVQPGGSLRLSAAASGEPVNRYSMRWYRQAPGKEREWVAGMSSAGDRSSYEDSVKGRFTISRDDARNTVYLQMNSLKPEDTAVYYVNVNVGFEYWGQGTQVTVSS,60.3,https://doi.org/10.1016/j.jmb.2008.01.022
Nb02-M2  ,EVQLQASGGGLVQAGGSLRLSCAASGFTNERSQNMGWFRQAPGKEREGVACIQSRVVECWYADSVKGRFTISRDNAKNTVYLQMNSLKPEDTAVYYCAAPRAITWTVFVGEHMCDYWGQGTQVTVSS,60.59,https://doi.org/10.3390/ijms20174187
Nb5,QVQLQESGGGLVQPGGSLRLSCAASGFTISTTAMSWVRQAPGKGIEWVSTIFASGETTSYADFVQGRFITSRDNTKNTLYLQLNNLKTEDTAMYFCAAADDFGGLNNRYRGQGTQVTVSS,60.7,https://doi.org/10.1016/j.pep.2017.06.016
NbD11,QVQLQESGGGSVQAGGSLKLSCDASTYTYGGKCMGWFRQAPGKEREFVAFIESDGRTSYADSVKGRFTISQDDAKNTVYLQMNSLKPEDTSMYYCKTAAGAFCGTRSYGFWGQGTQVTVSS,60.75,https://doi.org/10.1038/s41598-018-26338-z
M79-H3,EVQLVESGGGLVQPGGSLRLSCAASGSTFSSSSVGWYRQAPGKQRELVSAITSGGSTNTADSVKGRFTISRDNSKNTLYLQMNSLRAEDTAVYYCNVAGRNWVPISRYSPGPYWGQGTLVTVSS,60.9,https://doi.org/10.1096/fj.201903231R
Z18_R50L,QVQLVESGGGLVQAGDSLRLSCAASGRTFSGYAMGWFRQAPGKELEFVARINWSGTLTYYADSVKGRFTGSRDNAKNTVYLQMNSLKPEDTAVYYCAQRGDSGSNYDPSGYSYWGQGTQVTVSS,61,https://doi.org/10.1038/s41598-021-98977-8
B2  ,QVKLQASGGGLVQAGGSLRLSCAASGRTFSTYALGWFRQAPGKEREFAAAISRNGIIKDYAESVKGRFTISRDNAKNTIYLEMNSLKPEDTAVYYCAATGTVYDYMAHALARSYEFWGQGTQVTVSS,61,https://doi.org/10.1371/journal.pone.0008818
EG2 ,QVKLEESGGGLVQAGDSLRVSCAASGRDFSDYVMGWFRQAPGKEREFVAAISRNGLTTRYADSVKGRFTISRDNDKNMVYLQMNSLKPEDTAVYYCAVNSAGTYVSPRSREYDYWGQGTQVTVSS,61,https://doi.org/10.1186/1475-2859-12-97
VACC-G11,EVQLQASGGGLVQPGGSLRLSCAASGRAIGSLGMGWFRQAPGKEREFVAVTRRSARRTYYADSVKGRFTVSRDNAKNTVYLQMSSLKPEDTAVYYCAADPSVISTDYEDAKEYDYWGQGTQVTVSS,61,https://doi.org/10.1371/journal.pone.0106263
DD1,EVQLQASGGGLVQAGGSLRVSCAATGIAFASYAVAWYRQAPGKQREWVATVGGLGGTKYVDSVKGRFTISRDNAKNAVTLQMNSLKPEDTAVYYCAAVEWDDGHYYWDTWGQGTRVTVSS,61,https://doi.org/10.1038/s41598-018-35923-1
L1-G2,EVQLQASGGGLVQAGGSLRLSCTASGRAFSTTNMGWFRQAPGKEREFVTRVNWSGGVTSYADSVKGRFTLSRDNTKNTVYLQMDSLKPEDTAVYYCAGSTVWSTDRKHYNYWGQGTQVTVSS,61,https://doi.org/10.1371/journal.pone.0106263
EBOV-GP-G3 ,EVQLQASGGGLVEPGGSLRLSCAVSGINFNINHWGWYRQAPGKQREWVATIAIGGATDYADSLKGRFTISRDNMKNTVYLQMSSLRPEDTAVFYCNGVGSKWSDRWGQGTQVTVSS,61,https://doi.org/10.1186/s12934-017-0837-z
cAbAn33_SM,DVQLVESGGGSVQAGGSLRLSCAVSGSTYSPSTTGWYRQAPGKEREWVSSISSPGTIYYQDSVKGRFTISRDNAKNTVYLQMNSLQREDTGMYYCQIQMGVRSIREYWGQGTQVTVSS,61,https://doi.org/10.1074/jbc.M111.242818
cAbAn33_FM,DVQLVESGGGSVQAGGSLRLSCAVSGSTYSPFTTGWYRQAPGKEREWVSSISSPGTIYYQDSVKGRFTISRDNAKNTVYLQMNSLQREDTGMYYCQIQMGVRSIREYWGQGTQVTVSS,61,https://doi.org/10.1074/jbc.M111.242818
NbPep28,QVQLQESGGGSVQAGGSLRLSCAFSGFTYSTFYISWFRQAPGKEREVVASIYRPSSSTYYTNSAKGRFTISQDNVENTVYLQMNSLKPEDTAMYYCAARWRSGKSYDYWGQGTQVTVSS,61.45,https://doi.org/10.1038/s41598-018-26338-z
R11-H3,EVQLVESGGGLVQPGGSLRLSCAASGFLLRSNTMGWYRQAPGKERELVSFIRPSGLTNYNDAVQGRFTISRDNSKNTLYLQMNSLRAEDTAVYYCHTRPPFQRDSWGQGTLVTVSS,61.6,https://doi.org/10.1096/fj.201903231R
cAbPSA-C12,DVQLQESGGGLVRPGGSLRLSCAASGELFSGTYMTWARQAPGKGLEWLCGINKDGSGTLYADSVEGRFTCSRDNAKNTLYLQMNSLKSEDTALYYCSTGALLPTRPQGQGTQVTVSS,61.9,https://doi.org/10.1016/j.jmb.2008.01.022
NbTEM2  ,QVQLVESGGGSVQAGGSLRLSCARSGSTDSRNCMGWFRQAPGKERESVASIYASGSTLYADSVEDRFTISQDNNKNTVYLQMNSLKPDDTAMYYCAAGRSRLGCSTERNSDYWGQGTQVTVSS,62,https://doi.org/10.1110/ps.34602
D22,QVKLQASGGGLVQPGGSLRLSCAASGNIFSDRSMGWYRQAPGKQREYVAAIGAGGSTNYADFVKGRFTISRDNAKNTGYLQMNSLQPEDTAVYYCKLYSAPTTRDARREYWGQGTQVTVSS,62,https://doi.org/10.1371/journal.pone.0008818
CC3-hop   ,EVQLQASGGGSVQAGGSLRLSCVTSQNLFEYYTMGWYRQVPGSQRERVALINNGGSTVAGSVEGRFTISRDHAKNSVYLQMNYLKPEDSAVYYCRAFGPADYWGQGTQVTVSS,62,https://doi.org/10.3389/fmed.2021.626028
EBOV-GP-C12,EVQLQASGGGSVPPGGSLRLSCTASLRAFSTYTMGWFRQAPGKEREFVAASNWRGTDFHDSVRGRFIISRDNTEKTVLQMNSLKPEDTAIYYCAADGSTWLKRSDYSYWGQGTQVTVSS,62,https://doi.org/10.1186/s12934-017-0837-z
VACC-F7,EVQLQASGGGMVQAGESLRLSCVASGRTFRTSTMGWFRQAPGKEREFVAASSWRGGDMDYADSVKDRFIMSRDNAKNTVYLQMNSLRPEDTAVYYCAVSSAGNTRRYLTYHYWGQGTQVTVSS,62,https://doi.org/10.1371/journal.pone.0106263
p5303 F1,EVQLQASGGGLVQAGGSLRLSCLASGRTLNTYAMAWFRRTPEKEPEFLTGIAWSNGVTTHADSVKGRFTISRDSAKNTVYLQMNNLKPEDTGLYSCAAGWRRAYGGSWTRYETGPYDYWGQGTQVTVSS,62,https://doi.org/10.3390/antib2010152
L1-H2,EVQLQASGGGLVQAGGSLRLSCAASGRTLSTGVMGWFRQLPGKEREFVARITWIAGSSLYADSVKGRFTISRDNTNNTVYLQMNALKPEDTAVYYCAANLAGNSWPYKTPMDYDSWGQGTQVTVSS,62,https://doi.org/10.1371/journal.pone.0106263
NRL-N-E2,EVQLQASGGGLVQAGGSLRLSCAASGRTDSTQHMAWFRQAPGKEREFVTAIQWRGGGTSYTDSVKGRFTISRDNAKNTVYLEMNSLKPEDTAVYYCATNTRWTYFSPTVPDRYDYWGQGTQVTVSS,62,https://pubs.acs.org/doi/10.1021/acs.analchem.1c00677
NRL-N-E2-hop,EVQLQASGGGLVQAGGSLRLSCAASGRTDSTQHMAWFRQAPGKEREFVTAIQWRGGGTSYTDSVKGRFTISRDNAKNTVYLEMNSLKPEDTAVYYCATNTRWTYFSPTVPDRYDYWGQGTQVTVSS,62,https://pubs.acs.org/doi/10.1021/acs.analchem.1c00677
EBOV-GP-B11,EVQLQASGGGLVEPGGSLRLSCAVSGINFNINHWGWYRQAPGKQREWVATIAIGGATDYADSLKGRFTISRDNMKNTVYLQMNSLRPEDTAVYYCNGVGSKWSVRWGQGTQVTVSS,62,https://doi.org/10.1186/s12934-017-0837-z
cAbAn33_IM,DVQLVESGGGSVQAGGSLRLSCAVSGSTYSPITTGWYRQAPGKEREWVSSISSPGTIYYQDSVKGRFTISRDNAKNTVYLQMNSLQREDTGMYYCQIQMGVRSIREYWGQGTQVTVSS,62,https://doi.org/10.1074/jbc.M111.242818
NbLys3 ,DVQLQASGGGSVQAGGSLRLSCAASGYTIGPYCMGWFRQAPGKEREGVAAINMGGGITYYADSVKGRFTISQDNAKNTVYLLMNSLEPEDTAIYYCAADSTIYASYYECGHGLSTGGYGYDSWGQGTQVTVSS,62,https://doi.org/10.1110/ps.34602
M110C,DVQLQASGGGLVQPGGSLRLSCVTSESIFRLSTLEWYRQAPGNQRKVVAQITSGGSTHHADSVKGRFTISRDDAKNTVYLQMNNLKPEDTAVYVCSAYVNLTRYWGQGTQVTVSS,62,https://doi.org/10.1016/j.molimm.2016.09.013
M27G ,DVQLQASGGGLVQPGGSLRLSCAASGNIFSINTMAWYRQAPGKQRELVAQITSGGSTYVANSVKGRFTVSRDNTKNTVYLQIDSLNPEDTAVYYCQMPKYDNWGQGTQVTVSS,62,https://doi.org/10.1016/j.molimm.2016.09.013
H1Wneg,DVQLQASGGGLAQDGGSLRLSCAYSGQTVNDYAMAWFRQAPGKEREFVAAIRARGGGTEYLDSVKGRFTISRDNGENTAYLQMDNLQPDDTALYFCALAMGGYAYRAFERYSVWGQGTQVTVSS,62,https://doi.org/10.1016/j.btre.2015.01.001
Sb45,QVQLVESGGGLVQAGGSLRLSCAASGFPVYRDRMAWYRQAPGKEREWVAAIYSAGQQTRYADSVKGRFTISRDNAKNTVYLQMNSLKPEDTAVYYCNVKDVGHHYEYYDYWGQGTQVTVSS,62.1,https://doi.org/10.21203/rs.3.rs-625642/v1
NbPep3,QVQLQESGGGSVQAGGSLRLSCAASGYTYSASSMGWSRQVPGRQREGIAFIYSRSGGTNYADSVKGRFTISQNSAKNMVYLQMDNLKTEDTAMYYCYSMYAGKAYWGQGTQVTVSS,62.45,https://doi.org/10.1038/s41598-018-26338-z
NbD2,QVQLQESGGGSVQAGGSLRLSCAVSENTGRMGWFRQAPGKEREKVAIITRLGGYTSYAGPVKGRFTISQDNAKNTVYLLMNSLKPEDTAIYYCAADSRPIYSGTWRYWGQGTQVTVSS,62.5,https://doi.org/10.1038/s41598-018-26338-z
NbD12,QVQLQESGGGSVQAGGSLRLSCAASGITYSRSTMGWYRQVPGKERELVSSIRWNGSTLYADSVKGRFTISRDNAKNTAYLQMNSLKPEDTAMFYCKAEVVAGPYAGHDYWGQGTQVTVSS,62.95,https://doi.org/10.1038/s41598-018-26338-z
B4  ,QVKLQASGGGLVQPGGSLRLSCAVSGNTDSTMSMGWFRQAPGKEREFVGASIISIDSFVYADSVKGRFAISRDTAKNSVYLQMNSLSPDDTAVYYCAAIYLPSIANAYSTPSSWRQWGQGTQVTVSS,63,https://doi.org/10.1371/journal.pone.0008818
G3m ,QVKLQASGGGLVQAGGSLRLSCAASGRTTSSYAMGWFRQAPGKEREFVAAHSHAGPSTSYADSVKGRFTISRDNAENMVYLQMDSLKPEDTAVYYCTARATGVGVGSFAFSSPGSYPYWGQGTQVTVSS,63,https://doi.org/10.1371/journal.pone.0008818
E6,QVKLQASGGGLVQAGDSLRLSCAASGRTLSIYATGWFRQAPGKEREFVSAIRSTGSDTYYANSVKGRFTIARDNAKNMVYLQMNSLKPEDTAVYYCAAGRGQRLGYSRRQNDYDFWGQGTQVTVSS,63,https://doi.org/10.1371/journal.pone.0008818
F8m ,EVQLVESGGGLVQPGDSLRLSCAASGRSFTDYRMGWFRQAPGKEREFVAAVRSNGGLLHAGSVKGRFTVSRDNGKNMLFLQMTSLKPEDTGVYTCAVGSNWKGSSTSSGGYDYWGQGTQVTVSS,63,https://doi.org/10.1371/journal.pone.0008818
B5,EVQLQASGGGLAQPGGSLRLSCAASGFTLVYYGIGWFRQAPGKEREGVSCISSNDGSTYYADSVKGRFTISRDAAKNTVYLQMNSLKPEDTAVYYCATELGNTHRGSFFPNRRVERCRTDDFASWGQGTQVTVSS,63,https://doi.org/10.3390/antib9040071
D9,EVQLQASGGGLAQAGDSLRLSCAASIRTFGSYAMGWFRQAPGKEREFVAAISWSGGDTYADSAKGRFTISRDNAKNMMYLQMNSLAPEDTAVYFCAIVEAKYYISKDARDYGYWGQGTQVFVSS,63,https://doi.org/10.1371/journal.pone.0149393
BM_GFP2_EL,DVQLQESGGGSVQAGGSLRLSCAASPYFSLRSEVAWFRQAPGKEREGVATIFTSTGSTYYADSVKGRFTISQDNANTVSLQMNSLEPEDAAMYYCAIEGRPMIGGPSLSMGSPNSYTYWGQGTQVTVSS,63,https://doi.org/10.1074/jbc.M111.242818
NbD9,QVQLQESGGGSVQAGGSLRLSCVASGYLFSLRGMGWYRQAPGKERELVSIISRYGPTKYADSVKGRFTISQDNAKNTLYLQMNSLKPEDTAVYFCAASRPNSDKLDYWGQGTQVTVSS,63.2,https://doi.org/10.1038/s41598-018-26338-z
NbPep31,QVQLQESGGGSVQAGGSLRLPCVASGYIYSPTKMGWFRQAPGKERELVSSITRDGRPYYSDSVKGRFTISQDNAKNTVYLQMNSLKPEDTAMYYCFADVRLSAVGGIKTYWDQGTQVTVSS,63.3,https://doi.org/10.1038/s41598-018-26338-z
M79-H2,EVQLVESGGGLVQPGGSLRLSCAASGSTFSSSSVGWYRQAPGKGLELVSAITSGGSTNTADSVKGRFTISRDNSKNTLYLQMNSLRAEDTAVYYCNVAGRNWVPISRYSPGPYWGQGTLVTVSS,63.3,https://doi.org/10.1096/fj.201903231R
h-NbBcII10_FGLA_S-S-S,QVQLVESGGGLVQPGGSLRLSCAASGYTYISGWFRQAPGQGLEAVAAIRSSDGTTYYADSVKGRFTISRDNSKNTLYLQMNSLRAEDTAVYYCAATEVAGWPLDIGIYDYWGQGTLVTVSS,63.4,https://doi.org/10.1074/jbc.M806889200
NbPep50,KVQLVESGGGLVQAGGSLRLACTASGSAFSINTMGWYRRAPGKQRELVASITSSGSTTYADSVKGRFTISRDSAKNTVFLQMNSVKPEDTSVYYCNGEIQRTDYNFWGQGTQVTVSS,63.55,https://doi.org/10.1038/s41598-018-26338-z
NbPep13,QVQLQESGGGSVQAGGSLKLSCAASGYIFSSCAMSWYRQAPGKERELVSSITSYGDAAYTDSAKGRFTISRDNAKNTLYLHLNNLKPEDTAVYFCAACPRNKYWGQGTQVTVSS,63.65,https://doi.org/10.1038/s41598-018-26338-z
NbD1,QVQLQESGGGSVQAGGSLRLSCAASGWTYSTATMGWYRQAPGKERELVSSIFSDENTYYKDSVKGRFTISRDAAKNTVYLQMNSLKPEDTAMYYCYIRPTTSLANWRWGQGTQVTVSS,63.9,https://doi.org/10.1038/s41598-018-26338-z
ICab3_H116C,EVQLGESGGGSVQAGGSLRLSCAASGYMYSTYSTYCMGWFRQAPGKEREGVAFIKRGDHSTYYTDSVKGRFTISQDSAKNTVSLQMNNLKPEDTAIYYCAADFAHSFLLSVCSGAGQYSYWGQGTQVTVSS,63.9,https://doi.org/10.1074/jbc.RA119.010902
E7m ,QVKLQASGGGLVQAGDSLRLSCAASGRTLVIYAIAWFRQAPGKEREFVSAVRSTGSDTYYANSVKGRFTISRDNSRNNVYLQMDSLQPEDTAVYYCAAGRGQRLGYSRRQNDYDFWGQGTQVTVSS,64,https://doi.org/10.1371/journal.pone.0008818
E7,QVKLQASGGGLVQAGDSLRLSCAASGRTLVIYAIAWFRQAPGKEREFVSAVRSTGSDTYYANSVKGRFTISRDNSRNNVYLQMDSLQPEDTAVYYCAAGRGQRLGYSRRQNDYDFWGQGIQVTVSS,64,https://doi.org/10.1371/journal.pone.0008818
M110B,EVQLQASGGGLVQPGGSLRLSCVASGGIFRISTLEWYRQAPGKQREVVAQITAGGSTHHADSVKGRFTISRDDAKDTVYLQMNSLKPEDTAVYVCSAYGNLRRYWGQGTQVTVSS,64,https://doi.org/10.1016/j.molimm.2016.09.013
p5303 A3,EVQLQASGGGLVQPGGSLRLNCAASGTDLSIYDMAWHRQAPGKQRELVAELPRGGSQNYAASVKGRFTISRDNAKNTVWLQMDSLRPEDTAVYFCNARFSRGGMFSSYWGQGTQVTVSS,64,https://doi.org/10.3390/antib2010152
DC4,EVQLQASGGGLVQAGGSLRLSCAASERTFSHYFVGWFRQAPGKEREFVARITWSGSNYEYEDAVKDRFTLSSDNAKNTVYLHMNSLKPEDTAVYYCAAANTIWTPTIRDYNYWGQGTQVTVSS,64,https://doi.org/10.1038/s41598-018-35923-1
E11,EVQLQASGGGLAQPGGSLRLSCAASGFTLVYYGIGWFRQAPGKEREGVSCISSNDGTTYYADSVKGRFTISRDNAKNTVYLQMNSLKPEDTAVYYCATELGNTHRGSYFPKQRVERCHTGDFASWGQGTQVTVSS,64,https://doi.org/10.3390/antib9040071
N5,EVQLEESGGGLVQPGGSLRYSCAASGFAFSGYAMGWFRQAPGKEREFVAGISRTDNYRPYADSVKGRFAISRDNAQNMVYYLQMNSLKPEDTAVYYCAADRLGVPTPNSADYQYWGQGTQVIVSS,64,https://doi.org/10.3390/toxins3111405
H6,DVQLQASGGGVVQPGGSLRLSCVASGFTLVYYGIGWFRQAPGKEREGVSCISSNDGSTYYADSVKGRFTISRDAAKNTVYLQMNSLKPEDTAVYYCATELGNTHRGSFFPNRRVKRCRTDDFASWGQGTQVTVSS,64,https://doi.org/10.3390/antib9040071
Abr2,DVQLQASGGGLVQAGGSLVLSCTASGRSYSSLAMGWLRQVPGKERELVGSISLSGGRTYYADSMKGRFTISKDNAKNTVYALQMNSLRPEDTAVYYCAARDAARDYAPLNFDTWGQGTQVTVSS,64,https://doi.org/10.3390/toxins3111405
AMD9,QVQLVESGGGSVQAGGSLSLSCAASTYTDTVGWFRQAPGKEREGVAAIYRRTGYTYSADSVKGRFTLSQDNNKNTVYLQMNSLKPEDTGIYYCATGNSVRLASWEGYFYWGQGTQVTVSS,64.1,https://doi.org/10.1021/bi011239a
RN05,QVQLVESGGGLVQAGGSLRLSCAASGYAYTYIYMGWFRQAPGKEREGVAAMDSGGGGTLYADSVKGRFTISRDKGKNTVYLQMDSLKPEDTATYYCAAGGYELRDRTYGQWGQGTQVTVSS,64.2,https://doi.org/10.1021/bi011239a
NbPep22,QVQLQESGGGSVQAGGSLRLSCTTSGLFYSNYCMGWFRQAPGKEREGIAAIHSVNGDTYYADSVKGRFIISQDNAKNTMYLQLSSLKPEDTAIYYCAAKMRLYWSDCRLLAPAIDYRGQGTQVTVSS,64.25,https://doi.org/10.1038/s41598-018-26338-z
NbPep4,QVQLQESGGGSVQAGGSLRLSCVASEYDFNSYSSVSVGWFRQAPGKECVLVSRIGNDARTDYSDNVKGRFTISRDNAKRTAYLEMNSLKAEDTAVYYCAANQLSSAVVGTEYPCSKAAFAHWGQGTQVTVSS,64.55,https://doi.org/10.1038/s41598-018-26338-z
M79-H4,QVQLVESGGGLVQPGGSLRLSCAASGSTFSSSSVGWYRQAPGQQRELVAAITSGGSTNTADSVKGRFTISRDNSKNTLYLQMNSLRAEDTAVYYCNVAGRNWVPISRYSPGPYWGQGTLVTVSS,64.7,https://doi.org/10.1096/fj.201903231R
E1     ,QVQLVESGGGLVQAGGSLRLSCAASGRTFSRSSMGWFRQAPGKEREFVASIVWADGTTLYGDSVKGRFTVSRDNVKNMVYLQMNNLKPEDTALYYCADNKFVRGLVAVRAIDYDYWGQGTQVTVSS,65,https://doi.org/10.3390/antib6010003
Nb3,QVQLQESGGGSVQAGGSLRLSCAASKVTASRYCMGWFRQAPGKEREGVARVWPGGGRTYYAESVKGRFTISQDNAKNTVYLQMNSLKPEDTAMYYCAATPAEYYSGGYYCGGAPREYDYWGQGTQVTVSS,65,https://doi.org/10.1002/mbo3.581
Nb2,QVQLQESGGGLVQPGGSLRLSCEASGFTFSAYPMSWVRQAPGKGLEWVATITNGGGFTDYADSVKGRFTISRDNAKNTMYLQLNKLKTEDTALYYCAQGSAMTSVLPPTPKGQGTQVTVSS,65,https://doi.org/10.1038/s41598-020-62606-7
Z26,QLQLVESGGGLVQAGDSLRLSCAASGRTFSDYAMGWFRQAPGKELEFVARVIWSGLLTYYADSVKGRFTASRDNAKSTVYLQMNSLKPEDTAVYYCAQRGDSGSNFDPSGYRYWGQGTQVTVSS,65,https://doi.org/10.1038/s41598-021-98977-8
SODA1_G4,EVQLQAYGGGLVQTGDSLTLSCAVSGPTWSVNAMAVWFRQVPGKEPVFVAALSREGGYTFYADFVKGRFTISRDNAKNTMSLQMNGLEPEDAAVYYCAGRTGIQLRETLSDYQYRGQGTQVTVSS,65,https://doi.org/10.3390/antib2010152
SOD15_D2,EVQLQASRGGLVQAGGSLRLSCAASGRTFTSSVMGWWFRQAPGKEREFVSSLIWSSGSTVYADSVKGRFTISRDNAKNTVYLQMNSLKPEDTALYYCVAKTTRYYRRGYDVPEEYDKWGQGTQITVSS,65,https://doi.org/10.3390/antib2010152
NRL-N-C2-hop,EVQLQASGGGLVRPGGSLRLSCAASGFTFSSYAMMWVRQAPGKGLEWVSAINGGGGSTSYADSVKGRFTISRDNAKNTLYLQMNSLKPEDTAVYYCAKYQAAVHQEKEDYWGQGTQVTVSS,65,https://pubs.acs.org/doi/10.1021/acs.analchem.1c00677
DAD ,EVQLQASGGGLVQPGGSLRLACQYSGREGTTTVGWERQSPGKEREFVAAISAAPGTAYYAFYADSVRGRETTSSDNFKKTAYLQMNGLKPEDTALYYCTEDTWNSVVTGTAADWSQGTQVTVSS,65,https://doi.org/10.1371/journal.pone.0077678
C8A3,EVQLQASGGGLVQGGDSLRLSCAASGRTFSRAVMGWFRQAPGKEREFVSAISAAPGTAYYAFYADSVRGRFTISRDNAKNAVYLQMNSLKPEDTAVYYCAVDLKMQVAAYMNQRSVDYWGQGTQVTVSS,65,https://doi.org/10.1371/journal.pone.0077678
DD5,EVQLQASGGGLVQAGGSLRLSCAASGRAFSSETMGWFRQAPGKEREFVAAIWRIGGSTYNTDYADSVKGRFAISADRAKNTVDLQMNTLKPEDTAVYYCAGKMRGRSYNLYDYDYWGQGTQVTVSS,65,https://doi.org/10.1038/s41598-018-35923-1
F3,DVQLQASGGGLVQPGGSLRLSCAASGFTLVYYGIGWFRQAPGKEREGVSCISSYDGTTYYADSVKGRFTISRDNAKNTVYLQMNSLKPEDTAVYYCATELGNTHRGSYFPKQRVERCHTGDFASWGQGTQVTVSS,65,https://doi.org/10.3390/antib9040071
C2,DVQLQASGGGLVQGGDSLRLSCAASGRALSDYGVAWFRQAPGKEREFVSVIGRSTIITDYANSVKGRFTISRDNAKNAVYLDMNSLKPEDTAVYYCAVITNPYYATSRNSDDYGYWGQGTQVTVSS,65,https://doi.org/10.1016/j.btre.2015.01.001
DB5,DVQLQASGGGLVQDGGSLRLSCAASGLGFRIHSMGWYRQAPGKARDLVAVITDSGQTNYAPSVKGRFTISRESAGNTVYLQMNSLKPDDTAVYYCAVTTWDPHSYWGQGTQVTVSS,65,https://doi.org/10.1038/s41598-018-35923-1
H1,DVQLQASGGGLAQAGGSLRLSCAYSGDTVNDYAMAWFRQAPGKGREFVAAIRARGGGTEYLDSVKGRFTISRDNGENTAYLQMDNLQPDDTALYFCALAMGGYAYRAFERYSYRGQGTQVTVSS,65,https://doi.org/10.1016/j.btre.2015.01.001
C10neg,DVQLQASGGELVQDGDSLRLICAHSGREGTTTVGIFRQAPGKEREFVAALRMTDGRISYADSVKERFTISSDNWKNTVYLQMNGLKPEDSALYYCAEDSWYPVVTGTAAYWGQGTQVTVSS,65,https://doi.org/10.1016/j.btre.2015.01.001
7C12,AVQLVESGGGSVQAGGSLRLTCAASGRTSRSYGMGWFRQAPGKEREFVSGISWRGDSTGYADSVKGRFTISRDNAKNTVDLQMNSLKPEDTAIYYCAAAAGSTWYGTLYEYDYWGQGTQVTVSS,65,https://doi.org/10.1186/1475-2859-12-97
R11-H5,EVQLVESGGGLVQPGGSLRLSCAGPGFLLRSNTMGWYRQAPGKERELVAFIRPSGLTNYNDAVQGRFTISRDNSKNTLYLQMNSLRAEDTAVYYCHTRPPFQRDSWGQGTLVTVSS,65.2,https://doi.org/10.1096/fj.201903231R
NbPep8,QVQLQESGGGSVQAGGSLRLSCAVSGYSDSNYRMGWFRHIPGRDRREGIAFINVGGSSTLYADSVKDRFTISQDNVKDMVYLDMNSLKPEDTAIYYCALSPRWYKRVEADFDYWGQGTQVTVSS,65.5,https://doi.org/10.1038/s41598-018-26338-z
cAbBCII10_0-1-0,QVQLVESGGGSVQAGGSLRLSATASGGSEYSYSTFSCGWFRQAPGQEREAVAAIASMGGLTYYADSVKGRFTISRDNAKNTCTLQMNNLKPEDTAIYYVAAVRGYFMRLPSSHNFRYWGQGTQVTVSS,65.6,https://doi.org/10.1016/j.jmb.2008.01.022
NbD3,QVQLQESGGGSVQAGGSLRLSCTASEFTTKYMAWFRQAPGKERELVAVIYTITSGANYGDSVKGRFTITRDNENNTVHLEMNNLKPEDTAMYICAASTYWGAALRETAYNSWGRGTQVTVSS,65.75,https://doi.org/10.1038/s41598-018-26338-z
Nb89,HVQLVESGGGLVQAGGSLRLSCAASGGTFTTFRMAWFRQTPGKEREFVAASSWGFVNYADPVKGRFTISRDNAKNTVYLEMSSLKTEDTAVYYCAARNPGTGQYDYWGQGTQVTVSS,65.9,https://doi.org/10.1126/science.abe4747
NbPep11,QVQLQESGGGSVQAGGSLRLSCADSRYTHYCMGWFRQAPGKEREGVARISVLSGRTYYADSVKGRFTISQDNAKNVVYLQMNSLKPEDTAIYYCAAGNYWSDLCPEVDFEYWGQGTQVTVSS,65.96298507,https://doi.org/10.1038/s41598-018-26338-z
TP377,QVQLVESGGGPVEAGGSLRLSCAASGRSFSNSVMAWFRQAPGKEREFLSVLNWSSGRTSIADSVKGRFTMSRDPAKITVYLQMNGLKPEDTAVYYCAASNRGSLYTLDNQNRYEDWGQGTQVTVSS,66,https://doi.org/10.7554/eLife.11349
D10    ,QVQLVESGGGLVQPGGSLRLHCAASGSIASIYRTCWYRQGTGKQRELVAAITSGGNTYYADSVKGRFTISRDNAKNTIDLQMNSLKPEDTAVYYCNADEAGIGGFNDYWGQGTQVTVSS,66,https://doi.org/10.3390/antib6010003
Gr3,QVQLVESGGGLIKPGGSLRLSCAASGFTVSYESMGWVRQAPGKGLEWVSAISSSGGSTYYADSVKGRFTISRDNSKNTVYLQMNSLRAEDTAVYYCVTPERQCKQSTCYARPRYWGQGTMVTVSS,66,https://doi.org/10.1371/journal.pone.0030149
C24,QVKLQASGGGLVQAGGSLTLSCADSGHTFSTYIMAWFRQAPGKEREFVASRTHRNWTYYPDSVKGRFTISRDSAKNTLYLQMNSLKPEDTAVYYCAARRMDSGSYRYNDRETYDYWGQGTQVTVSS,66,https://doi.org/10.1371/journal.pone.0008818
R419,QVKLEESGGGLVQAGGSLRLSCAASGRTYSTYAMGWFRQTPGKERELVAAINWSGGNTHYADSVKGRFTISRDNAKSTVYLQMNSLKPEDTAVYYCAAPKGHTGDHYWGPGTQVTVSS,66,https://doi.org/10.1186/s13104-019-4197-0
C20neg ,EVQLVESGGGLVQPGGSLRLSCVGSGSISSFNGMGWYRQAPGKEREFVAFISSGGRSKYTDSVKGRFTISGDNAKSTVYLQMINLKPEDTAVYYCNVGSVLSYVTGNYYEPSDYWGQGTQVTVSS,66,https://doi.org/10.1016/j.toxicon.2017.02.008
ADA ,EVQLVESGGGLVQAGDSLRLSCTASGRTFSRAVMGWFRQAPGKEREFVAAIRWTDSRTPHTDSRFSISADSAKNTVYLQMNSLKPEDTAVYYCAADLKMQVAAYMNQRSVDYWGQGTQVTVSS,66,https://doi.org/10.1371/journal.pone.0077678
C7,EVQLQASGGGLVQPGGSLRLSCVASGFTLVYYGIGWFRQAPGKEREGVSCISSNDGSTYYADSVKGRFTISRDAAKNTMYLQMNSLKPEDTAVYYCATELGNTHRGSFFPNRRVERCRTDDFASWGQGTQVTVSS,66,https://doi.org/10.3390/antib9040071
sdAbDA5,EVQLQASGGGLVQAGGSLRLSCAASGRAGDRNGIAWFRQPPGKEREFLAAISRGGTGTYYADSVKGRFTISRDNAENTVYLQMNSLKPEDTAVYYCAHSRYSFATPRTASDYNYWGRGTQVTVSS,66,https://doi.org/10.1007/s00216-010-3905-3
R28-H1,EVQLVESGGGLVQPGGSLRLSCAASGRTFIAYAMGWFRQAPGKGLEFVSAITNFAGGTTYYADSVKGRFTISRDNSKNTLYLQMNSLRAEDTAVYYCAADRSAQTMRQVRPVLPYWGQGTLVTVSS,66.1,https://doi.org/10.1096/fj.201903231R
NbPep12,QVQLQESGGGSVQAGGSLKLACAAAGYTTQPYCVAWFRQAPGKEREGVAAIWRDRGGPYYVDSVKGRFTMSQNSAKNTVYLQMNNLKPEDTAVYSCAATEGVCSSLFYLKTFNYWGQGTQVTVSS,66.5,https://doi.org/10.1038/s41598-018-26338-z
R28-H2,EVQLVESGGGLVQPGGSLRLSCAASGRTFIAYAMGWFRQAPGKEREFVSAITNFAGGTTYYADSVKGRFTISRDNSKNTLYLQMNSLRAEDTAVYYCAADRSAQTMRQVRPVLPYWGQGTLVTVSS,66.5,https://doi.org/10.1096/fj.201903231R
NbPep66,EVQLVESGGGLVQAGGSLRLSCAASGTIFSFDAMGWYRQAPGKQRELVATGTGGGTTNYAESVKGRFTISRDGAKNTVYLQMNSLKPEDTAIYYCNARRAWPRRGDYWGQGTQVTVSS,66.6,https://doi.org/10.1038/s41598-018-26338-z
CA05,QVQLVESGGGSVQAGGSLRLSCAASGYTVSTYCMGWFRQAPGKEREGVATILGGSTYYGDSVKGRFTISQDNAKNTVYLQMNSLKPEDTAIYYCAGSTVASTGWCSRLRPYDYHYRGQGTQVTVSS,66.7,https://doi.org/10.1021/bi011239a
R28-H4,QVQLVESGGGLVQPGGSLRLSCAASGRTFIAYAMGWFRQAPGKEREFVAAITNFAGGTTYYADSVKGRFTISRDNAKTTLYLQMNSLRAEDTAVYYCAADRSAQTMRQVRPVLPYWGQGTLVTVSS,66.8,https://doi.org/10.1096/fj.201903231R
Nb6,QVQLVESGGGLVQAGGSLRLSCAASGIIFGRNAMGWYRQAPGKERELVAGITRRGSITYYADSVKGRFTISRDNAKNTVYLQMNSLKPEDTAVYYCAADPASPAPGDYWGQGTQVTVSS,66.9,https://doi.org/10.1126/science.abe3255
NbPep51,EVQLVESGGGLAQPGGSLKLSCAASGSIFRIIDMGWYRQAPGKQRELVASITPGGRSDYADSVKGRFTISRDNVKNTLYLQMNSLKPEDTAVYFCKGSGAITPGRSYAFDYWGQGTQVTVSS,66.94111111,https://doi.org/10.1038/s41598-018-26338-z
Z18-G78A,QVQLVESGGGLVQAGDSLRLSCAASGRTFSGYAMGWFRQAPGKEREFVARINWSGTLTYYADSVKGRFTASRDNAKNTVYLQMNSLKPEDTAVYYCAQRGDSGSNYDPSGYSYWGQGTQVTVSS,67,https://doi.org/10.1038/s41598-021-98977-8
Nb174 ,QVQLQESGGGLVQAGGSLRLSCTASGRNFGDYTLGWFRQAPGQERQVVAAITWSGSMTYYADSVKGRFTISRDNAKNMGYLQMNSLKPEDTAVYSCAAADGGHQRSTTVWYYYWGPGTQVTVSS,67,https://doi.org/10.1016/j.foodchem.2021.129481
A18,QVKLQESGGGLVQAGDSLRLSCAASRRTFSEYTLAWFRQAPGKEREFVTGISYNGVTTWYADSVKGRFTISRDNAKNTLYLQMNSLKREDTAVYYCAADPRTADYSGSYRYWGQGTQVTVSS,67,https://doi.org/10.1371/journal.pone.0008818
CC3-m2 ,EVQLVESGGGSVQAGDSLRLSCVTSQNLFEYYTMGWYRQVPGSQRERVALINNGGSTVAGSVEGRFTISRDHAKNSVYLQMNYLQPEDSAVYYCRAFGPADYWGQGTQVTVSS,67,https://doi.org/10.3389/fmed.2021.626028
C6m ,EVQLVESGGGLVQPGGSLRLSCAASGRAISAYIMAWFRQVPGKEREFVAGTHWNARSTYYDDSAEGRFTISRDNAKNTVYLEMNSLKPEDTAVYFCAQDQSPYGTSLSLRGSKYWGQGTQVTVSS,67,https://doi.org/10.1371/journal.pone.0008818
D4,EVQLQAYGGGLVQPGGSLRLSCEASGTTERTINAGWSRQAPGKEREWVGVITSSGMTRYADFAKGRFTISRDNSKNTVFLHMNSLKPEDTAVYYCTTGGKWGQGTQVTVSS,67,https://doi.org/10.3390/antib7040036
N12,EVQLQASGGGMVQGGGSLRLSCAASAHTFSDYAMGWFRQAPGKERSLVAAINRSGGRTWYTDSVRGRFTISRDNAKNTVYYLQMDKLKPEDTAVYYCAAKSTHRDYAALNDYNYWGQGTQVTVSS,67,https://doi.org/10.3390/toxins3111405
BM_GFP2_FG,DVQLQESGGGSVQAGGSLRLSCAASPYFSLRSFVAWFRQAPGKEREGVATIFTSTGSTYYADSVKGRFTISQDNANTVSLQMNSLEPEDAAMYYCAIEGRPMIGGPSGSMGSPNSYTYWGQGTQVTVSS,67,https://doi.org/10.1074/jbc.M111.242818
EBOV-GP-G6 ,DVQLQASGGGLVQAGGSLRISCAASGGALSDYNMGWFRQAPGKEREFVAVVTWSGGSTRYADSVNGRFTISRDNAKNTVYLQMNSLKPEDTAVYYCAAAPLTPFQSLGDMKAYNYWGQGTQVTVSS,67,https://doi.org/10.1186/s12934-017-0837-z
NbPep5,QVQLQESGGGSVQAGGSLRLSCAVPEYTFNSYAMYWFRQAPGKECEYVSGIMRNGITNYADSVKGRFTISRDNAKNTVYLQMNNLKPEDTAVYYCAPSGDRCQGGGQGTQVTVSS,67.05,https://doi.org/10.1038/s41598-018-26338-z
NbPep21,QVQLQESGGGSVQTGGSLRLSCAASGYTYSTYCMGWFRQEAGKEREGVATINRDSGITDYADSVKGRFTISQDKAKNMVYLLMNNLQPEDTAVYYCAAQRTYTRGRCIPTVVPRYNDRGQGTQVTVSS,67.15,https://doi.org/10.1038/s41598-018-26338-z
NbD6,QVQLQESGGGSVQAGGSLRLFCEASGYTSSHYIMGWSRQAPGKECELVARITSAGITDYASSVKGRFTISRGDATNGMALQMNNLKPEDTAVYYCGVVVPTIGISRWCGYDYWGQGTQVTVSS,67.15,https://doi.org/10.1038/s41598-018-26338-z
M79,QVKLEESGGGLVQAGGSLKLSCAASGSTFSSSSVGWYRQAPGQQRELVAAITSGGSTNTADSVKGRFTMSRDNAKNTVYLQMRDLKPEDTAVYYCNVAGRNWVPISRYSPGPYWGQGTQVTVSS,67.2,https://doi.org/10.1096/fj.201903231R
NbPep57,EVQLVESGGGLVQAGGSLRLSCAASGIMFRIFDMAWYRQGPGNQRELVAATTSGDITKYADAVKGRFTISRDNAKNTVYLEMNSLQPEDTAVYSCNARLGLRDFWGQGTQVTVSS,67.45,https://doi.org/10.1038/s41598-018-26338-z
R11-H6,EVQLVESGGGLVQPGGSLRLSCAGPGFLLRSNTMGWYRQAPGKERELVAFIRPSGLTNYNDAVQGRFTISRDNAKNTVYLQMNSLRAEDTAVYYCHTRPPFQRDSWGQGTLVTVSS,67.5,https://doi.org/10.1096/fj.201903231R
DesAb-HSA-D3,EVQLQESGGGLVQAGGSLRLSCAASGELYALISMGWFRQAPGKEREFVAAISRNGDNTYYTDSVKGRFTISRDNAKNTVELQMNSLKPEDTAVYYCAADKFASPDGSVTIMTNEYDYWGQGTQVTVSD,67.5,https://doi.org/10.1101/2021.03.02.433360
NRL-N-C2,EVQLQASGGGLVRPGGSLRLSCAASGFTFSSYAMMWVRQAPGKGLEWVSAINGGGGSTSYADSVKGRFTISRDNAKNTLYLQMNSLKPEDTAVYYCAKYQAAVHQEKEDYWGQGTQVTVSS,67.5,https://pubs.acs.org/doi/10.1021/acs.analchem.1c00677
mNb6_I27Y_P105Y,QVQLVESGGGLVQAGGSLRLSCAASGYIFGRNAMGWYRQAPGKERELVAGITRRGSITYYADSVKGRFTISRDNAKNTVYLQMNSLKPEDTAVYYCAADPASPAYGDYWGQGTQVTVSS,67.6,https://doi.org/10.1126/science.abe3255
NbNmcA2 ,QVQLVESGGGSVQAGGSLTLSCLVYGHSIVSSTMGWERTAPGQDCKWVSTFRSDGVKTYADSVEGRFAIDKDNAKNSIFLQMNDLKPEDTAVYYCAIIGASVGLWGQGTQVTVSS,68,https://doi.org/10.1110/ps.34602
Nb_87,QVQLQESGGGLVQAGGSLRLSCAASGSIGSINFIFWYRQAPGKQREFVARISRSGRSDYVESVKGRFTISRDNAKNTVYLQMNNLKSEDTAVYYCALGNNWGQGTQVTVSS,68,https://doi.org/10.3390/ijms21010310
G20 ,QVKLQASGGGLVQAGGSLRLSCVASGRTFSTYTMAWFRQAPGKEREFVAAILWSGEWIGNEGRFTISRDTATNTVSLEMNNLRPEDTAVYYCAATAQGALSSRSNSYDYWGQGTQVTVSS,68,https://doi.org/10.1371/journal.pone.0008818
DH12,EVQLVESGGGSVQAGGSLRLSCAASERTFSYYFMGWFRQAPGKEREWVARIRWNGDGADYTDAVKDRFTISSDHAKNTVYLQMNSLKPEDTAVYYCAAANSIWKPTTRDYNYWGQGTQVTVSS,68,https://doi.org/10.1038/s41598-018-35923-1
EBOV-GP-H7 ,EVQLQASGGGLVQTGGSLRLACAGSGRSFNNYGMGWFRQAPGKERQFVAAISGNDHTTHYSDSVKGRFTISRDNAKTTVYLQMNSLKPEDTAVYYCAADRLGSFFFPRASPSDYGYWGQGTQVTVSS,68,https://doi.org/10.1186/s12934-017-0837-z
D1A3,EVQLQASGGGLVQPGGSLRLACQYSGRTFSRAVMGWERQSPGKEREFVAAISAAPGTAYYAFYADSVRGRETTSSDNFKKTAYLQMNGLKPEDTALYYCTEDLKMQVAAYMNQRSVDYWSQGTQVTVSS,68,https://doi.org/10.1371/journal.pone.0077678
NRL-N-E10-hop,DVQLQASGGGLVQAGGSLRLSCAASARTFYTMGWFRQVLGKDREFVGAIRWGVYATTRYADSVKGRFSISRDDATNTVALQMNSLKPEDTAVYYCAARAGPLGFELSATSSAEYDYWGQGTQVTVSS,68,https://pubs.acs.org/doi/10.1021/acs.analchem.1c00677
H1Wneg+,DVQLQASGGGLAQDGGSLRLSCAYSGQTVNDYAMAWFRQAPGKEREFVCAIRARGGGTEYLDSVKGRFTCSRDNGENTAYLQMDNLQPDDTALYFCALAMGGYAYRAFERYSVWGQGTQVTVSS,68,https://doi.org/10.1016/j.btre.2015.01.001
R28-H5,QVQLVESGGGLVQPGGSLRLSCAASGRTFIAYAMGWFRQAPGKEREFVAAITNFAGGTTYYADSVKGRFTISRDNAKTTVYLQMNSLRAEDTAVYYCAADRSAQTMRQVRPVLPYWGQGTLVTVSS,68.1,https://doi.org/10.1096/fj.201903231R
R11-H4,EVQLVESGGGLVQPGGSLRLSCAASGFLLRSNTMGWYRQAPGKERELVAFIRPSGLTNYNDAVQGRFTISRDNSKNTLYLQMNSLRAEDTAVYYCHTRPPFQRDSWGQGTLVTVSS,68.6,https://doi.org/10.1096/fj.201903231R
NbPep25,QVQLQESGGGSVQTGGSLRLSCGASGNTHSVNLMGWFRQPPGKEREGVAAKYTNYDNTYYADSVKGRFFISLDNAKNLLYLEMKNLQPEDTAMYFCAAIDLLYRDFNPLSRDGYPYWGQGTQVTVSS,68.85,https://doi.org/10.1038/s41598-018-26338-z
F9  ,QVKLQESGGGSVQAGGSLRLSCAASGRAASNHAMGWFRQAPGKEREFVVLISWSGRSTYYADSVKGRFTISRDFAQNAVNLQMNSLKPEDTGVYYCAAVRQYGTSWYQFREDTSRYDYWGQGTQVTVSS,69,https://doi.org/10.1371/journal.pone.0008818
CC3-m2hop ,EVQLVESGGGSVQAGDSLRLSCVTSQNLFEYYTMGWYRQVPGSQRERVALINNGGSTVAGSVEGRFTISRDHAKNSVYLQMNYLQPEDSAVYYCRAFGPADYWGQGTQVTVSS,69,https://doi.org/10.3389/fmed.2021.626028
NbPep69,EVQLVESGGGLVQTGGSLRLSCAASGSIAGINAMGWYRQAPGKQRELVATITRGGSTNYADSAKGRFTISRDNAWNTVYLQMNSLKHEDTAVYYCKAQRLLWGDYWGQGTQVTVSS,69,https://doi.org/10.1038/s41598-018-26338-z
BclA_B7,EVQLQASGRGLVQPGGSLRLSCAASGTSISDRAMTWYRQAPGKQRELVATIRSVGTTLYGDSVKGRFTISRDNAKNTVYLQLNSLMPEDTAVYYCMTGGWSGQGTQVTVSS,69,https://doi.org/10.3390/antib2010152
BclA_A5,EVQLQASGGGLVQPGGSLRLSCVASGINFSTNVPTWYRQAPGKQRELVAVITTNGLTRYADSVKGRFTISKDNAKNAVYLQMNSLKPEDTAVYYCRARDYWGQGTQVTVSS,69,https://doi.org/10.3390/antib2010152
BM_GFP2_IA,DVQLQESGGGSVQAGGSLRLSCAASPYFSLRSIVAWFRQAPGKEREGVATIFTSTGSTYYADSVKGRFTISQDNANTVSLQMNSLEPEDAAMYYCAIEGRPMIGGPSASMGSPNSYTYWGQGTQVTVSS,69,https://doi.org/10.1074/jbc.M111.242818
BM_GFP3_VP,DVQLQESGGGSVQAGGSLRLSCAASGFPFSNYVMGWFRQAPGKEREGVATISRLGMFTEYADSVQGRFIISRDNAQNMVFLQMNNLTPEDTAIYYCAAVSTSSSDPRPRLPSQEYTYWGQGTQVTVSS,69,https://doi.org/10.1074/jbc.M111.242818
BM_GFP3_ER,DVQLQESGGGSVQAGGSLRLSCAASGFPFSNYEMGWFRQAPGKEREGVATISRLGMFTEYADSVQGRFIISRDNAQNMVFLQMNNLTPEDTAIYYCAAVSTSSSDRRPRLPSQEYTYWGQGTQVTVSS,69,https://doi.org/10.1074/jbc.M111.242818
NbPep26,QVQLQESGGGSVQAGGSLRLSCVASGYIYDNYCMGWFRQAPGKEREGVAHITGGGTYTYYSDSVKDRFTISQDNAKNTVYLQMNSLKPEDTAIYYCAAYLACTIRTMGKEERYNYWGQGTQVTVSS,69.15,https://doi.org/10.1038/s41598-018-26338-z
NbPep35,QVQLQESGGGQVQAGGSLRLSCAAPEFSSSRYLNYYMAWFRQVPGKEREGVANINRLGSITNYADSVKGRFTISRDNAKSTVYLQMSSLKPEDTGIYYCAASENNVLWDLLPDKYTIWSRGTQVTVSS,69.45,https://doi.org/10.1038/s41598-018-26338-z
NbPep15,QVQLQESGGGSVQTGGSLRLSCEASKYAYYTGCMAWFRQSTGKEREGVAYIDTGAINTYYADSVKGRFTISQDYAKKTLYLQMNSLKPEDTAIYSCAAGPYRCQANTQGLQSRWYAYWGQGTQVTVSS,69.46915423,https://doi.org/10.1038/s41598-018-26338-z
NbPep53,EVQLVESGGGLVQPGGSLRLSCAASQNIFNIPVMGWYRQAPGKQRELVGTINGEGRTTYADSVKGRFTISRDKAKNTVSLQMDSLKPEDTAVYYCARTQYLRSRMQGQYESWGQGTQVTVSS,69.47366501,https://doi.org/10.1038/s41598-018-26338-z
cAbGFP4_1-0-0,QVQLVESGGALVQPGGSLRLSCAASGFPVNRYSMRWYRQAPGKEREWVAGMSSAGDRSSYEDSVKGRFTISRDDARNTVYLQMNSLKPEDTAVYYCNVNVGFEYWGQGTQVTVSS,69.5,https://doi.org/10.1016/j.jmb.2008.01.022
NbPep7,QVQLQESGGGSVQAGGSLRLSCAATGYGITSRCMAWFRQAPGKEREGVAVISTGDGSSYYADSVKSRFTISQNTAKNTMYLQMNSLKPEDTAMYYCAAHYARRSGGDCWVDPADFDYWGQGTQVTVSS,69.5,https://doi.org/10.1038/s41598-018-26338-z
NbPep68,EVQLVESGGGLVQPGGSLRLSCTPSGSGLSINRMGWYRQAPGKQRELVARIYSSGTTTYVDSVKGRFTISRDNAKNTVFLQMTSLKPEDTAVYYCKGKIKLTTWPDRWTDYWGQGTQVTVSS,69.5,https://doi.org/10.1038/s41598-018-26338-z
R11,QVKLEESGGGLVQAGGSLRLSCVGPGFLLRSNTMGWYRQAPGKERELVAFIRPSGLTNYNDAVQGRFTISRDNAKNTVYLQMNALKPEDTAVYYCHTRPPFQRDSWGQGTQVTVSS,69.6,https://doi.org/10.1096/fj.201903231R
NbHuL6_FERG_W118R,QVQLVESGGGSVQAGGSLRLSCSASGYTYISGWFRQAPGKEREGVAAIRSSDGTTYYADSVKGRFTISQDNAKNTVYLQMNSLKPEDTAMYYCAATEVAGWPLDIGIYDYRGQGTQVTVSS,70,https://doi.org/10.1074/jbc.M806889200
NbCEA5,QVQLVESGGGSVQAGGSLRLSCAASGDTYGSYWMGWFRQAPGKEREGVAAINRGGGYTVYADSVKGRFTISRDTAKNTVYLQMNSLRPDDTADYYCAASGVLGGLHEDWFNYWGQGTQVTVSS,70,https://doi.org/10.2967/jnumed.109.069823
cAbBCI110_0-0-1,QVQLVESGGGSVQAGGSLRLSATASGGSEYSYSTFSLGWFRQAPGQEREAVCAIASMGGLTYYADSVKGRFTCSRDNAKNTVTLQMNNLKPEDTAIYYVAAVRGYFMRLPSSHNFRYWGQGTQVTVSS,70,https://doi.org/10.1016/j.jmb.2008.01.022
F5     ,QVQLVESGGGLVQPGGSLRLSCAASGFTLDDYAIGWFRQVPGKEREGVACVKDGSTYYADSVKGRFTISRDNGAVYLQMNSLKPEDTAVYYCASRPCFLGVPLIDFGSWGQGTQVTVSS,70,https://doi.org/10.3390/antib6010003
CC3-m4 ,EVQLVESGGGSVQAGGSLRLSCVTSQNLFEYYTMGWYRQVPGSQRERVALINNGGSTVAGSVEGRFTISRDHAKNSVYLQMNYLKPEDSAVYYCRAFGPADYWGQGTQVTVSS,70,https://doi.org/10.3389/fmed.2021.626028
CC3-m4hop ,EVQLVESGGGSVQAGGSLRLSCVTSQNLFEYYTMGWYRQVPGSQRERVALINNGGSTVAGSVEGRFTISRDHAKNSVYLQMNYLKPEDSAVYYCRAFGPADYWGQGTQVTVSS,70,https://doi.org/10.3389/fmed.2021.626028
A3C8,EVQLVESGGGLVQAGDSLRLSCTASGRTLGDYGVAWFRQAPGKEREFVAVISRSTIITDYANSVKGRFSISADSAKNTVYLQMNSLKPEDTAVYYCAAIANPVYATSRNSDDYGHWGQGTQVTVSS,70,https://doi.org/10.1371/journal.pone.0077678
VACC-E4,EVQLQASGGGLVQAGSSLRLSCAASGLTTSTLYRMGWFRQAPGKEREFVGTITWSGGSTHYPDSLKGRFTISRDDAKNTGFLQMDSLKPEDTAIYYCAARTSAGIYDPTSPPAYDSWGQGTQVTVSS,70,https://doi.org/10.1371/journal.pone.0106263
Cb,EVQLQASGGGLVQAGGSLRLTCAASGRTFGSYAMGWFRQAPGKEREFVAAISWSGGDTYADSVKGRFTISRDNAKNTVYLQMNSLEPEDTAVYWCAAVRARYYISKVAEDYGYWGQGTQVTVSS,70,https://doi.org/10.1371/journal.pone.0149393
SOD15_A6,EVQLQASGGGLVQAGGSLRLSCAASGRTFSTYIMGWWFRQAPGKEREFVAVKWNSGLVAYVDSVKGRFTISRDSAKNTIYLQMNSLNPEDTAVYYCAAKSQFDDGDYYSPLTYGYWGQGTQVTVSS,70,https://doi.org/10.3390/antib2010152
SODA1_F3,EVQLQASGGGLVQAGGSLRLSCAASGRTFSDYAMGVWFRQAPGKERVFVAAISWAFTTRYADSVKDRFTISRDNAQDTVYLQMNSLKLEDTAVYYCAARNEPFELLTPSTRHENLYWGQGTQVTVSS,70,https://doi.org/10.3390/antib2010152
BM_GFP2_VS,DVQLQESGGGSVQAGGSLRLSCAASPYFSLRSVVAWFRQAPGKEREGVATIFTSTGSTYYADSVKGRFTISQDNANTVSLQMNSLEPEDAAMYYCAIEGRPMIGGPSSSMGSPNSYTYWGQGTQVTVSS,70,https://doi.org/10.1074/jbc.M111.242818
BM_GFP3_LG,DVQLQESGGGSVQAGGSLRLSCAASGFPFSNYLMGWFRQAPGKEREGVATISRLGMFTEYADSVQGRFIISRDNAQNMVFLQMNNLTPEDTAIYYCAAVSTSSSDGRPRLPSQEYTYWGQGTQVTVSS,70,https://doi.org/10.1074/jbc.M111.242818
NRL-N-E10,DVQLQASGGGLVQAGGSLRLSCAASARTFYTMGWFRQVLGKDREFVGAIRWGVYATTRYADSVKGRFSISRDDATNTVALQMNSLKPEDTAVYYCAARAGPLGFELSATSSAEYDYWGQGTQVTVSS,70,https://pubs.acs.org/doi/10.1021/acs.analchem.1c00677
H1W,DVQLQASGGGLAQAGGSLRLSCAYSGQTVNDYAMAWFRQAPGKGREFVAAIRARGGGTEYLDSVKGRFTISRDNGENTAYLQMDNLQPDDTALYFCALAMGGYAYRAFERYSVWGQGTQVTVSS,70,https://doi.org/10.1016/j.btre.2015.01.001
H1W    ,DVQLQASGGGLAQAGGSLRLSCAYSGDTYNDYAMAWFRQAPGKGREFVAAIRARGGGTEYLDSVKGRFTISRDNGENTAYLQMDNLQPDDTALYFCALAMGGYAYRAFERYSVWGQGTQVTVSS,70,https://doi.org/10.3390/antib6010003
NbPep23,QVQLQESGGGSVQAGGSLRLSCAASGYTYTMGWFRQAPGKEREGVTIIYTGYDNIVYADSVKGRFTISRDNAKNTVYLQMNNLKPEDTAMYHCAAATRGLPRSYFDPGWYDSWGQGTQVTVSS,70.05,https://doi.org/10.1038/s41598-018-26338-z
NbPep47,EVQLVESGGGLVQAGGSLTLSCAASGRLLGIYALGWHRQAPGKERELVANITSAHSAHYAESVEGRFTISRDNAKNTVSLHMNSLKPEDTAVYYCDARNPITGRAYWGLGTQVTVSS,70.12363184,https://doi.org/10.1038/s41598-018-26338-z
Nb119 ,QVQLQESGGGLVQAGGSLRLSCAASGRTFSSYDMGWYRQAPGKEREFVAAISWSGGSTYYADSVKGRFTISRDNAKNTVYLQMNSLKPEDTAIYYCALADEEGGLNPSTVYYWGQGTQVTVSS,70.3,https://doi.org/10.1016/j.foodchem.2021.129481
M79-H5,QVQLVESGGGLVQPGGSLRLSCAASGSTFSSSSVGWYRQAPGQQRELVAAITSGGSTNTADSVKGRFTISRDNAKNTVYLQMNSLRAEDTAVYYCNVAGRNWVPISRYSPGPYWGQGTLVTVSS,70.4,https://doi.org/10.1096/fj.201903231R
NbPep19,QVQLQESGGGSVQAGGSLRLSCAVSGYSYSSYSIAWIRQAPGREREGVACINSGGKLAVYASSVKGRFTISHDNAKNTAYLQMNSLKPEDTAIYYCVLGESYCSQENYTSKWRAQGTQVTVSS,70.4,https://doi.org/10.1038/s41598-018-26338-z
ICab3_V115C,EVQLGESGGGSVQAGGSLRLSCAASGYMYSTYSTYCMGWFRQAPGKEREGVAFIKRGDHSTYYTDSVKGRFTISQDSAKNTVSLQMNNLKPEDTAIYYCAADFAHSFLLSCHSGAGQYSYWGQGTQVTVSS,70.5,https://doi.org/10.1074/jbc.RA119.010902
NbPep14,QVQLQESGGGSVQAGGSLKLSCAATYYIFSSCGMGWYRQAPGKERELVAIINSDGTRSIAESVKGRFTISQDANKNTFELQMNNLRAEDTAVYFCAAPKYVDYASRGRVCDKELMYWGQGTQVTVSS,70.58334992,https://doi.org/10.1038/s41598-018-26338-z
NbPep9,QVQLQESGGGSVQAGGSLRLSCAASGLTFSRHTMGWFRLAPGKECEVVSTITNDGTTNYADSVKGRFTVSQDNAKNTVYLQMNSLKPEDTAEYYCAARGSGYERLSRFCGMDYWGKGTQVTVSS,70.8,https://doi.org/10.1038/s41598-018-26338-z
A26.8_D107R,QVKLEESGGGLVQAGGSLRLSCAASERTFSRYPVAWFRQAPGAEREFVAVISSTGTSTYYADSVKGRFTISRDNAKVTVYLQMNNLKREDTAVYFCAVNSQRTRLQRPNEYDYWGQGTQVTVSS,70.8,https://doi.org/10.1038/s41598-018-20599-4
NbPep61,EVQLVESGGGLVQTGGSLRLSCAASGSIAGINAMGWYRQAPGKQRELVATITRGGSTNYADSAKGRFTISRDNAWNTVYLQMNSLKPEDTAVYYCKAQRLLWGDYWGQGTQVTVSS,70.80817579,https://doi.org/10.1038/s41598-018-26338-z
R28-H3,QVQLVESGGGLVQPGGSLRLSCAASGRIFIAYAMGWFRQAPGKEREFVAAITNFAGGTTYYADSVKGRFTISRDNSKNTLYLQMNSLRAEDTAVYYCAADRSAQTMRQVRPVLPYWGQGTLVTVSS,70.9,https://doi.org/10.1096/fj.201903231R
Nb1174,QVQLQESGGGSVQAGGSLRLSCAVSGYTYSRNCIGWFRQAPGKEREGVAALYTGGGSTYYAASVKGRFTISQDTKNTVYLQMNSLKPEDSAMYYCAANPFGLYTCGDLRGPDFGYWGQGTQVTVSS,70.95,https://doi.org/10.1016/j.pep.2021.105906
Z18_R50L_G78A_S133R,QVQLVESGGGLVQAGDSLRLSCAASGRTFSGYAMGWFRQAPGKELEFVARINWSGTLTYYADSVKGRFTASRDNAKNTVYLQMNSLKPEDTAVYYCAQRGDSGSNYDPSGYRYWGQGTQVTVSS,71,https://doi.org/10.1038/s41598-021-98977-8
Z18_G32D_R50L_G78A_S133R,QVQLVESGGGLVQAGDSLRLSCAASGRTFSDYAMGWFRQAPGKELEFVARINWSGTLTYYADSVKGRFTASRDNAKNTVYLQMNSLKPEDTAVYYCAQRGDSGSNYDPSGYRYWGQGTQVTVSS,71,https://doi.org/10.1038/s41598-021-98977-8
C2     ,QVKLEESGGGLVLPGGSLRLSCAASGSISSIYAMGWYRQAPGKQREVVAVITNGNSPNYADSVKGRFTISRDNAKNTVYLQMNSLKPEDTAVYYCNVEGVRYGDSWYDGDYWGQGTQVTVSS,71,https://doi.org/10.1016/j.toxicon.2017.02.008
CC3-m3 ,EVQLVESGGGSVQAGGSLRLSCVTSQNLFEYYTMGWYRQVPGSQRERVALINNGGSTVAGSVEGRFTISRDHAKNSVYLQMNYLQPEDSAVYYCRAFGPADYWGQGTQVTVSS,71,https://doi.org/10.3389/fmed.2021.626028
AAD ,EVQLVESGGGLVQAGDSLRLSCTASGRTFSRAVMGWFRQAPGKEREFVAAISAAPGTAYYAFYADSVRGRFSISADSAKNTVYLQMNSLKPEDTAVYYCAADTWNSVVTGTAADWGQGTQVTVSS,71,https://doi.org/10.1371/journal.pone.0077678
E2,EVQLQASGGGLVQAGGSLRLTCAASGRTFGSYAMGWFRQAPGKEREFVAAISWSGGDTYADSVKGRFTISRDNAKNTVYLQMNSLAPEDTAVYSCAAVGARYYISKDAKDYGYWGQGTQVTVSS,71,https://doi.org/10.1371/journal.pone.0149393
VACC-D9,EVQLQASGGGLVQAGGSLRLSCAVSGRAFSTYTMGWFRQAPGREREFVAHNSWSGGRTYYADSVKGRFTISRDNAKNTVYLQMTSLKPEDTAVYYCAATAALRGNYYYTQRDTYDYWGQGTQVTVSS,71,https://doi.org/10.1371/journal.pone.0106263
cAbAn33,DVQLVESGGGSVQAGGSLRLSCAVSGSTYSPCTTGWYRQAPGKEREWVSSISSPGTIYYQDSVKGRFTISRDNAKNTVYLQMNSLQREDTGMYYCQIQCGVRSIREYWGQGTQVTVSS,71,https://doi.org/10.1074/jbc.M111.242818
BM_GFP3_LP,DVQLQESGGGSVQAGGSLRLSCAASGFPFSNYLMGWFRQAPGKEREGVATISRLGMFTEYADSVQGRFIISRDNAQNMVFLQMNNLTPEDTAIYYCAAVSTSSSDPRPRLPSQEYTYWGQGTQVTVSS,71,https://doi.org/10.1074/jbc.M111.242818
CD11,DVQLQASGGGLVQAGGTLRLSCAHSGRTSSTQFWGWFRQAPGKEREFVAGMSRSGLSTFVADSVKGRFAISRDSGKNTVYLQMNSLKPEDTAVYFCASSPFIGEHYYSSTKYHYWGQGTQVTVSS,71,https://doi.org/10.1016/j.molimm.2018.11.016
Aa,DVQLQASGGGFVQAGGSLRLTCVASGHTFGSYAMGWFRQAPGKEREFVAAISWSGGDTYADSVKGRFTISRDNAKNTVYLQMNSLEPEDTAVYSCAAVGARYYISKDAKDYGYWGQGTQVTVSS,71,https://doi.org/10.1371/journal.pone.0149393
NbPep34,QVQLQESGGGSVQTGGSLTLSCLASENSFSVVRMAWFRKAPGKECELVSSITNDSDVTWYMRSVKGRFTISRDNTKKTLYLQMNSLQPEDTATYYCMGYPYSNEVGCRGQGTQVTVSS,71.05,https://doi.org/10.1038/s41598-018-26338-z
NbPep1,QVQLQESGGGSVQAGGSLRLSCSASGFYYDRWYMAWFRQVPGKEREEVAVINSADGSTYYADSVKGRFSISLGPTKKTANLLMSSLKPEDTGIYYCAATDGATIFGTPSVRQARAWGQGTQVTVSS,71.05,https://doi.org/10.1038/s41598-018-26338-z
aRBD-54,QLQLVESGGGLVQPGGSLRLSCAASGRTFGSFMGWFRQAPGQERDFVAAITWSGGSTYYADSVKGRFTISRDNAENTVYLQMNSLKPEDTAVYYCAARISSAYYTRSSSYAYWGQGTQVTVSS,71.07,https://doi.org/10.1128/JVI.02438-20
cAbAn33_1-0-0,DVQLVESGGGSVQAGGSLRLSCAVSGSTYSPCTTGWYRQAPGKEREWVSSISSPGTIYYQDSVKGRFTISRDNAKNTVYLQMNSLQREDTGMYYCQIQCGVRSIREYWGQGTQVTVSS,71.2,https://doi.org/10.1016/j.jmb.2008.01.022
aRBD-41,QVQLVESGGGLVQPGGSLRLSCAASGFTSGHYAIGWFRQAPGKEREGVSCIGSSDGSTYYADSVKGRFTISRDNAKNTVYLQMNSLKPEDTAVYYCAAGLWYGRSLNSFDYDYWGQGTQVTVSS,71.26,https://doi.org/10.1128/JVI.02438-20
cAbBCII10_0-1-1,QVQLVESGGGSVQAGGSLRLSATASGGSEYSYSTFSCGWFRQAPGQEREAVCAIASMGGLTYYADSVKGRFTCSRDNAKNTCTLQMNNLKPEDTAIYYVAAVRGYFMRLPSSHNFRYWGQGTQVTVSS,71.4,https://doi.org/10.1016/j.jmb.2008.01.022
NbPep18,QVQLQESGGGSVQAGGSLRLSCAASGYPYNNYCMGWFRQAPGKEREGVAAINSRGAIIGYADSVKGRFTISQDNAKNTMYLQMNSLKPEDTAIYYCAADLVGRWSGSCLFRSSGFGYWGQGTQVTVSS,71.45,https://doi.org/10.1038/s41598-018-26338-z
R28,QVQLVESGGGLVQAGGSLRLSCVASGRTFIAYAMGWFRQAPGKEREFVAAITNFAGGTTYYADSVKGRFTISRDNAKTTVYLQMNSLKPEDTALYYCAADRSAQTMRQVRPVLPYWGQGTQVTVSS,71.6,https://doi.org/10.1096/fj.201903231R
Nb20,QVQLVESGGGLVQAGGSLRLSCAVSGAGAHRVGWFRRAPGKEREFVAAIGASGGMTNYLDSVKGRFTISRDNAKNTIYLQMNSLKPQDTAVYYCAARDIETAEYIYWGQGTQVTVSS,71.8,https://doi.org/10.1126/science.abe4747
Nb1176,QVQLQESGGGSVQAGGSLRLSCVVSGYTYSAYYLAWFRQAPGKEREGVACIHSGSGSTYYADSAKGRFTISQDAKNTVYLQMNSLKREDTAIYYCAADYRFSYASACRHEYKYWGQGTQVTVSS,71.94,https://doi.org/10.1016/j.pep.2021.105906
h-NbBcII10,QVQLVESGGGLVQPGGSLRLSCAASGGSEYSYSTFSLGWFRQAPGQEREWVAATASMGGLTYYADSVKGRFTISRDNSKNTLYLQMNSLRAEDTAVYYCAAVRGYFMRLPSSHNFRYWGQGTLVTVSS,72,https://doi.org/10.1074/jbc.M806889200
CC3-m3hop ,EVQLVESGGGSVQAGGSLRLSCVTSQNLFEYYTMGWYRQVPGSQRERVALINNGGSTVAGSVEGRFTISRDHAKNSVYLQMNYLQPEDSAVYYCRAFGPADYWGQGTQVTVSS,72,https://doi.org/10.3389/fmed.2021.626028
WH11 ,EVQLQASGGGLVQAGGSLRLTCVASGLTFVNYALDWYRQAPGKERELVAGMWSDGVAYYGDFVKGRFTMSRDNAKNMVYLQMNSLEPEDTAVYSCAARSRPTTQYDYWGQGTQVTVSS,72,https://doi.org/10.3390/antib7040044
p5303_B6,EVQLQASGGGLVQAGGSLRLSCVASGVTFEKYDMGWFRQAPGKEREFVAAISSRSRTRYADSVKGRFTVSRDNAKATVYLQMNSLKSEDTAVYHCAGTSSLILWNNDSHRTGSYTYWGQGTQVTVSS,72,https://doi.org/10.3390/antib2010152
E7m2,DVQLVESGGGLVQAGDSLRLSCAASGRTLVIYAIAWFRQAPGKEREFVSAVRSTGSDTYYANSVKGRFTISRDNSRNNVYLQMDSLQPEDTAVYYCAAGRGQRLGYSRRQNDYDFWGQGTQVTVSS,72,https://doi.org/10.1371/journal.pone.0008818
E6m ,DVQLVESGGGLVQAGDSLRLSCAASGRTLSIYATGWFRQAPGKEREFVSAIRSTGSDTYYANSVKGRFTIARDNAKNMVYLQMNSLKPEDTAVYYCAAGRGQRLGYSRRQNDYDFWGQGTQVTVSS,72,https://doi.org/10.1371/journal.pone.0008818
BM_GFP3_VG,DVQLQESGGGSVQAGGSLRLSCAASGFPFSNYVMGWFRQAPGKEREGVATISRLGMFTEYADSVQGRFIISRDNAQNMVFLQMNNLTPEDTAIYYCAAVSTSSSDGRPRLPSQEYTYWGQGTQVTVSS,72,https://doi.org/10.1074/jbc.M111.242818
Cc,DVQLQASGGGLVQAGGSLRLTCAASGRTFGSYAMGWFRQAPGKEREFVAAISWSGGDTYADSVKGRFTISRDNAKNTVYLQMNSLEPEDTAVYWCAAVRARYYISKVAEDYGYWGQGTQVTVSS,72,https://doi.org/10.1371/journal.pone.0149393
aRBD-2,QVQLVESGGGLVQAGGSLRLSCAASGRTYTMGWFRQAPGKEREFVAAMRWSDTDYADSLKGRFTISRDNANNAMYLQMNSLGPEDTAVYYCAAGEAWLARSTHHYDYWGQGTQVTVSS,72.3,https://doi.org/10.1128/JVI.02438-20
A20.1,QVQLVESGGGLAQAGGSLRLSCAASGRTFSMDPMAWFRQPPGKEREFVAAGSSTGRTTYYADSVKGRFTISRDNAKNTVYLQMNSLKPEDTAVYYCAAAPYGANWYRDEYAYWGQGTQVTVSS,72.4,https://doi.org/10.1371/journal.pone.0028218
NbPep17,QVQLQESGGGSVQAGGSLRLSCAASGSTDTTNYIGWFRQVPGKEREGVATISTRGGVSTYYTDSVKGRFTISRDNAKNTVYLQMNRLKPEDTAMYYCAASGGRYIDAFSSNYFNYWGQGTQVTVSS,72.55,https://doi.org/10.1038/s41598-018-26338-z
Nb21,QVQLVESGGGLVQAGGSLRLSCAVSGLGAHRVGWFRRAPGKEREFVAAIGANGGNTNYLDSVKGRFTISRDNAKNTIYLQMNSLKPQDTAVYYCAARDIETAEYTYWGQGTQVTVSS,72.8,https://doi.org/10.1126/science.abe4747
sdAb_A3_D102R      ,EVQLVESGGGLVQAGDSLRLSCTASGRTFSRAVMGWFRQAPGKEREFVAAISAAPGTAYYAFYADSVRGRFSISADSAKNTVYLQMNSLKPEDTAVYYCAARLKMQVAAYMNQRSVDYWGQGTQVTVSS,73,https://doi.org/10.1021/acsomega.9b00730
C2neg  ,EVQLVESGGGLVLPGGSLRLSCAASGSISSIYAMGWYRQAPGKEREFVAVITNGNSPNYADSVKGRFTISRDNAKNTVYLQMNSLKPEDTAVYYCNVEGVRYGDSWYDGDYWGQGTQVTVSS,73,https://doi.org/10.1016/j.toxicon.2017.02.008
Ac,DVQLQASGGGLVQPGGSLRLTCAASGLIFGSYAMGWFRQAPGKAREFVAAISWSGGDTYADSVKGRFTISRDNAKNTVYLQMNSLEPEDTAVYSCAAVGSKYYISKDAKDYGYWGQGTQVTVSS,73,https://doi.org/10.1371/journal.pone.0149393
AC,DVQLQASGGGLVQPGGSLRLTCAASGLIFGSYAMGWFRQAPGKAREFVAAISWSGGDTYADSVKGRFTISRDNAKNTVYLQMNSLEPEDTAVYSCAAVGSKYYISKDAKDYGYWGQGTQVTVSS,73,https://doi.org/10.1186/s12934-015-0340-3
NbPep30,QVQLQESGGGSVQFGGSLTLSCVVSGYPTNIFYFTWFRQSPGKEREAVASLSSGQAKRYVDSVKDRFTISQGDPKNTIYLQMNGLKPEDTGIYYCAAGVTRAWEWRKPSTHPYWGQGTQVTVSS,73.1,https://doi.org/10.1038/s41598-018-26338-z
A5.1 ,QVKLEESGGGLVQAGGSLRLSCAASGRTFSMYRMGWFRQAPGKEREFVGVITRNGSSTYYADSVKGRFTISRDNAKNTVYLQMNSLKPEDTALYYCAATSGSSYLDAAHVYDYWGQGTQVTVSS,73.1,https://doi.org/10.1371/journal.pone.0028218
NbPep16,QVQLQESGGGSVQAGGSLRLSCTASGFTFDDFDMGWYHQSPGNECELVSAISADGSTYYTNSVKGRFTISRDYAKNTVYLQMNNLKPEDTAMYYCAADRWALRRTTACTGAYSGYVVWGQGTQVTVSS,73.2,https://doi.org/10.1038/s41598-018-26338-z
M75-H2,EVQLVESGGGLVQPGGSLRLSCAASGRTFDNYVMAWFRQAPGKEREFVSSISGSGSITNYANSVKDRFTISRDNSKNTLYLQMNSLRAEDTAVYYCAAGSRRTYYREPKFYPSWGQGTLVTVSS,73.2,https://doi.org/10.1096/fj.201903231R
aRBD-5,QVQLVESGGGLVQPGGTLRLSCAASGFTLDYYAIGWFRQAPGKEREGVSCISGSGGITNYTDSVKGRFTISRDNAKNTVYLQMNSLKPEDTAVYYCAPVSHTVVAGCAFEAWTDFGSWGQGTQVTVSS,73.37,https://doi.org/10.1128/JVI.02438-20
A26.8_D107Y,QVKLEESGGGLVQAGGSLRLSCAASERTFSRYPVAWFRQAPGAEREFVAVISSTGTSTYYADSVKGRFTISRDNAKVTVYLQMNNLKREDTAVYFCAVNSQRTRLQYPNEYDYWGQGTQVTVSS,73.4,https://doi.org/10.1038/s41598-018-20599-4
NbCEA5_hg,QVQLVESGGGLVQPGGSLRLSCAASGGSEYSYSTFSLGWFRQAPGQGLEAVAAIASMGGLTYYADSVKGRFTISRDNSKNTLYLQMNSLRAEDTAVYYCAAVRGYFMRLPSSHNFRYWGQGTLVTVSS,73.7,https://doi.org/10.2967/jnumed.109.069823
Nb1175,QVQLQESGGGSVQAGGSLRLSCVASGYTYSNLVMAWFRQAPGKEREGVAAITAYGSMTYYADSVKGRFTIARDAKNTVYLQMNSLKSEDTAIYYCAARDYWSSSGSWYNGGTYNIWGQGTQVTVSS,73.8,https://doi.org/10.1016/j.pep.2021.105906
NbCEA5_hs,QVQLVESGGGLVQPGGSLRLSCAASGDTYGSYWMGWFRQAPGQGLEAVAAINRGGGYTVYADSVKGRFTISRDNSKNTLYLQMNSLRAEDTAVYYCAASGVLGGLHEDWFNYWGQGTLVTVSS,74,https://doi.org/10.2967/jnumed.109.069823
F6     ,QVQLVESGGGLVQAGGSLRLSCATSGGTFSDYGMGWFRQAPGKEREFVAAIRRNGNGGNGIEYADSVKGRFTISRDNAKNTVHLQMNSLTPEDTAVYYCAASISGYAYNTIERYNYWGQGTQVTVSS,74,https://doi.org/10.3390/antib6010003
concave,QVQLVESGGALVQPGGSLRLSCAASGFPVSSSTMTWYRQAPGKEREWVAAISSSGSTTTYEDSVKGRFTISRDDARNTVYLQMNSLKPEDTAVYYCTVTVGSTYTGQGTQVTVSS,74,https://doi.org/10.7554/eLife.34317
2A3,QVKLEESGGGLVQAGGSLRLSCRTSGRTNSVYTMGWFRQAPGKEREFVAQIMWGAGTNTHYADSVKGRFTISRDSAESTVYLQMNSLKPEDTAVYYCAANRGIPIAGRQYDYWGQGTQVTVSS,74,https://doi.org/10.1016/j.jim.2011.06.017
A26.8_T54W,QVKLEESGGGLVQAGGSLRLSCAASERTFSRYPVAWFRQAPGAEREFVAVISSWGTSTYYADSVKGRFTISRDNAKVTVYLQMNNLKREDTAVYFCAVNSQRTRLQDPNEYDYWGQGTQVTVSS,74,https://doi.org/10.1038/s41598-018-20599-4
A26.8_S53R,QVKLEESGGGLVQAGGSLRLSCAASERTFSRYPVAWFRQAPGAEREFVAVISRTGTSTYYADSVKGRFTISRDNAKVTVYLQMNNLKREDTAVYFCAVNSQRTRLQDPNEYDYWGQGTQVTVSS,74,https://doi.org/10.1038/s41598-018-20599-4
sdAb_A3_R70A       ,EVQLVESGGGLVQAGDSLRLSCTASGRTFSRAVMGWFRQAPGKEREFVAAISAAPGTAYYAFYADSVRGAFSISADSAKNTVYLQMNSLKPEDTAVYYCAADLKMQVAAYMNQRSVDYWGQGTQVTVSS,74,https://doi.org/10.1021/acsomega.9b00730
D12f,EVQLQASGGGLVQDGGSLRLSCAVAGRPLSDYGVGWFRQASGKEREFVAVISGSGIVTDYANSVKGRFTISRDVAKNVVHLQMNSLKPEDTAVYYCAALTNPVYAASRNSNDYGYWGQGTQVTVSS,74,https://doi.org/10.1016/j.btre.2015.01.001
D12,EVQLQASGGGLVQDGGSLRLSCAVAGRPLSDYGVGWFRQASGKEREFVAVISGCGIVTDYANSVKGRFTISRDVAKNVVHLQMNSLKPEDTAVYYCAALTNPVYAASRNSNDYGYWGQGTQVTVSS,74,https://doi.org/10.1016/j.btre.2015.01.001
1ZVH,DVQLVESGGGSVQAGGSLRLSCAASGYIASINYLGWFRQAPGKEREGVAAVSPAGGTPYYADSVKGRFTVSLDNAENTVYLQMNSLKPEDTALYYCAAARQGWYIPLNSYGYNYWGQGTQVTVSS,74,"https://doi.org/10.7554/eLife.34317, https://doi.org/10.1073/pnas.0505379103"
BM_GFP3_LR,DVQLQESGGGSVQAGGSLRLSCAASGFPFSNYLMGWFRQAPGKEREGVATISRLGMFTEYADSVQGRFIISRDNAQNMVFLQMNNLTPEDTAIYYCAAVSTSSSDRRPRLPSQEYTYWGQGTQVTVSS,74,https://doi.org/10.1074/jbc.M111.242818
NbPep37,QVQLQESGGGSVQTGGSLRLSCAASGYTASNACMGWFRQAPGKEREGVATITTGGGTYYADSVKGRFTISRDNAKNTVYLQMNSLKPNDTAMYYCAATFPYIGGCLKVGLDAYRYWGQGTQVTVSS,74.1,https://doi.org/10.1038/s41598-018-26338-z
h-NbBcII10_FGLA,QVQLVESGGGLVQPGGSLRLSCAASGGSEYSYSTFSLGWFRQAPGQGLEAVAATASMGGLTYYADSVKGRFTISRDNSKNTLYLQMNSLRAEDTAVYYCAAVRGYFMRLPSSHNFRYWGQGTLVTVSS,74.3,https://doi.org/10.1074/jbc.M806889200
NbPep2,QVQLQESGGGSVQAGGSLRLSCTASGFYYSYWYIAWFRQAPGKEREEVAVINSSDLSTYVADSVKGRFTISQENGGKTAVLLMTSLKPEDTAIYYCAAKDGATIFGLPSARQIQSWGLGTQVTVSS,74.35,https://doi.org/10.1038/s41598-018-26338-z
NIH-CoVnb-112,DVQLQESGGGLVQPGGSLRLSCAASGLTLDYYAIGWFRQAPGKEREGVSCISSSDGSTYYADSVKGRFTTSRDNAKNTVYLQMNSLKPEDTAVYYCAAVPSTYYSGTYYYTCHPGGMDYWGKGTQVTVSS,74.4,https://doi.org/10.1038/s41598-020-79036-0
Nb85  ,QVQLQESGGGLVQAGGSLRLSCAASGLTFSTYDMGWYRQAPGKEREFVAAIDYSGGSTYYADSVKGRFTISRDNARNTVYLQMNSLEPEDTAIYYCADFFNNQSSTTVYYWGQGTQVTVSS,74.5,https://doi.org/10.1016/j.foodchem.2021.129481
A24.1,QVQLVESGGGLVQAGGSLRLSCAASIRSFSNRNMGWFRQPPGKEREFVAGISWGGGSTRYADSVKGRFTISRDNAKKTVYLQMNSLKPEDTAVYYCAAEFGHNIATSSDEYDYWGQGTQVTVSS,74.6,https://doi.org/10.1371/journal.pone.0028218
NbPep65,EVQLVESGGELVQAGGSLRLSCAASGLTFSSYNMGWFRRAPGKEREFVASITWSGRDTFYADSVKGRFTISRDNAKNAVYLQMSSLKPEDTAVYYCAANPWPVAAPRSGTYWGQGTQVTVSS,74.65,https://doi.org/10.1038/s41598-018-26338-z
NbPep55,EVQLVESGGGLVQSGGSLRLSCAASASAADFSTLTMAWYRQAPGKQRELVALITGGGIANYTDSVKGRFTISRDNAKSMMSLEMRSLRPEDTAVYYCKAQRPKIPFFAGREYWGQGTQVTVSS,74.8,https://doi.org/10.1038/s41598-018-26338-z
A26.8_D107N,QVKLEESGGGLVQAGGSLRLSCAASERTFSRYPVAWFRQAPGAEREFVAVISSTGTSTYYADSVKGRFTISRDNAKVTVYLQMNNLKREDTAVYFCAVNSQRTRLQNPNEYDYWGQGTQVTVSS,74.9,https://doi.org/10.1038/s41598-018-20599-4
loop,QVQLVESGGALVQPGGSLRLSCAASGFPVSSSTMTWYRQAPGKEREWVAAISSSGSTTTYEDSVKGRFTISRDDARNTVYLQMNSLKPEDTAVYYCNVKDSGSSSSSYDYWGQGTQVTVSS,75,https://doi.org/10.7554/eLife.34317
CC3-m1 ,EVQLVESGGGSVQAGDSLRLSCVTSQNLFEYYTMGWYRQVPGSQRELVALINNGGSTVAGSVEGRFTISRDHAKNSVYLQMNYLQPEDSAVYYCRAFGPADYWGQGTQVTVSS,75,https://doi.org/10.3389/fmed.2021.626028
C20neg+,EVQLVESGGGLVQPGGSLRLSCVGSGSISSFNGMGWYRQAPGKEREFVCFISSGGRSKYTDSVKGRFTCSGDNAKSTVYLQMINLKPEDTAVYYCNVGSVLSYVTGNYYEPSDYWGQGTQVTVSS,75,https://doi.org/10.1016/j.toxicon.2017.02.008
sdAb_A3_Y98A       ,EVQLVESGGGLVQAGDSLRLSCTASGRTFSRAVMGWFRQAPGKEREFVAAISAAPGTAYYAFYADSVRGRFSISADSAKNTVYLQMNSLKPEDTAVYACAADLKMQVAAYMNQRSVDYWGQGTQVTVSS,75,https://doi.org/10.1021/acsomega.9b00730
DAA ,EVQLVESGGGLVQAGDSLRLSCTASGREGTTTVGWFRQAPGKEREFVAAISAAPGTAYYAFYADSVRGRFSISADSAKNTVYLQMNSLKPEDTAVYYCAADLKMQVAAYMNQRSVDYWGQGTQVTVSS,75,https://doi.org/10.1371/journal.pone.0077678
WB9  ,DVQLQASGGGLVQAGGSLRLSCATSGISVSNSDMGWYRQGPGKQRELVARNSRAGTTNYLDSVKGRFTISRDNAKNMVFLQMNSLKLEDTAVYYCNTNPINRWNIWGQGAQVTVSS,75,https://doi.org/10.3390/antib7040044
VACC-D12,DVQLQASGGGLVQAGGSLRLSCAASGLTVSRYTMGWFRQAPGKEREFVAAIRWIEGRTYYADSVKGRFTISRDNAKNTVYLQMNSLKPDDMAVYYCAARAGATIRTSGNEYEYWGQGTQVTVSS,75,https://doi.org/10.1371/journal.pone.0106263
H1W+,DVQLQASGGGLAQAGGSLRLSCAYSGQTVNDYAMAWFRQAPGKGREFVCAIRARGGGTEYLDSVKGRFTCSRDNGENTAYLQMDNLQPDDTALYFCALAMGGYAYRAFERYSVWGQGTQVTVSS,75,https://doi.org/10.1016/j.btre.2015.01.001
A19.2,QVKLEESGGGLVQPGGSLRLSCAASGRTLSSYIVAWFRQAPGKEREFVAGISRRGGNSAYVESVKGRFTISRDNAKNTVYLQMNSLKPEDTAVYYCAADGSVAGWGRRSVSVSSYDYWGQGTQVTVSS,75.1,https://doi.org/10.1371/journal.pone.0028218
NbPep62,EVQLVESGGGLVQSGGSLRLSCAASASAADFSTLTMAWYRQAPGKQRELVALITGGGIANYTDSVKGRFTISRDNAKSTMSLEMHSLRPEDTAVYYCKAQRPKIPFFAGREYWGQGTQVTVSS,75.15,https://doi.org/10.1038/s41598-018-26338-z
aRBD-3,QVQLVESGGGLVQPGGSLRLSCAASGLTLDYYAIGWFRQAPGKEREGVSCISHPGGSTNYADSVKGRFTISRDNAKNTVYLQMNSLKPEDTAVYYCAASPLALFRLCVLPSPLPYDYWGQGTQVTVSS,75.44,https://doi.org/10.1128/JVI.02438-20
A26.8_T54R,QVKLEESGGGLVQAGGSLRLSCAASERTFSRYPVAWFRQAPGAEREFVAVISSRGTSTYYADSVKGRFTISRDNAKVTVYLQMNNLKREDTAVYFCAVNSQRTRLQDPNEYDYWGQGTQVTVSS,75.5,https://doi.org/10.1038/s41598-018-20599-4
Nb4,QVQLQESGGGSVQAGGSLRLSCAASGNTHITLAFRQAPGKEREGVFIYTSTGYTYYSDSVKGRFTISQDNAKNTVYLQMDNLKPEDAGMYYCAAGRTRSVRPGGRIDPGAFDYWGQGTQVTVSS,75.6,https://doi.org/10.1016/j.bbrc.2021.05.089
ICab3,EVQLGESGGGSVQAGGSLRLSCAASGYMYSTYSTYCMGWFRQAPGKEREGVAFIKRGDHSTYYTDSVKGRFTISQDSAKNTVSLQMNNLKPEDTAIYYCAADFAHSFLLSVHSGAGQYSYWGQGTQVTVSS,75.6,https://doi.org/10.1074/jbc.RA119.010902
cAbGFP4_1-0-1,QVQLVESGGALVQPGGSLRLSCAASGFPVNRYSMRWYRQAPGKEREWVCGMSSAGDRSSYEDSVKGRFTCSRDDARNTVYLQMNSLKPEDTAVYYCNVNVGFEYWGQGTQVTVSS,75.7,https://doi.org/10.1016/j.jmb.2008.01.022
NbPep64,EVQLVESGGGMVQPGGSLRLSCAASESIFRFSIMGWYRQAPGQERELVASISTSDMTRYADLVKGRFTISRDNAKNTVYLQMNSLKPEDTAVYYCNAEAWRFPSRYTYWGQGTQVTVSS,75.75,https://doi.org/10.1038/s41598-018-26338-z
NbHuL6  ,QVQLVESGGGSVQAGGSLRLSCSASGYTYISGWFRQAPGKEREGVAAIRSSDGTTYYADSVKGRFTISQDNAKNTVYLQMNSLKPEDTAMYYCAATEVAGWPLDIGIYDYWGQGTQVTVSS,76,https://doi.org/10.1110/ps.34602
M75-H4,QVQLVESGGGLVQPGGSLRLSCAASGRTFDNYVMAWFRQAPGKEREFVASISGSGSITNYANSVKDRFTISRDSSKNALYLQMNSLRAEDTAVYYCAAGSRRTYYREPKFYPSWGQGTLVTVSS,76,https://doi.org/10.1096/fj.201903231R
A26.8_T54Y,QVKLEESGGGLVQAGGSLRLSCAASERTFSRYPVAWFRQAPGAEREFVAVISSYGTSTYYADSVKGRFTISRDNAKVTVYLQMNNLKREDTAVYFCAVNSQRTRLQDPNEYDYWGQGTQVTVSS,76,https://doi.org/10.1038/s41598-018-20599-4
CC3-m1hop ,EVQLVESGGGSVQAGDSLRLSCVTSQNLFEYYTMGWYRQVPGSQRELVALINNGGSTVAGSVEGRFTISRDHAKNSVYLQMNYLQPEDSAVYYCRAFGPADYWGQGTQVTVSS,76,https://doi.org/10.3389/fmed.2021.626028
sdAb_A3_M111T      ,EVQLVESGGGLVQAGDSLRLSCTASGRTFSRAVMGWFRQAPGKEREFVAAISAAPGTAYYAFYADSVRGRFSISADSAKNTVYLQMNSLKPEDTAVYYCAADLKMQVAAYTNQRSVDYWGQGTQVTVSS,76,https://doi.org/10.1021/acsomega.9b00730
sdAb_A3_M111A      ,EVQLVESGGGLVQAGDSLRLSCTASGRTFSRAVMGWFRQAPGKEREFVAAISAAPGTAYYAFYADSVRGRFSISADSAKNTVYLQMNSLKPEDTAVYYCAADLKMQVAAYANQRSVDYWGQGTQVTVSS,76,https://doi.org/10.1021/acsomega.9b00730
sdAb_A3_M111A_V107I,EVQLVESGGGLVQAGDSLRLSCTASGRTFSRAVMGWFRQAPGKEREFVAAISAAPGTAYYAFYADSVRGRFSISADSAKNTVYLQMNSLKPEDTAVYYCAADLKMQIAAYANQRSVDYWGQGTQVTVSS,76,https://doi.org/10.1021/acsomega.9b00730
AC+,DVQLQASGGGLVQPGGSLRLTCAASGLIFGSYAMGWFRQAPGKAREFVCAISWSGGDTYADSVKGRFTCSRDNAKNTVYLQMNSLEPEDTAVYSCAAVGSKYYISKDAKDYGYWGQGTQVTVSS,76,https://doi.org/10.1186/s12934-015-0340-3
NbHuL6_VERG,QVQLVESGGGSVQAGGSLRLSCSASGYTYISGWVRQAPGKEREGVAAIRSSDGTTYYADSVKGRFTISQDNAKNTVYLQMNSLKPEDTAMYYCAATEVAGWPLDIGIYDYWGQGTQVTVSS,76.2,https://doi.org/10.1074/jbc.M806889200
cAbGFP4_1-1-0,QVQLVESGGALVQPGGSLRLSCAASGFPVNRYSCRWYRQAPGKEREWVAGMSSAGDRSSYEDSVKGRFTISRDDARNTCYLQMNSLKPEDTAVYYCNVNVGFEYWGQGTNVTVSS,76.2,https://doi.org/10.1016/j.jmb.2008.01.022
NbPep56,EVQLVESGGGLVQAGGSLRLSCAASGNRFSINTMGWFRQAPGKQRELVATITNSGTTNYADSVKGRFTISRDNAKNTIYLQMNSLRPEDTAVYYCHAGRFSAYWGQGTQVTVSS,76.3,https://doi.org/10.1038/s41598-018-26338-z
NbPep33,QVQLQESGGGSVQAGGSLRLSCATSGLTYRSYCMTWFRQAPGKEREGLLGIKSGGGSTYYVDSVKGRFTISQDNPKNTVYLQMNSLKPEDTAIYYCAAIVGWRTYGGSCPGTASEYNYWGQGTQVTVSS,76.35,https://doi.org/10.1038/s41598-018-26338-z
A26.8_T56I,QVKLEESGGGLVQAGGSLRLSCAASERTFSRYPVAWFRQAPGAEREFVAVISSTGISTYYADSVKGRFTISRDNAKVTVYLQMNNLKREDTAVYFCAVNSQRTRLQDPNEYDYWGQGTQVTVSS,76.5,https://doi.org/10.1038/s41598-018-20599-4
NbPep36,QVQLQESGGGSVQAGGSLRLSCAASGDTYSRLCMGWFRQPPGKEREAVAIITTGRGSSLYADSVKGRFTISQDNAKNTVYLQMNSLKPEDTAMYYCASGPSCARLWRRAPDTYWGQGTQVTVSS,76.6,https://doi.org/10.1038/s41598-018-26338-z
A26.8_T58K,QVKLEESGGGLVQAGGSLRLSCAASERTFSRYPVAWFRQAPGAEREFVAVISSTGTSKYYADSVKGRFTISRDNAKVTVYLQMNNLKREDTAVYFCAVNSQRTRLQDPNEYDYWGQGTQVTVSS,76.9,https://doi.org/10.1038/s41598-018-20599-4
A17 ,QVKLQESGGGLVQAGGSLRLSCAASGRPFSTYYMGWFRQAPGKEREFIIGIDSNGGITYARTSVKGRFTISRDNAKNTVYLQMNDLKPEDTAVYYCVADTGRGAGHWDSWGQGTQVTVSS,77,https://doi.org/10.1371/journal.pone.0008818
A26.8_T56R_T103M,QVKLEESGGGLVQAGGSLRLSCAASERTFSRYPVAWFRQAPGAEREFVAVISSTGRSTYYADSVKGRFTISRDNAKVTVYLQMNNLKREDTAVYFCAVNSQRMRLQDPNEYDYWGQGTQVTVSS,77,https://doi.org/10.1038/s41598-018-20599-4
D12fneg+,EVQLQASGGGLVQDGGSLRLSCAVAGRPLSDYGVGWFRQASGKEREFVCVISGSGIVTDYADSVKGRFTCSRDVAKNVVHLQMNSLKPEDTAVYYCAALTNPVYAASRNSDDYGYWGQGTQVTVSS,77,https://doi.org/10.1016/j.btre.2015.01.001
D12fneg,EVQLQASGGGLVQDGGSLRLSCAVAGRPLSDYGVGWFRQASGKEREFVAVISGSGIVTDYADSVKGRFTISRDVAKNVVHLQMNSLKPEDTAVYYCAALTNPVYAASRNSDDYGYWGQGTQVTVSS,77,https://doi.org/10.1016/j.btre.2015.01.001
A26.8,QVKLEESGGGLVQAGGSLRLSCAASERTFSRYPVAWFRQAPGAEREFVAVISSTGTSTYYADSVKGRFTISRDNAKVTVYLQMNNLKREDTAVYFCAVNSQRTRLQDPNEYDYWGQGTQVTVSS,77.2,https://doi.org/10.1371/journal.pone.0028218
A26.8_T56R,QVKLEESGGGLVQAGGSLRLSCAASERTFSRYPVAWFRQAPGAEREFVAVISSTGRSTYYADSVKGRFTISRDNAKVTVYLQMNNLKREDTAVYFCAVNSQRTRLQDPNEYDYWGQGTQVTVSS,77.2,https://doi.org/10.1038/s41598-018-20599-4
A26.8_R104W,QVKLEESGGGLVQAGGSLRLSCAASERTFSRYPVAWFRQAPGAEREFVAVISSTGTSTYYADSVKGRFTISRDNAKVTVYLQMNNLKREDTAVYFCAVNSQRTWLQDPNEYDYWGQGTQVTVSS,77.3,https://doi.org/10.1038/s41598-018-20599-4
A26.8_T103M,QVKLEESGGGLVQAGGSLRLSCAASERTFSRYPVAWFRQAPGAEREFVAVISSTGTSTYYADSVKGRFTISRDNAKVTVYLQMNNLKREDTAVYFCAVNSQRMRLQDPNEYDYWGQGTQVTVSS,77.4,https://doi.org/10.1038/s41598-018-20599-4
NbPep24,QVQLQESGGGSVQAGGSLRLSCVVSGYTNNINIMGWFRQAPGKERETVASKPTRYDNTYYADSVKGRFTISQDNAKNTMYLQMDNLKPEDTAMYYCAAGYAVLGSGTWDRASQYQYWGQGTQVTVSS,77.45,https://doi.org/10.1038/s41598-018-26338-z
A26.8_T103W,QVKLEESGGGLVQAGGSLRLSCAASERTFSRYPVAWFRQAPGAEREFVAVISSTGTSTYYADSVKGRFTISRDNAKVTVYLQMNNLKREDTAVYFCAVNSQRWRLQDPNEYDYWGQGTQVTVSS,77.5,https://doi.org/10.1038/s41598-018-20599-4
DesAb-RBD-C1,EVQLEESGGGLVQPGGSLRLSCAASGFNIKDTYIGWVRQAPGKGEEWVASIYPTSGYTRYADSVKGRFTISADTSKNTAYLQMNSLRAEDTAVYYCAAGSGSSATEVYEEFDYWGQGTLVTVSS,77.5,https://doi.org/10.1101/2021.03.02.433360
A26.8_N109R,QVKLEESGGGLVQAGGSLRLSCAASERTFSRYPVAWFRQAPGAEREFVAVISSTGTSTYYADSVKGRFTISRDNAKVTVYLQMNNLKREDTAVYFCAVNSQRTRLQDPREYDYWGQGTQVTVSS,77.6,https://doi.org/10.1038/s41598-018-20599-4
cAbBCII10_1-0-0,QVQLVESGGGSVQAGGSLRLSCTASGGSEYSYSTFSLGWFRQAPGQEREAVAAIASMGGLTYYADSVKGRFTISRDNAKNTVTLQMNNLKPEDTAIYYCAAVRGYFMRLPSSHNFRYWGQGTQVTVSS,77.8,https://doi.org/10.1016/j.jmb.2008.01.022
NbPep38,QVQLQESGGGSVQAGGSLRLSCSASTIYISTKYYMALGWFRQAPGKEREGVAVIYIKNGGTFYTDSVKGRFTISLDIAKNTVYLQMNSLKPEDTAMYYCAASRPLMWRDVSSHERFGPNGYNYWGQGTQVTVSS,77.8,https://doi.org/10.1038/s41598-018-26338-z
NbBcII10,QVQLVESGGGSVQAGGSLRLSCTASGGSEYSYSTFSLGWFRQAPGQEREAVAAIASMGGLTYYADSVKGRFTISRDNAKNTVTLQMNNLKPEDTAIYYCAAVRGYFMRLPSSHNFRYWGQGTQVTVSS,78,https://doi.org/10.1110/ps.34602
M75-H1,EVQLVESGGGLVQPGGSLRLSCAASGRTFDNYVMAWFRQAPGKGLEFVSSISGSGSITNYANSVKDRFTISRDNSKNTLYLQMNSLRAEDTAVYYCAAGSRRTYYREPKFYPSWGQGTLVTVSS,78,https://doi.org/10.1096/fj.201903231R
sdAb_A3_K104G      ,EVQLVESGGGLVQAGDSLRLSCTASGRTFSRAVMGWFRQAPGKEREFVAAISAAPGTAYYAFYADSVRGRFSISADSAKNTVYLQMNSLKPEDTAVYYCAADLGMQVAAYMNQRSVDYWGQGTQVTVSS,78,https://doi.org/10.1021/acsomega.9b00730
BM_GFP2   ,DVQLQESGGGSVQAGGSLRLSCAASPYFSLRSCVAWFRQAPGKEREGVATIFTSTGSTYYADSVKGRFTISQDNANTVSLQMNSLEPEDAAMYYCAIEGRPMIGGPSCSMGSPNSYTYWGQGTQVTVSS,78,https://doi.org/10.1074/jbc.M111.242818
BM_GFP3   ,DVQLQESGGGSVQAGGSLRLSCAASGFPFSNYCMGWFRQAPGKEREGVATISRLGMFTEYADSVQGRFIISRDNAQNMVFLQMNNLTPEDTAIYYCAAVSTSSSDCRPRLPSQEYTYWGQGTQVTVSS,78,https://doi.org/10.1074/jbc.M111.242818
C10neg+,DVQLQASGGELVQDGDSLRLICAHSGREGTTTVGIFRQAPGKEREFVCALRMTDGRISYADSVKERFTCSSDNWKNTVYLQMNGLKPEDSALYYCAEDSWYPVVTGTAAYWGQGTQVTVSS,78,https://doi.org/10.1016/j.btre.2015.01.001
A26.8_E110Q,QVKLEESGGGLVQAGGSLRLSCAASERTFSRYPVAWFRQAPGAEREFVAVISSTGTSTYYADSVKGRFTISRDNAKVTVYLQMNNLKREDTAVYFCAVNSQRTRLQDPNQYDYWGQGTQVTVSS,78.1,https://doi.org/10.1038/s41598-018-20599-4
NbHuL6_VGLG,QVQLVESGGGSVQAGGSLRLSCSASGYTYISGWVRQAPGKGLEGVAAIRSSDGTTYYADSVKGRFTISQDNAKNTVYLQMNSLKPEDTAMYYCAATEVAGWPLDIGIYDYWGQGTQVTVSS,78.4,https://doi.org/10.1074/jbc.M806889200
Sb68,QVQLVESGGGSVQAGGSLRLSCAASGSISSITYLGWFRQAPGKEREGVAALITVNGHTYYADSVKGRFTVSLDNAKNTVYLQMNSLKPEDTALYYCAAAAWGYAWPLHQDDYWYWGQGTQVTVSS,78.4,https://doi.org/10.21203/rs.3.rs-625642/v1
A26.8_T103K,QVKLEESGGGLVQAGGSLRLSCAASERTFSRYPVAWFRQAPGAEREFVAVISSTGTSTYYADSVKGRFTISRDNAKVTVYLQMNNLKREDTAVYFCAVNSQRKRLQDPNEYDYWGQGTQVTVSS,78.5,https://doi.org/10.1038/s41598-018-20599-4
A26.8_T56R_T103R,QVKLEESGGGLVQAGGSLRLSCAASERTFSRYPVAWFRQAPGAEREFVAVISSTGRSTYYADSVKGRFTISRDNAKVTVYLQMNNLKREDTAVYFCAVNSQRRRLQDPNEYDYWGQGTQVTVSS,78.5,https://doi.org/10.1038/s41598-018-20599-4
A26.8_T56R_T103K,QVKLEESGGGLVQAGGSLRLSCAASERTFSRYPVAWFRQAPGAEREFVAVISSTGRSTYYADSVKGRFTISRDNAKVTVYLQMNNLKREDTAVYFCAVNSQRKRLQDPNEYDYWGQGTQVTVSS,78.5,https://doi.org/10.1038/s41598-018-20599-4
DesAb-Tryp,EVQLEESGGGLVQPGGSLRLSCAASGFNIKDTYIGWVRQAPGKGEEWVASIYPTSGYTRYADSVKGRFTISADTSKNTAYLQMNSLRAEDTAVYYCAAGSQSGYHFEEFDYWGQGTLVTVSS,78.5,https://doi.org/10.1101/2021.03.02.433360
M75-H3,QVQLVESGGGLVQPGGSLRLSCAASGRTFDNYVMAWFRQAPGKEREFVASISGSGSITNYANSVKDRFTISRDNSKNTLYLQMNSLRAEDTAVYYCAAGSRRTYYREPKFYPSWGQGILVTVSS,78.6,https://doi.org/10.1096/fj.201903231R
NbPep54,EVQLVESGGGLVQAGGSLRLSCTASVSIFSISTMGWYRQAPGKQREWVAAISSGGTPSYADSVKGRFTISKDNAKNTLELQMNSLRPEDTAVYYCNARRTPGTIFPVFDYWGQGTQVTVSS,78.7,https://doi.org/10.1038/s41598-018-26338-z
A19.2m,QVKLEESGGGLVQPGGSLRLSCAASGRTLSSYIVAWFRQAPGKEREFVCGISRRGGNSAYVESVKGRFTCSRDNAKNTVYLQMNSLKPEDTAVYYCAADGSVAGWGRRSVSVSSYDYWGQGTQVTVSS,78.8,https://doi.org/10.1371/journal.pone.0028218
NbPep39,QVQLQESGGGSVQAGGSLRLSCAASGYTYRYSMGWYRQAPGKERELVSSIISDGSTYYADSVKGRFTISQDNAKNTVYLQMNSLKPEDTAMYYCFTDARRDSRSLPLRYWGQGTQVTVSS,78.85,https://doi.org/10.1038/s41598-018-26338-z
aRBD-7,QLQLVESGGGLVQAGGSLRLSCAASERTFSGGVMGWFRQRPGKEREFVAAIRWNGASTFYADSVKGRFTCSRDNAKNTGYLQMNSLTPEDTAVYYCARAVRTYASSDYYFQERTYDYWGQGTQVTVSS,78.98,https://doi.org/10.1128/JVI.02438-20
Gr6,QVQLVESGGGLIKPGGSLRLSCAASGVRLSAYDMAWVRQAPGKGLEWVSAISSSGGSTYYADSVKGRFTISRDNSKNTVYLQMNSLRAEDTAVYYCVTLPDLCPGDNCTYPDASWGQGTMVTVSS,79,https://doi.org/10.1371/journal.pone.0030149
A26.8_Q106Y,QVKLEESGGGLVQAGGSLRLSCAASERTFSRYPVAWFRQAPGAEREFVAVISSTGTSTYYADSVKGRFTISRDNAKVTVYLQMNNLKREDTAVYFCAVNSQRTRLYDPNEYDYWGQGTQVTVSS,79,https://doi.org/10.1038/s41598-018-20599-4
sdAb_A3_V116Y      ,EVQLVESGGGLVQAGDSLRLSCTASGRTFSRAVMGWFRQAPGKEREFVAAISAAPGTAYYAFYADSVRGRFSISADSAKNTVYLQMNSLKPEDTAVYYCAADLKMQVAAYMNQRYVDYWGQGTQVTVSS,79,https://doi.org/10.1021/acsomega.9b00730
VACC-B7,DVQLQASGGGLVQAGGSLRLSCAASGLTVSRYTMGWFRQAPGKEREFVAAIRWIEGRTYYADSVKGRFTISRDNAKNTVYLQMNSLKPDDTAVYYCAARAGATIRTVGNDYEHWGQGTQVTVSS,79,https://doi.org/10.1371/journal.pone.0106263
A20.1m,QVQLVESGGGLAQAGGSLRLSCAASGRTFSMDPMAWFRQPPGKEREFVCAGSSTGRTTYYADSVKGRFTCSRDNAKNTVYLQMNSLKPEDTAVYYCAAAPYGANWYRDEYAYWGQGTQVTVSS,79.1,https://doi.org/10.1371/journal.pone.0028218
A26.8_T103R,QVKLEESGGGLVQAGGSLRLSCAASERTFSRYPVAWFRQAPGAEREFVAVISSTGTSTYYADSVKGRFTISRDNAKVTVYLQMNNLKREDTAVYFCAVNSQRRRLQDPNEYDYWGQGTQVTVSS,79.1,https://doi.org/10.1038/s41598-018-20599-4
NbHuL6_VERW,QVQLVESGGGSVQAGGSLRLSCSASGYTYISGWVRQAPGKEREWVAAIRSSDGTTYYADSVKGRFTISQDNAKNTVYLQMNSLKPEDTAMYYCAATEVAGWPLDIGIYDYWGQGTQVTVSS,79.4,https://doi.org/10.1074/jbc.M806889200
NbHuL6_VGLW,QVQLVESGGGSVQAGGSLRLSCSASGYTYISGWVRQAPGKGLEWVAAIRSSDGTTYYADSVKGRFTISQDNAKNTVYLQMNSLKPEDTAMYYCAATEVAGWPLDIGIYDYWGQGTQVTVSS,79.5,https://doi.org/10.1074/jbc.M806889200
NbBcII10_FGLA,QVQLVESGGGSVQAGGSLRLSCTASGGSEYSYSTFSLGWFRQAPGQGLEAVAAIASMGGLTYYADSVKGRFTISRDNAKNTVTLQMNNLKPEDTAIYYCAAVRGYFMRLPSSHNFRYWGQGTQVTVSS,79.6,https://doi.org/10.1074/jbc.M806889200
NbHuL6,QVQLVESGGGSVQAGGSLRLSCSASGYTYISGWFRQAPGKEREGVAAIRSSDGTTYYADSVKGRFTISQDNAKNTVYLQMNSLKPEDTAMYYCAATEVAGWPLDIGIYDYWGQGTQVTVSS,79.7,https://doi.org/10.1074/jbc.M806889200
A26.8_Q106W,QVKLEESGGGLVQAGGSLRLSCAASERTFSRYPVAWFRQAPGAEREFVAVISSTGTSTYYADSVKGRFTISRDNAKVTVYLQMNNLKREDTAVYFCAVNSQRTRLWDPNEYDYWGQGTQVTVSS,79.7,https://doi.org/10.1038/s41598-018-20599-4
M75,QVQLVESGGGFVQAGGSLRLSCAASGRTFDNYVMAWFRQAPGKEREFVASISGSGSITNYANSVKDRFTISRDSAKNAIYLQMNSLKPEDTALYYCAAGSRRTYYREPKFYPSWGQGTQVTVSS,79.8,https://doi.org/10.1096/fj.201903231R
NbHuL6_VGLW_W118R,QVQLVESGGGSVQAGGSLRLSCSASGYTYISGWVRQAPGKGLEWVAAIRSSDGTTYYADSVKGRFTISQDNAKNTVYLQMNSLKPEDTAMYYCAATEVAGWPLDIGIYDYRGQGTQVTVSS,79.9,https://doi.org/10.1074/jbc.M806889200
A26.8_Q106L,QVKLEESGGGLVQAGGSLRLSCAASERTFSRYPVAWFRQAPGAEREFVAVISSTGTSTYYADSVKGRFTISRDNAKVTVYLQMNNLKREDTAVYFCAVNSQRTRLLDPNEYDYWGQGTQVTVSS,80,https://doi.org/10.1038/s41598-018-20599-4
sdAb_A3_V116A      ,EVQLVESGGGLVQAGDSLRLSCTASGRTFSRAVMGWFRQAPGKEREFVAAISAAPGTAYYAFYADSVRGRFSISADSAKNTVYLQMNSLKPEDTAVYYCAADLKMQVAAYMNQRAVDYWGQGTQVTVSS,80,https://doi.org/10.1021/acsomega.9b00730
E7m3,EVQLVESGGGLVQAGDSLRLSCAASGRTLVIYAIAWFRQAPGKEREFVSAVRSTGSDTYYANSVKGRFTISRDNAKNMVYLQMNSLKPEDTAVYYCAAGRGQRLGYSRRQNDYDFWGQGTQVTVSS,80,https://doi.org/10.1371/journal.pone.0008818
NbPep60,EVQLVESGGGLVHAGGSLRLSCAATGSIFGINTMGWYRQAPGKERELVATITSGGATNYADPVKGRFTISRDNAKNTVYLQMNSLRPEDTAVYYCNIRARRTIWDRGHLSDYWGQGTQVTVSS,80,https://doi.org/10.1038/s41598-018-26338-z
L1-G2+,EVQLQASGGGLVQAGGSLRLSCTASGRAFSTTNMGWFRQAPGKEREFVCRVNWSGGVTSYADSVKGRFTCSRDNTKNTVYLQMDSLKPEDTAVYYCAGSTVWSTDRKHYNYWGQGTQVTVSS,80,https://doi.org/10.1371/journal.pone.0106263
DesAb-RBD-C2,EVQLEESGGGLVQPGGSLRLSCAASGFNIKDTYIGWVRQAPGKGEEWVASIYPTSGYTRYADSVKGRFTISADTSKNTAYLQMNSLRAEDTAVYYCAAGSVVADLSVEEFDYWGQGTLVTVSS,80,https://doi.org/10.1101/2021.03.02.433360
DesAb-HSA-P2,EVQLEESGGGLVQPGGSLRLSCAASGFNIKDTYIGWVRQAPGKGEEWVASIYPTSGYTRYADSVKGRFTISADTSKNTAYLQMNSLRAEDTAVYYCAAGSAQAGNAEEAEEEFDYWGQGTLVTVSS,80,https://doi.org/10.1101/2021.03.02.433360
ACneg,DVQLVESGGGLVQPGGSLRLTCAASGLIFGSYAMGWFRQAPGKAREFVAAISWSGGDTYADSVKGRFTISRDNAKNTVYLQMNSLEPEDTAVYSCAAVGSKYYISKDAKDYGYWGQGTQVTVSS,80,https://doi.org/10.1186/s12934-015-0340-3
A24.1m,QVQLVESGGGLVQAGGSLRLSCAASIRSFSNRNMGWFRQPPGKEREFVCGISWGGGSTRYADSVKGRFTCSRDNAKKTVYLQMNSLKPEDTAVYYCAAEFGHNIATSSDEYDYWGQGTQVTVSS,80.1,https://doi.org/10.1371/journal.pone.0028218
D2-L29_A107R,DVQLVESGGGSVQAGESLRLSCAASGVTYKNYCIGWFRQAPGKDREGVVFINSDGGITYYADSVKGRFTISQDNAKNTVYLQMNSLKPEDTASYYCAAGYRNYGQCRTRYWGQGTQVTVSS,80.7,https://doi.org/10.1093/protein/gzaa006
D2-L29,DVQLVESGGGSVQAGESLRLSCAASGVTYKNYCIGWFRQAPGKDREGVVFINSDGGITYYADSVKGRFTISQDNAKNTVYLQMNSLKPEDTASYYCAAGYRNYGQCATRYWGQGTQVTVSS,80.7,https://doi.org/10.1093/protein/gzaa006
M75-H5,QVQLVESGGGLVQPGGSLRLSCAASGRTFDNYVMAWFRQAPGKEREFVASISGSGSITNYANSVKDRFTISRDSAKNAIYLQMNSLRAEDTAVYYCAAGSRRTYYREPKFYPSWGQGTLVTVSS,80.9,https://doi.org/10.1096/fj.201903231R
A26.8_T56R_Q101K_T103M,QVKLEESGGGLVQAGGSLRLSCAASERTFSRYPVAWFRQAPGAEREFVAVISSTGRSTYYADSVKGRFTISRDNAKVTVYLQMNNLKREDTAVYFCAVNSKRMRLQDPNEYDYWGQGTQVTVSS,80.9,https://doi.org/10.1038/s41598-018-20599-4
A26.8_Q106F,QVKLEESGGGLVQAGGSLRLSCAASERTFSRYPVAWFRQAPGAEREFVAVISSTGTSTYYADSVKGRFTISRDNAKVTVYLQMNNLKREDTAVYFCAVNSQRTRLFDPNEYDYWGQGTQVTVSS,81,https://doi.org/10.1038/s41598-018-20599-4
L1-G2+neg,EVQLVESGGGLVQDGDSLRLSCTASGRAFSTTNMGWFRQAPGKEREFVCRVNWSGGVTSYADSVKGRFTCSRDNTKNTVYLQMDSLKPEDTAVYYCAGSTVWSTDRKHYNYWGQGTQVTVSS,81,https://doi.org/10.1186/s12934-015-0340-3
L1-G2+neg2,EVQLVESGGGLVQDGDSLRLSCTASGRAFSTTNMGWFRQAPGKEREFVCRVNWSGGVTSYADSVKGRFTCSADNTKNTVYLQMDSLKPEDTAVYYCAGSTVWSTDRKHYNYWGQGTQVTVSS,81,https://doi.org/10.1186/s12934-015-0340-3
AC+neg2,DVQLVESGGGLVQPGGSLRLTCAASGLIFGSYAMGWFRQAPGKAREFVCAISWSGGDTYADSVKGRFTCSRDNAKNTVYLQMNSLEPEDTAVYSCAAVGSKYYISKDAKDYGYWGQGTQVTVSS,81,https://doi.org/10.1186/s12934-015-0340-3
ACneg2,DVQLVESGGGLVQPGGSLRLTCAASGLIFGSYAMGWFRQAPGKAREFVAAISWSGGDTYADSVKGRFTISRDNAKNTVYLQMNSLEPEDTAVYSCAAVGSKYYISKDAKDYGYWGQGTQVTVSS,81,https://doi.org/10.1186/s12934-015-0340-3
A26.8_Q101K_T103M,QVKLEESGGGLVQAGGSLRLSCAASERTFSRYPVAWFRQAPGAEREFVAVISSTGTSTYYADSVKGRFTISRDNAKVTVYLQMNNLKREDTAVYFCAVNSKRMRLQDPNEYDYWGQGTQVTVSS,81.3,https://doi.org/10.1038/s41598-018-20599-4
A26.8_T56R_Q101K_T103K,QVKLEESGGGLVQAGGSLRLSCAASERTFSRYPVAWFRQAPGAEREFVAVISSTGRSTYYADSVKGRFTISRDNAKVTVYLQMNNLKREDTAVYFCAVNSKRKRLQDPNEYDYWGQGTQVTVSS,81.3,https://doi.org/10.1038/s41598-018-20599-4
A26.8_Q101K,QVKLEESGGGLVQAGGSLRLSCAASERTFSRYPVAWFRQAPGAEREFVAVISSTGTSTYYADSVKGRFTISRDNAKVTVYLQMNNLKREDTAVYFCAVNSKRTRLQDPNEYDYWGQGTQVTVSS,81.4,https://doi.org/10.1038/s41598-018-20599-4
A26.8_T56R_Q101K,QVKLEESGGGLVQAGGSLRLSCAASERTFSRYPVAWFRQAPGAEREFVAVISSTGRSTYYADSVKGRFTISRDNAKVTVYLQMNNLKREDTAVYFCAVNSKRTRLQDPNEYDYWGQGTQVTVSS,81.4,https://doi.org/10.1038/s41598-018-20599-4
A26.8_Q101K_T103K,QVKLEESGGGLVQAGGSLRLSCAASERTFSRYPVAWFRQAPGAEREFVAVISSTGTSTYYADSVKGRFTISRDNAKVTVYLQMNNLKREDTAVYFCAVNSKRKRLQDPNEYDYWGQGTQVTVSS,81.5,https://doi.org/10.1038/s41598-018-20599-4
A26.8_T56R_Q101K_T103R,QVKLEESGGGLVQAGGSLRLSCAASERTFSRYPVAWFRQAPGAEREFVAVISSTGRSTYYADSVKGRFTISRDNAKVTVYLQMNNLKREDTAVYFCAVNSKRRRLQDPNEYDYWGQGTQVTVSS,81.6,https://doi.org/10.1038/s41598-018-20599-4
D2-L29_A107F,DVQLVESGGGSVQAGESLRLSCAASGVTYKNYCIGWFRQAPGKDREGVVFINSDGGITYYADSVKGRFTISQDNAKNTVYLQMNSLKPEDTASYYCAAGYRNYGQCFTRYWGQGTQVTVSS,81.7,https://doi.org/10.1093/protein/gzaa006
A26.8_Q101K_T103R,QVKLEESGGGLVQAGGSLRLSCAASERTFSRYPVAWFRQAPGAEREFVAVISSTGTSTYYADSVKGRFTISRDNAKVTVYLQMNNLKREDTAVYFCAVNSKRRRLQDPNEYDYWGQGTQVTVSS,81.9,https://doi.org/10.1038/s41598-018-20599-4
D2-L29_A107Y,DVQLVESGGGSVQAGESLRLSCAASGVTYKNYCIGWFRQAPGKDREGVVFINSDGGITYYADSVKGRFTISQDNAKNTVYLQMNSLKPEDTASYYCAAGYRNYGQCYTRYWGQGTQVTVSS,81.9,https://doi.org/10.1093/protein/gzaa006
cAbBCII10_1-1-0,QVQLVESGGGSVQAGGSLRLSCTASGGSEYSYSTFSCGWFRQAPGQEREAVAAIASMGGLTYYADSVKGRFTISRDNAKNTCTLQMNNLKPEDTAIYYCAAVRGYFMRLPSSHNFRYWGQGTQVTVSS,82,https://doi.org/10.1016/j.jmb.2008.01.022
sdAb_A3_Y59A       ,EVQLVESGGGLVQAGDSLRLSCTASGRTFSRAVMGWFRQAPGKEREFVAAISAAPGTAAYAFYADSVRGRFSISADSAKNTVYLQMNSLKPEDTAVYYCAADLKMQVAAYMNQRSVDYWGQGTQVTVSS,82,https://doi.org/10.1021/acsomega.9b00730
AC+neg,DVQLVESGGGLVQPGGSLRLTCAASGLIFGSYAMGWFRQAPGKAREFVCAISWSGGDTYADSVKGRFTCSRDNAKNTVYLQMNSLEPEDTAVYSCAAVGSKYYISKDAKDYGYWGQGTQVTVSS,82,https://doi.org/10.1186/s12934-015-0340-3
NbHuL6_FGLG,QVQLVESGGGSVQAGGSLRLSCSASGYTYISGWFRQAPGKGLEGVAAIRSSDGTTYYADSVKGRFTISQDNAKNTVYLQMNSLKPEDTAMYYCAATEVAGWPLDIGIYDYWGQGTQVTVSS,82.5,https://doi.org/10.1074/jbc.M806889200
DesAb-HSA-P1,EVQLEESGGGLVQPGGSLRLSCAASGFNIKDTYIGWVRQAPGKGEEWVASIYPTSGYTRYADSVKGRFTISADTSKNTAYLQMNSLRAEDTAVYYCAAGSIQKSLQTAESILEEFDYWGQGTLVTVSS,82.5,https://doi.org/10.1101/2021.03.02.433360
sdAb_A3_P55S       ,EVQLVESGGGLVQAGDSLRLSCTASGRTFSRAVMGWFRQAPGKEREFVAAISAASGTAYYAFYADSVRGRFSISADSAKNTVYLQMNSLKPEDTAVYYCAADLKMQVAAYMNQRSVDYWGQGTQVTVSS,83,https://doi.org/10.1021/acsomega.9b00730
sdAb_A3_S74A       ,EVQLVESGGGLVQAGDSLRLSCTASGRTFSRAVMGWFRQAPGKEREFVAAISAAPGTAYYAFYADSVRGRFSIAADSAKNTVYLQMNSLKPEDTAVYYCAADLKMQVAAYMNQRSVDYWGQGTQVTVSS,83,https://doi.org/10.1021/acsomega.9b00730
sdAb_A3_A75R       ,EVQLVESGGGLVQAGDSLRLSCTASGRTFSRAVMGWFRQAPGKEREFVAAISAAPGTAYYAFYADSVRGRFSISRDSAKNTVYLQMNSLKPEDTAVYYCAADLKMQVAAYMNQRSVDYWGQGTQVTVSS,84,https://doi.org/10.1021/acsomega.9b00730
sdAb_A3_D102A      ,EVQLVESGGGLVQAGDSLRLSCTASGRTFSRAVMGWFRQAPGKEREFVAAISAAPGTAYYAFYADSVRGRFSISADSAKNTVYLQMNSLKPEDTAVYYCAAALKMQVAAYMNQRSVDYWGQGTQVTVSS,84,https://doi.org/10.1021/acsomega.9b00730
sdAb_A3_Y59P       ,EVQLVESGGGLVQAGDSLRLSCTASGRTFSRAVMGWFRQAPGKEREFVAAISAAPGTAPYAFYADSVRGRFSISADSAKNTVYLQMNSLKPEDTAVYYCAADLKMQVAAYMNQRSVDYWGQGTQVTVSS,84,https://doi.org/10.1021/acsomega.9b00730
sdAb_A3_F29A       ,EVQLVESGGGLVQAGDSLRLSCTASGRTASRAVMGWFRQAPGKEREFVAAISAAPGTAYYAFYADSVRGRFSISADSAKNTVYLQMNSLKPEDTAVYYCAADLKMQVAAYMNQRSVDYWGQGTQVTVSS,84,https://doi.org/10.1021/acsomega.9b00730
NbHuL6_FERW,QVQLVESGGGSVQAGGSLRLSCSASGYTYISGWFRQAPGKEREWVAAIRSSDGTTYYADSVKGRFTISQDNAKNTVYLQMNSLKPEDTAMYYCAATEVAGWPLDIGIYDYWGQGTQVTVSS,84.2,https://doi.org/10.1074/jbc.M806889200
A5.1m,QVKLEESGGGLVQAGGSLRLSCAASGRTFSMYRMGWFRQAPGKEREFVCVITRNGSSTYYADSVKGRFTCSRDNAKNTVYLQMNSLKPEDTALYYCAATSGSSYLDAAHVYDYWGQGTQVTVSS,84.7,https://doi.org/10.1371/journal.pone.0028218
A4.2 ,QVKLEESGGGLVQAGGSLRLSCAASGRTFNTLSMGWFRQAPGKEREFVAAVSRSGGSTYYADSVKGRFTISRDNAKNTVYLQMNSLKPEDTAVYYCAAAATKSNTTAYRLSFDYWGQGTQVTVSS,84.7,https://doi.org/10.1371/journal.pone.0028218
F6m+,QVQLVESGGGLVQAGGSLRLSCATSGGTFSDYGMGWFRQAPGKEREFVCAIRRNGNGGNGIEYADSVKGRFTCSRDNAKNTVHLQMNSLTPEDTAVYYCAASISGYAYNTIERYNYWGQGTQVTVSS,85,https://doi.org/10.3390/antib6010003
cAbGFP4_1-1-1,QVQLVESGGALVQPGGSLRLSCAASGEPVNRYSCRWYRQAPGKEREWVCGMSSAGDRSSYEDSVKGRFTCSRDDARNTCYLQMNSLKPEDTAVYYCNVNVGFEYWGQGTQVTVSS,85,https://doi.org/10.1016/j.jmb.2008.01.022
NbPep27,QVQLQESGGGLVQAGGSLRLSCAASGFTRSCCLAWYRQAPGKERELVSTISSDGSTYYADSVRGRFTIAKDNAKNTLYLHMNSLKPEDTAVYYCAAKGVGSTCRGICQKMTNYNFWGQGTQVTVSS,85,https://doi.org/10.1038/s41598-018-26338-z
sdAb_A3_F29L       ,EVQLVESGGGLVQAGDSLRLSCTASGRTLSRAVMGWFRQAPGKEREFVAAISAAPGTAYYAFYADSVRGRFSISADSAKNTVYLQMNSLKPEDTAVYYCAADLKMQVAAYMNQRSVDYWGQGTQVTVSS,85,https://doi.org/10.1021/acsomega.9b00730
sdAb_A3,EVQLVESGGGLVQAGDSLRLSCTASGRTFSRAVMGWFRQAPGKEREFVAAISAAPGTAYYAFYADSVRGRFSISADSAKNTVYLQMNSLKPEDTAVYYCAADLKMQVAAYMNQRSVDYWGGTQVTVSS,85,https://doi.org/10.1186/1472-6750-11-86
sdAb_A_3S25I       ,EVQLVESGGGLVQAGDSLRLSCTAIGRTFSRAVMGWFRQAPGKEREFVAAISAAPGTAYYAFYADSVRGRFSISADSAKNTVYLQMNSLKPEDTAVYYCAADLKMQVAAYMNQRSVDYWGQGTQVTVSS,85,https://doi.org/10.1021/acsomega.9b00730
A3+neg,EVQLVESGGGLVDAGDSLRLSCTASGRTFSDAVMGWFRQAPGKEREFVCAISAAPGTAYYAFYADSVRGRFSCSADSAKNTVYLQMNSLKPEDTAVYYCAADLKMQVAAYMNQRSVDYWGQGTQVTVSS,85,https://doi.org/10.1186/s12934-015-0340-3
A26.8m,QVKLEESGGGLVQAGGSLRLSCAASERTFSRYPVAWFRQAPGAEREFVCVISSTGTSTYYADSVKGRFTCSRDNAKVTVYLQMNNLKREDTAVYFCAVNSQRTRLQDPNEYDYWGQGTQVTVSS,85.3,https://doi.org/10.1371/journal.pone.0028218
NbPep10,QVQLQESGGGSVQAGGSLRLFCAASGYTYSPYCMGWFRQAPGKEREAIAILGSGGITTYYAESVKGRFIISPGNAKNTVSLQMVNLKPEDTAIYYCAAGSTIRGGYCDWDAYGYDYWGPGTQVTVSS,85.75,https://doi.org/10.1038/s41598-018-26338-z
A3,EVQLVESGGGLVQAGDSLRLSCTASGRTFSRAVMGWFRQAPGKEREFVAAISAAPGTAYYAFYADSVRGRFSISADSAKNTVYLQMNSLKPEDTAVYYCAADLKMQVAAYMNQRSVDYWGQGTQVTVSS,86,https://doi.org/10.1186/s12934-015-0340-3
C2neg+ ,EVQLVESGGGLVLPGGSLRLSCAASGSISSIYAMGWYRQAPGKEREFVCVITNGNSPNYADSVKGRFTCSRDNAKNTVYLQMNSLKPEDTAVYYCNVEGVRYGDSWYDGDYWGQGTQVTVSS,86,https://doi.org/10.1016/j.toxicon.2017.02.008
cAbBCII10_1-0-1,QVQLVESGGGSVQAGGSLRLSCTASGGSEYSYSTFSLGWFRQAPGQEREAVCAIASMGGLTYYADSVKGRFTCSRDNAKNTVTLQMNNLKPEDTAIYYCAAVRGYFMRLPSSHNFRYWGQGTQVTVSS,87,https://doi.org/10.1016/j.jmb.2008.01.022
A3+,EVQLVESGGGLVQAGDSLRLSCTASGRTFSRAVMGWFRQAPGKEREFVCAISAAPGTAYYAFYADSVRGRFSCSADSAKNTVYLQMNSLKPEDTAVYYCAADLKMQVAAYMNQRSVDYWGQGTQVTVSS,87,https://doi.org/10.1186/s12934-015-0340-3
A3_3Q3C_Y118C ,EVCLVESGGGLVQAGDSLRLSCTASGRTFSRAVMGWFRQAPGKEREFVAAISAAPGTAYYAFYADSVRGRFSISADSAKNTVYLQMNSLKPEDTAVYYCAADLKMQVAAYMNQRSVDCWGQGTQVTVSS,88,https://doi.org/10.1371/journal.pone.0115405
A3_A50C_A108C,EVQLVESGGGLVQAGDSLRLSCTASGRTFSRAVMGWFRQAPGKEREFVACISAAPGTAYYAFYADSVRGRFSISADSAKNTVYLQMNSLKPEDTAVYYCAADLKMQVCAYMNQRSVDYWGQGTQVTVSS,89,https://doi.org/10.1371/journal.pone.0115405
A3_V33C_M105C,EVQLVESGGGLVQAGDSLRLSCTASGRTFSRACMGWFRQAPGKEREFVAAISAAPGTAYYAFYADSVRGRFSISADSAKNTVYLQMNSLKPEDTAVYYCAADLKCQVAAYMNQRSVDYWGQGTQVTVSS,89,https://doi.org/10.1371/journal.pone.0115405
cAbAn33_1-1-0,DVQLVESGGGSVQAGGSLRLSCAVSGSTYSPCTCGWYRQAPGKEREWVSSISSPGTIYYQDSVKGRFTISRDNAKNTCYLQMNSLQREDTGMYYCQIQCGVRSIREYWGQGTQVTVSS,89,https://doi.org/10.1016/j.jmb.2008.01.022
cAbBCII10_1-1-1,QVQLVESGGGSVQAGGSLRLSCTASGGSEYSYSTFSCGWFRQAPGQEREAVCAIASMGGLTYYADSVKGRFTCSRDNAKNTCTLQMNNLKPEDTAIYYCAAVRGYFMRLPSSHNFRYWGQGTQVTVSS,90,https://doi.org/10.1016/j.jmb.2008.01.022
cAbAn33_1-0-1,DVQLVESGGGSVQAGGSLRLSCAVSGSTYSPCTTGWYRQAPGKEREWVCSISSPGTIYYQDSVKGRFTCSRDNAKNTVYLQMNSLQREDTGMYYCQIQCGVRSIREYWGQGTQVTVSS,90,https://doi.org/10.1016/j.jmb.2008.01.022
A4.2m,QVKLEESGGGLVQAGGSLRLSCAASGRTFNTLSMGWFRQAPGKEREFVCAVSRSGGSTYYADSVKGRFTCSRDNAKNTVYLQMNSLKPEDTAVYYCAAAATKSNTTAYRLSFDYWGQGTQVTVSS,93.6,https://doi.org/10.1371/journal.pone.0028218
convex,QVQLVESGGGSVQAGGSLRLSCAASGSISSITYLGWFRQAPGKEREGVAALSTSSGTTYYADSVKGRFTVSLDNAENTVYLQMNSLKPEDTALYYCAAASSGSSSPLSSSSYTYWGQGTQVTVSS,95,https://doi.org/10.7554/eLife.34317
aRBD-42,QLQLVESGGGLVQAGGSLRLSCAASGRTFSSATMGWFRQAPGKEREFVAAISWSGLSRYYADSVKGRFTISRDNAENTVYLQMNSLKTEDTAVYYCAADSWGCSGLGCYDARQYDVWGQGTQVTVSS,98.23,https://doi.org/10.1128/JVI.02438-20
