ID,Sequence
1BZQ:L,QVQLVESGGGLVQAGGSLRLSCAASGYAYTYIYMGWFRQAPGKEREGVAAMDSGGGGTLYADSVKGRFTISRDKGKNTVYLQMDSLKPEDTATYYCAAGGYELRDRTYGQWGQGTQVTVSS
1F2X:L,QVQLVESGGGSVQAGGSLRLSCAASGYTVSTYCMGWFRQAPGKEREGVATILGGSTYYGDSVKGRFTISQDNAKNTVYLQMNSLKPEDTAIYYCAGSTVASTGWCSRLRPYDYHYRGQGTQVTVSS
1G6V:K,QVQLVESGGGSVQAGGSLRLSCAASGYTVSTYCMGWFRQAPGKEREGVATILGGSTYYGDSVKGRFTISQDNAKNTVYLQMNSLKPEDTAIYYCAGSTVASTGWCSRLRPYDYHYRGQGTQVTVSS
1G9E:A,QVQLQESGGGLVQAGGSLRLSCAASGRTGSTYDMGWFRQAPGKERESVAAINWDSARTYYASSVRGRFTISRDNAKKTVYLQMNSLKPEDTAVYTCGAGEGGTWDSWGQGTQVTVSS
1I3V:B,QVQLQESGGGLVQAGDSLKLSCEASGDSIGTYVIGWFRQAPGKERIYLATIGRNLVGPSDFYTRYADSVKGRFAVSRDNAKNTVNLQMNSLKPEDTAVYYCAAKTTTWGGNDPNNWNYWGQGTQVTVSS
1IEH:A,DVQLQASGGGLVQPGGSLRVSCAASGFTFSSYHMAWVRQAPGKGLEWVSTINPGDGSTYYADSVKGRFTISRDNAKNTLYLQMNSLKSEDTAVYYCAKYSGGALDAWGQGTQVTVSS
1JTP:A,DVQLQASGGGSVQAGGSLRLSCAASGYTIGPYCMGWFRQAPGKEREGVAAINMGGGITYYADSVKGRFTISQDNAKNTVYLLMNSLEPEDTAIYYCAADSTIYASYYECGHGLSTGGYGYDSWGQGTQVTVSS
1KXQ:H,QVQLVESGGGSVQAGGSLSLSCAASTYTDTVGWFRQAPGKEREGVAAIYRRTGYTYSADSVKGRFTLSQDNNKNTVYLQMNSLKPEDTGIYYCATGNSVRLASWEGYFYWGQGTQVTVSS
1KXT:F,QVQLVASGGGSVQAGGSLRLSCAASTFSSYPMGWYRQAPGKECELSARIFSDGSANYADSVKGRFTISRDNAANTAYLQMDSLKPEDTAVYYCAAGPGSGKLVVAGRTCYGPNYWGQGTQVTVSS
1KXV:D,QVQLVESGGGTVPAGGSLRLSCAASGNTLCTYDMSWYRRAPGKGRDFVSGIDNDGTTTYVDSVAGRFTISQGNAKNTAYLQMDSLKPDDTAMYYCKPSLRYGLPGCPIIPWGQGTQVTVSS
1MVF:A,QVQLVESGGGSVQAGGSLRLSCAASGFTYSRKYMGWFRQAPGKEREGVAAIFIDNGNTIYADSVQGRFTISQDNAKNTVYLQMNSLKPEDTAMYYCAASSRWMDYSALTAKAYNSWGQGTQVTVSS
1OHQ:A,EVQLLESGGGLVQPGGSLRLSCAASGFRISDEDMGWVRQAPGKGLEWVSSIYGPSGSTYYADSVKGRFTISRDNSKNTLYLQMNSLRAEDTAVYYCASALEPLSEPLGFWGQGTLVTVSS
1OL0:A,QVQLVESGGGLVQPGGSLRLSCAASGFTFSSYASWFRQAPGKEREIVSAVSGSGGSTYYADSVRGRFTISRDNSKNTLYLQNSLRAEDTAVYYCAREPRIPRPPSFDYWGQGTLVTVSS
1OP9:A,QVQLQESGGGSVQAGGSLRLSCSASGYTYISGWFRQAPGKEREGVAAIRSSDGTTYYADSVKGRFTISQDNAKNTVYLQMNSLKPEDTAMYYCAATEVAGWPLDIGIYDYWGQGTEVTVSS
1QD0:A,QVQLQESGGGLVQAGGSLRLSCAASGRAASGHGHYGMGWFRQVPGKEREFVAAIRWSGKETWYKDSVKGRFTISRDNAKTTVYLQMNSLKGEDTAVYYCAARPVRVADISLPVGFDYWGQGTQVTVSS
1RI8:A,QVQLVESGGGSVQAGGSLRLSCAVSGYKDRNYCMGWFRRAPGKEREGVAVIDSSGRTAYADSVKGRFTISRDVALDTAYLQMNSLKPEDTAMYYCAAGWSSLGSCGTNRNRYNYWGQGTQVTVSS
1RJC:A,QVQLQASGGGSVQAGQSLRLSCATSATSSSNCMGWFRQAPGKEREGVAVIDTGRGNTAYADSVQGRLTISLDNNTLYLQMNSLKPEDTAMYYCAADTSTWYRGYCGTNPNYFSYWGQGTQVTVSS
1SHM:E,QVQLQESGGGLVQAGGSLRLSCAASGATGSTYDMGWFRQAPGKERESVAAINWGSAGTYYASSVRGRFTISRDNAKKTVYLQMNSLKPEDTAVYTCGAGRIRESWVTWWGQGTQVTVSS
1SJX:A,QVQLQESGGGLVQAGGSLRLSCQASGNIFRINDMGWYRQAPGTQRELVAAITSGGSTKYADSVKGRFTISKDNAKNTVYLQMNSLKPEDTAVYYCAAEDRHRIGTVGYWGQGTQVTVSS
1T2J:A,QVQLQESGGGLVQPGGSLRLSCAASGFTFSNSAMSWVRQAPGKGLEWVSSISGSGGNTYSADSVKGRFTISRDNAKNSLYLQMNSLRAEDTAVYYCARDWYGMDVWGQGTTVTVSS
1U0Q:B,QVQLQESGGGLVQAGGSLRLSCAASGRTFSTYAVGWFRQAPGKEREFVGYFGTRGGRTYYADSVKGRFTIAIDNAKNTVYLQMNSLKLDDTAVYYCAVRMPYSGDYRSSGTYDYWGQGTQVTVSS
1VHP:A,EVQLVESGGGLVQPGGSLRLSCAASGFTFSSYAMSWVRQAPGKEREIVSAVSGSGGSTYYADSVKGRFTISRDNSKNTLYLQMNSLRAEDTAVYYCARLKKYAFDYWGQGTLVTVSS
1XFP:A,QVQLQASGGGSVQAGGSLRLSCAASGYTIGPYCMGWFRQAPGKEREGVAAINSGGGSTYYADSVKGRFTISQDNAKNTVYLLMNSLEPEDTAIYYCAADSTIYASYYECGHGLSTGGYGYDSWGQGTQVTVSS
1YC7:B,QVQLVESGGGSVQAGGSLRLSCAVSGTYSPCTTGWYRQAPGKEREWVSSISSPGTIYYQDSVKGRFTISRDNAKNTVYLQMNSLQREDTGMYYCQIQCGVRSIREYWGQGTQVTVSS
1YC8:B,QVQLVESGGGSVQAGGSLRLSCAVSGSTYSPCTTGWVRQAPGGLEWVSSISSPGTIYYQDSVKGRFTISRDNAKNTVYLQMNSLQREDTGMYYCQIQCRSIREYWGQGTQVTVSS
1YZZ:B,DVQLVESGGGSVQAGGSLRLSCAVSGSTYSPCTTGWVRQAPGKGLEWVSSISSPGTIYYQDSVKGRFTISRDNAKNTVYLQMNSLQREDTGMYYCQIQCGVIREYWGQGTQVTVSS
1ZMY:A,QVQLVESGGGSVQAGGSLRLSCTASGYTIGPYCMGWFRQAPGGEREAVAAINMGGGITYYADSVKGRFTISRDNAKNTVTLQMNSLKPEDTAMYYCAADSTIYASYYECGHGLSTGGYGYDSWGQGTQVTVSS
1ZV5:A,QVQLVESGGGSVQAGESLRLSCAASGVTYKNYCIGWFRQAPGKDREGVVFINSDGGITYYADSVKGRFTISQDNAKNTVYLQMNSLKPEDTASYYCAAGYRNYGQCATRYWGQGTQVTVSS
1ZVH:A,DVQLVESGGGSVQAGGSLRLSCAASGYIASINYLGWFRQAPGKEREGVAAVSPAGGTPYYADSVKGRFTVSLDNAENTVYLQMNSLKPEDTALYYCAAARQGWYIPLNSYGYNYWGQGTQVTVSS
2BSE:F,QVQLQESGGGLVQAGGSLRLSCTASRRTGSNWCMGWFRQLAGKEPELVVALNFDYDMTYYADSVKGRFTVSRDSGKNTVYLQMNSLKPEDTAIYYCAARSGGFSSNRELYDGWGQGTQVTVSS
2P42:D,QVQLVESGGGLVQAGGSLRLSCAASGYAYTYIYGWFRQAPGKEREGVAADSGGGGTLYADSVKGRFTISRDKGKNTVYLQDSLKPEDTATYYCAAGGYELRDRTYGQWGQGTQVTVSS
2P44:B,QVQLVESGGGLVQAGGSLRLSCAASGYAYTYIYGWFRQAPGKEREGVAADSGGGGTLYADSVKGRTISRDKGKNTVYLQDSKPEDTATYYCAAGGYELRDRTYGQWGQGTQVTVSS
2P45:B,QVQMVESGGGLVQAGGSLRLSCAASGYAYTYIYMGWFRQAPGKEREGVAAMDSGGGGTLYADSVKGRMTISRDKGKNTVYLQMDSLKPEDTATYYCAAGGYELRDRTYGQWGQGTQVTVSS
2P4A:D,QVQLVESGGGLVQAGGSLRLSCAASGYPWTYIYMGWFRQAPGKEREGVAAMDSGGGGTLYADSVKGRFTISRDKGKNTVYLQMDSLKPEDTATYYCAAGGDALVATRYGRWGQGTQVTVSS
2VYR:L,EVQLLESGGGLVQPGGSLRLSCAASGFTFEEYAMLWVRQAPGKGLEWVSGINARGYTTYYADSVKGRFTISRDNSKNTLYLQMNSLRTEDTAVYYCAKPWYPFMASKGSEFDYWGQGTLVTVSS
2X1O:B,QVQLQESGGGLVQAGGSLRLSCAAAGRNLRMYRMGWFRQAPGKEREFVGTMVWSSDTIYYADSVKGRFIISRDNAKNTVYLQMNSLKPEDTAVYYCAAGAGWAGTMTDYNYWGQGTQVTVSS
2X1P:D,QVQLQESGGGLVQAGGSLRLSCAASGRTFTSFAMGWFRQAPGKEREFVASISRSGTLTRYADSAKGRFTISVDNAKNTVSLQMDNLNPDDTAVYYCAADLHRPYGPGTQRSDEYDSWGQGTQVTVSS
2X1Q:B,QVQLQESGGGLVQPGGSLRLSCAAFSNYRMGWFRQAPGKEREFVATISQSGAATAYADSVKGRFTFSRDNAKNLLYLEMLSLEPEDTAVYYCAASSRVFYTEVLQTTTGYDYWGQGTQVTVSS
2X6M:A,QGQLVESGGGSVQAGGSLRLSCAASGIDSSSYCMGWFRQRPGKEREGVARINGLGGVKTAYADSVKDRFTISRDNAENTVYLQMNSLKPEDTAIYYCAAKFSPGYCGGSWSNFGYWGQGTQVTVSS
2X89:C,QVQLQESGGGSVQAGGSLRLSCAASGYTDSRYCMAWFRQAPGKEREWVARINSGRDITYYADSVKGRFTFSQDNAKNTVYLQMDSLEPEDTATYYCATDIPLRCRDIVAKGGDGFRYWGQGTQVTVSS
2XA3:A,AVQLQESGGGLVQAGGSLRLSCTVSARTSSSHDMGWFRQAPGKEREFVAAISWSGGTTNYVDSVKGRFDISKDNAKNAVYLQMNSLKPEDTAVYYCAAKWRPLRYSDNPSNSDYNYWGQGTQVTVSS
2XT1:B,QVQLVESGGGLVQAGGSLRLSCAASGSFFMSNVMAWYRQAPGKARELIAAIRGGDMSTVYDDSVKGRFTITRDDDKNILYLQMNDLKPEDTAMYYCKASGSSWGQGTQVTVSS
3B9V:D,EVQLVESGGGLVQPGGSLRLSCAASGFNIKDTYIGWVRRAPGKGEEWVASIYPTNGYTRYADSVKGRFTISADTSKNTAYLQMNSLRAEDTAVYYCARWGGFYAMDYWGQGTLVTVSS
3CFI:L,QVQLQESGGGLVQPGGSLRLSCAASGFAFSGYAMSWVRQAPGKGLEWVSGINRDGSTSYTAPVKGRFTISRDNAKNILYLQMNSLRPEDTAVYYCAKWLGGRDWYDRGQGTQVTVS
3DWT:H,QVQLVESGGGSVQAGGSLRLSCTASGGSSYSTFSLGWFRQAPGQEREAVAAIASMGGLTYYADSVKGRFTISRDNAKNTVTLQMNNLKPEDTAIYYCAAVRGYFMRLPSSHNFRYWGQGTQVTVSS
3EAK:B,QVQLVESGGGLVQPGGSLRLSCAASGGSEYSYSTFSLGWFRQAPGQGLEAVAAIASMGGLTYYADSVKGRFTISRDNSKNTLYLQMNSLRAEDTAVYYCAAVRGYFMRLPSSHNFRYWGQGTLVTVSS
3EBA:A,QVQLVESGGGSVQAGGSLRLSCSASGYTYISGWFRQAPGKGLEWVAAIRSSDGTTYYADSVKGRFTISQDNAKNTVYLQMNSLKPEDTAMYYCAATEVAGWPLDIGIYDYWGQGTQVTVSS
3EZJ:H,QVQLQESGGGLVQAGGSLRLSCAASGSIFSINSMDWDRQAPGKQRELVATITSGGSTNYADSVKGRFTISRDNAKNTVYLQMNSLKPEDTAVYYCNANVKTWAGMTRDYWGQGTQVTVSS
3G9A:B,QVQLQESGGGSVQAGGSLRLSCAASGDTFSSYSMAWFRQAPGKECELVSNILRDGTTTYAGSVKGRFTISRDDAKNTVYLQMVNLKSEDTARYYCAADSGTQLGYVGAVGLSCLDYVMDYWGKGTQVTVSS
3J69:7,QVQLQESGGGSAQTGGSLRLSCAASGFTFSHGYMAWFRQAPEKEREWVACVRTSGVSAYYADSVLGRFTISQDNAKSTLYLQMNNLKPEDTAMYYCAATSISCSSGYMFWGQGTQVTVSS
3J6A:7,QVQLQESGGGSVQTGGSLRLSCAASEYTQSSACMGWFRQAPGKEREGVAGISRFFGTAYYADSVKGRFTISQDKAKNTVYLQMNSLKPEDTAIYYCAAGQGCLTTIQALGGAYGYNAWGQGTQVTVSS
3JBE:7,QVQLQESGGGSVQAGGSLRLSCAASGYQYSLLCMAWFRQVLGEGREGVAFITTYNGAMRYADTVKGRFTVSQDKDKNTVYLQMNSLKPEDTAIYYCAAGRWRFGDICHEGSGYNYWGQGTQVTVSS
3JBF:7,QVQLQESGGGSVQAGGSLTLSCAASGITYCMGWYRQVRGKEREGVAFIKTNDGTTDYADSVKGRFTISQNHATKTVYLQMNSLKPEDTAAYYCAATWRWSCPLDPEGYQYWGQGTQVTVSS
3JBG:7,QVQLQESGGGSVQAGGSLRLSCAASEYIPSANCMRWFRQAPKEREWVASVLRGGYTWHADSVKGRFTISGDNAKTAAYLQMNSLKPEDTAIYYCAYSNTCPGASADFRSWGQGTQVTVSS
3K3Q:A,AVQLVDSGGGTLQAGKSLRLSCAISGLAFDGGAMGSEHRLTAGAMGWFRQAPGKDREFVAAISPRTDETYYAESLEGRFSVSRDAAATMVFLQADNVRLDDTASYYCAADEDVTPRVMGVIPHADHWGQGTLVTVSS
3K74:B,QVQLQESGGGLVQPGGSLRLSCAASGFTFNNYWMYWVRRAPGKGLEWVSMINPGGIITKYAESVKGRFTISRDNAKNTLYLQMNSLTSEDTAVYYCAKDWATGLAKKGQGTQVTVSS
3K7U:A,QVQLQESGGGLVQAGGSLTLSCAASGRTFSNNAMGWFRQAPGKEREFVAAISWTGGLLFYADSVNGRFTISRDNAKRTVTLQMNSLKPEDTAVYYCAARPQGDYVTAHYDYWGQGTQVTVSS
3K80:B,QVQLQESGGGLVQAGDSLRLSCVASGRAFSSYGMGWFRQAPGKERAFVAAISRSGGLTQYAESLKGRFAISRDNAKNTVYLQMGSLKPEDTAVYYCAGDLYGLGSHMENEYDSWGQGTQVTVSS
3K81:B,QVQLQESGGGLAQAGGSLRLSCVVSGITFASEAWGWYRRAPGKQRELIAAINNEGRTNYVDSVKGRFTVSRDNAKNVMYLQMNSLKPEDTAVYYCNANLQTGTLSGARLYWGQGTQVTVSS
3LN9:A,EVQLVESGGGLVQPGGSLRLSCTASGYTFSHRYHRWFRQAPGKEREIVAVISQSGMRTYYADSVKGRFTISRDNAKNTVYLQMNSLKPEDTAMYYCAAGTRKNVWTRQHPFDYWGQGTQVTVSS
3P0G:B,QVQLQESGGGLVQAGGSLRLSCAASGSIFSINTMGWYRQAPGKQRELVAAIHSGGSTNYANSVKGRFTISRDNAANTVYLQMNSLKPEDTAVYYCNVKDYGAVLYEYDYWGQGTQVTVSS
3P9W:H,QVQLVESGGGLVQPGGSLRLSCAASGFNIKDTYIGWVRRAPGKGEELVARIYPTNGYTRYADSVKGRFTISADTSKNTAYLQMNSLRAEDTAVYYCYYHYYGWHPGYGLSYSSGQGTLVTVSS
3QSK:B,QVQLVESGGGLVQAGGSLRLSCAASGYHHPYIYMGWFRQAPGKEREGVAAMDSGGGGTLYADSVKGRFTISRDKGKNTVYLQMDSLKPEDTATYYCAAGGHHLRDHTYGQWGQGTQVTVSS
3QXT:B,QVQLVESGGGLVQAGGSLRLSCAASRRSSRSWAMAWFRQAPGKEREFVAKISGDGRLTTYGDSVKGRFTISRDKGKNTVYLQMDSLKPEDTAVYYCAADDNYVTASWRSGPDYWGQGTQVTVSS
3QXV:E,QVQLVESGGGLVQAGGSLRLSCAASRRSSRSWAMAWFRQAPGKEREFVAKISGDGRLTTYGDSVKGRFTISRDNAEYLVYLQMDSLKPEDTAVYYCAADDNYVTASWRSGPDYWGQGTQVTVSS
3QXW:E,QVQLVESGGGLVQAGGSLRLSCAASRRSSRSWAMAWFRQAPGKEREFVAKISGDGRLTTYGDSVKGRFTISRDNAEYLVYLQMDSLKPEDTAVYYCAADDNYVTASWRSGPDYWGQGTQVTVSS
3QYC:B,QVQLVESGGGLIKPGGSLRLSCAASGVRLSAYDMAWVRQAPGKGLEWVSAISSSGGSTYYADSVKGRFTISRDNSKNTVYLQMNSLRAEDTAVYYCVTLPDLCPGDNCTYPDASWGQGTMVTVSS
3R0M:B,AVQLQESGGGLVQAGGSLRLSCTASGRISSSYDMGWFRQAPGKEREFVAAISWSGGTTDYADSVKGRFAISKDNAKNAVYLQMNSLKPEDTAVYYCAAKWRPLRYSDYPSNSDYYDWGQGTQVTVSS
3STB:B,QVQLQESGGGLVQAGGSLRLSCAASGRTLSSYAMGWFRQAPGKEREFVAAINRSGSTFYADAVKGRFTISRDNAKNTVYLQMNSLKPEDTAAYYCAADRFSPVVPGPIPVNTVDSWGQGTQVTVSS
3TPK:A,EVQLVESGGGSVQPGGSLRLSCTASGYTFSQEFVIWFRQAPGKEREIVSGISLRKGWTYYADSVKGRFTISQDNAKNTVYLQMNNLKPEDTAMYYCAAAPTATHALYFDYWGQGTQVTVSS
3UPC:J,EVQLLESGGGLVQPGGSLRLSCAASGFTFSDEDMSWVRQAPGKGLEWVSAISGSGGSTYYADSVKGRFTISRDNSKNTLYLQMNSLRAEDTAVYYCAKSYGAFDYWGQGTLVTVS
3V0A:C,QVQLVESGGGLVQPGGSLRLSCAASGFTLGSRYMSWVRQAPGEGFEWVSSIEPSGTAWDGDSAKGRFTTSRDDAKNTLYLQMSNLQPEDTGVYYCATGYRTDTRIPGGSWGQGTQVTVSS
3ZHD:B,EVQLVESGGGLVQPGGSLRLSCAASGFTFSSYAMGWVRQAPGKGPEVVSLISGSGGSTWYDDSVKGRFTISRDNSKNTLYLQMNSLRAEDTAVYYCARHAPSTEAPDYWGQGTLVTVSS
3ZHK:B,EVQLVESGGGLVQPGGSLRLSCAASGFTFSSYAMSWVRQAPGKGLEWVSAISGSGGSTYYADSVKGRFTISRDNSKNLLYLQMNSLRAEDTAVYYCARHAPSTEAPDYWGQGTLVTVSS
3ZHL:A,EVQLVESGGGLVQPGGSLRLSCAASGFTFSSYAMGWVRQAPGKGPEWVSLISGSGGSTWYDDSVKGRFTISRDNSKNLLYLQMNSLRAEDTAVYYCARHAPSTEAPDYWGQGTLVTVSS
3ZKX:C,QVQLQESGGGLVQAGGSLRLSCAASGFTFSRAAMRWVRRAPERGLEWVANINAGDGSASYADFVKGRFTASRDKAGNRLYLQMDNLRPNDTAVYYCIYNGHRGQGTQVTVSS
4AQ1:D,QVQLQESGGGLVQAGGSLRLSCAASGRTSSAYAMGWFRQAPGKEREFVAGISSKGGSTYYGASMKGRFTISRDNAKNTVYLQMNGLAPEDTAVYYCAASDKYNFDTSHAGYGYWGQGTQVTVSS
4B41:B,QVQLVESGGGLVQPGGSLRLSCAASRSIISNNAMGWYRQAPGKQRELVARISSGGRTTYADSVKGRFTISRDNAKTTVYLQMNSLKPEDTAVYYCNAASLVRGPLDHWGQGTQVTVSS
4B50:A,EVQLVESGGGLVQPGGSLRLSCAASGSISSVDVMSWYRQAPGKQRELVAFITDRGRTNYKVSVKGRFTISRDNSKNMVYLQMNSLKPEDTADYLCRAESRTSWSSPSPLDVWGRGTQVTVSS
4B5E:B,EVQLVESGGGLVQAGGSLRLSCAASGRSFSRDAMGWFRQAPGKERDVVAAINLNGGRTYSADSVKGRFTISRDNDKNTVYLQMSNLKPEDTAVYYCAAREGDVGLVSYKRSSNYPYWGQGTQVTVSS
4BFB:E,QVQLQESGGGLVQPGGSLRLSCAASGFTFSSAIMTWVRQAPGKGREWVSTIGSDGSITTYADSVKGRFTISRDNARNTLYLQMNSLKPEDTAVYYCTSAGRRGPGTQVTVSS
4C58:B,QVQLQESGGGSVQAGGSLRLSCGASEYTSRMGWFRQAPGAEREGVACIHRQSNLSYYSDSVRGRFTISQDNAKTTAFLLMSSLKPEDTAIYYCATTTDCAAFVERATAITAGQGTQVTVSS
4CDG:D,QVQLQESGGGLVQAGGSLRLSCAASGIWFSINNMAWYRQTPGKQRERIAIITSAGTTNYVDSVKGRFTISRDDAKNTMYLQMNSLIPEDTAVYYCNLVADYDMGFQSFWGRGTQVTVSS
4DK3:B,QVQLQESGGGLVQAGGSLRLSCAASGRTSSLYSMGWFRQAPGKEREFVAAISRNGANTYYTDSVKGRFTISRDNAKNTVELQMNSLKPEDTAVYYCAADRFPTMEVVTIMTNEYDYWGQGTQVTVSS
4EIG:B,QVQLQESGGGLVQAGGSLRLSCKASGIIFSVYKMTWYRQAPGKERELVALITTNNNTMTVDSVKGRFTISRDNVQNTVYLEMNNLKPEDTAVYYCNANRGLAGPAYWGQGTQVTVSS
4EIZ:D,QVQLQESGGGLVQAGGSLRLSCTASGRTFSSYAMGWFRQTPGKEREFVAAITWGGSTTLYADSVKGRFTMSRDNAKNTVYLQMNSLKPEDTAVYYCAADGSQYRSTYSFRDKPDYGSWGQGTQVTVSS
4FHB:D,QVQLQESGGGLVQAGGSLRLSCEASGRTFSSYAMGWFRQAPGKERDFVAVISWSGSNTYYADSAKGRFTISRDNAKNTVYLQMNSLKPEDTAIYYCAAPGRPHGSSWSLNKKGQGYDYWGQGTQVTVSS
4GFT:B,QVQLQESGGGTVQPGGSLKLSCSAAPERAFSNYAMGWFRQAPGQEREFVAGITGSGRSQYYADSVKGRFTISRDNAMNAVYLQMNSVKAEDTAVYYCAARVVPVFSDSTKGYVYWGQGTQVTVSS
4GRW:J,EVQLVESGGGLVQPGGSLRLSCAASGFTLDYLAIGWFRQAPGKEREGVSCVSSSGQYTYYADSVKGRFTISRDNAESTVYLQMNSLKPEDTAVYYCATDPECYRVRGYYNGEYDYWGQGTQVTVSS
4HEM:G,QVQLVESGGGLVQAGGSLRLSCAASESTFSNYAMGWFRQAPEREFVATISQTGSHTYYRNSVKGRFTISRDNAKNTVYLQMNNMKPEDTAVYYCAAGDNYYYTRTYEYDYWGQGTQVTVSS
4HEP:G,QVQLVESGGGLVQPGGSLRLSCEASGFSFDDYAIGWFRQAPGKEREGVSYISMSDGRTYVADSVTGRFTISSDNAKNTVYLQMNSLKLEDTAVYYCAAGRFVTFGSAWSFVGGGPYGIDYWGKGTLVTVSS
4I0C:D,QVQLQESGGGSVQAGGSLRLSCEASGLSTTVMAWFRQAPGKEREGVAAIYTGDGFPYYADSVKGRFTISQDNAKNRMYLQMNSLEPEDTAMYYCAAKTGAFSYGSLWWMSRAYNHWGQGTQVTVSS
4I13:B,QVQLQESGGGLVQAGASLRLSCAASERLTVDYAIGWFRQAPGKEREFVAAISWGGGLTVYGESVEGRFTISRDIAKNTMNLQMNVLRPEDTANYYCAASRISYRVWNTIPYNKLTLWGRGTQVTVSS
4I1N:B,QVQLQESGGGLVQAGASLRLSCAASERLTVDYAIGWFRQAPGKEREFVAAISWGGGLTVYGESVEGRFTISRDIAKNTMNLQMNVLRPEDTANYYCAASRISYAVWNTIPYNKLTLWGRGTQVTVSS
4IDL:A,KVQLQQSGGGAVQTGGSLKLTCLASGNTASIRAMGWYRRAPGKQREWVASLTTTGTADYGDFVKGRFTISRDNANNAATLQMDSLKPEDTAVYYCNADGRRFDGARWREYESWGQGTQVTISS
4IOS:G,QVQLVESGGGLVQAGDSLRLSCAVSGRSNVIGWFRQAPGKEREFVAAISWSTGSTYYGRSMKGRCAASRDNAKNTVALQLNSLKPEDTAVYYCAATLDWGKTLSDEYDYWGQGTQVTVSS
4JVP:A,EVQLQASGGGLVQPGGSLRLSCTASGFTDDYYAIGWFRQAPGKEREGVSCITNFDGGTYYADSVKSRFTMSRDNKNTVYLQMNSLKPEDTAVYYCAADKGLCSWLRAGGKVTFGSWGQGTQVTVSS
4KFZ:D,EVQLLESGGGLVQPGGSLRLSCAASGFSFSHSPMNWVRQAPGKGLEWVSYISYNSSSIYYADSVKGRFTISRDNSKNTLYLQMNSLRAEDTAVYYCARGLTESLELTADWFDYWGQGTLVTVSS
4KML:B,AVQLQESGGGLVQPGGSLRLSCAASGRTFSSYNMGWFRQAPGKGREFVASITSSGDKSDYTDSVKGRFTISRDNAKNTMYLQMNNLKPEDTATYYCARGLGIYIIRARGGYDHWGQGTQVTVSS
4KRM:L,QVKLEESGGGSVQTGGSLRLTCAASGRTSRSYGMGWFRQAPGKEREFVSGISWRGDSTGYADSVKGRFTISRDNAKNTVDLQMNSLKPEDTAIYYCAAAAGSAWYGTLYEYDYWGQGTQVTVSS
4KRN:A,QVQLQESGGGLVQPGGSLRLSCAASGRTFSSYAMGWFRQAPGKQREFVAAIRWSGGYTYYTDSVKGRFTISRDNAKTTVYLQMNSLKPEDTAVYYCAATYLSSDYSRYALPQRPLDYDYWGQGTQVTVSS
4KRO:B,QVQLQESGGGLVQPGGSLRLSCAASGRTFSSYAMGWFRQAPGKQREFVAAIRWSGGYTYYTDSVKGRFTISRDNAKTTVYLQMNSLKPEDTAVYYCAATYLSSDYSRYALPQRPLDYDYWGQGTQVTVSS
4KRP:B,EVQLVESGGGLVQAGGSLRLSCAASGRTFSSYAMGWFRQAPGKEREFVVAINWSSGSTYYADSVKGRFTISRDNAKNTMYLQMNSLKPEDTAVYYCAAGYQINSGNYNFKDYEYDYWGQGTQVTVSS
4KSD:B,QVQLQESGGGLVQAGGSLRLSCAASGRTFNSAVMGWFRQAPGKERQFVATIDWSGEYTYYADSVKGRFTISRDNAKNTVYLQMTSLKPEDTALYYCAARLTLGQFDYWGQGTQVTVSS
4LAJ:I,EVQLVESGGGLVQPGGSLRLSCAASGFTLDYYSIGWFRQAPGKEREGVSCISDSDGRTYYADSVKGRFTISRDNAKNTVYLQMNSLKPEDTAVYYCATDCTVDPSLLYVMDYYGKGTQVTVSS
4LDE:B,QVQLQESGGGLVQAGGSLRLSCAASGSIFALNIMGWYRQAPGKQRELVAAIHSGGTTNYANSVKGRFTISRDNAANTVYLQMNSLKPEDTAVYYCNVKDFGAIIYDYDYWGQGTQVTVSS
4LGP:B,QVQLVETGGGLVQPGGSLTLSCAGSGGTLEHYAIGWFRQAPGKEHEWLVCNRGEYGSTVYVDSVKGRFTASRDNAKNTVYLQLNSLKPDDTGIYYCVSGCYSWRGPWGQGTQVTVSS
4LGR:B,QVQLVESGGGLVQPGGSLRLHCAASGSIASIYRTCWYRQGTGKQRELVAAITSGGNTYYADSVKGRFTISRDNAKNTIDLQMNSLKPEDTAVYYCNADEAGIGGFNDYWGQGTQVTVSS
4LGS:B,QVQLVESGGGLVQAGGSLSLSCAASGGDFSRNAMAWFRQAPGKEREFVASINWTGSGTYYLDSVKGRFTISRDNAKNALYLQMNNLKPEDTAVYYCARSTVFAEITGLAGYQSGSYDYWGQGTQVTVSS
4LHJ:B,QVQLVESGGGLVQAGGSLRLSCAASGSIVNFETMGWYRQAPGKERELVATITNEGSSNYADSVKGRFTISGDNAKNTVSLQMNSLKPEDTAVYYCSATFGSRWPYAHSDHWGQGTQVTVSS
4LHQ:B,QVQLVETGGGTVQTGGSLRLSCSASGGSFSRNAMGWFRQAPGKEREFVAAINWSASSTYYRDSVKGRFTVSRDNAKNTVYLHLNSLKLEDTAAYYCAGSSVYAEMPYADSVKATSYNYWGQGTQVTVSS
4M3J:B,QVQLQESGGGLVQPGGSLRLSCAASGSISSITTMGWYRQDPGKGRELVALINSVGDTTYAGSVKGRFTISRDNAKNTVYLEMSSLKPEDTAVYYCNAFMSTNSGRTGSFWGQGTQVTVSS
4M3K:B,QVQLQESGGGLVQPGGSLRLSCAASGSISSITTMGWYRQDGRELVALINSVGDTTYAGSVKGRFTISRDNAKNTVYLEMSSLKPEDTAVYYCNAFMSTNSGRTGSFWGQGTQVTVSS
4MQT:B,QVQLQESGGGLVQAGDSLRLSCAASGFDFDNFDDYAIGWFRQAPGQEREGVSCIDPSDGSTIYADSAKGRFTISSDNAENTVYLQMNSLKPEDTAVYVCSAWTLFHSDEYWGQGTQVTVSS
4N1H:B,QVQLQESGGGLVQAGASLKLSCAASGRTFSSYAMGWFRQAPGKEREFVAAISRSGGDTKYADSVKGRFAISRDNDKNTVWLRMNSLKPEDTAVYYCAATTYASLSDTYIGEHIYDDWGQGTQVTVSS
4N9O:B,AAQLQESGGGLVQPGGSLRLSCAASGRTFSSYNMGWFRQAPGKGREFVASITSSGDKSDYTDSVKGRFTISRDNAKNTMYLQMNNLKPEDTATYYCARGLGIYIIRARGGYDHWGQGTQVTVSS
4NBX:B,QVQLVESGGGLAQAGGSLRLSCAASGRTFSMDPMAWFRQPPGKEREFVAAGSSTGRTTYYADSVKGRFTISRDNAKNTVYLQMNSLKPEDTAVYYCAAAPYGANWYRDEYAYWGQGTQVTVSS
4NC0:B,QVKLEESGGGLVQAGGSLRLSCAASERTFSRYPVAWFRQAPGAEREFVAVISSTGTSTYYADSVKGRFTISRDNAKVTVYLQMNNLKREDTAVYFCAVNSQRTRLQDPNEYDYWGQGTQVTVSS
4NC2:B,QVQLVESGGGLVQAGGSLRLSCAASGLTFSRYVMGWFRQAPGKEREFVAAITWGGTPNYADSVKGRFTISRDNSKNTQYLQMNSLKPEDTAVYYCAAGLGWDSRYSQSYNYWGQGTQVTVSS
4OCL:F,QVQLQESGGGLVPAGGSLRLSCVDSGRTFSSTVMAWFRQAPGKEREFVATIRWSGGNTYYADSVKGRFTISRDNARNTVYLQMNSLKPEDTAVYYCAGGTYYGTLSYKYDFWGRGTQVTVSS
4OCN:F,QVQLQESGGGLVPAGGSLRLSCVDSGRTFSSTVMAWFRQAPGKEREFVATIRWSGGNTYYADSVKGRFTISRDNARNTVYLQMNSLKPEDTAVYYCAGGTYYGTLSYKYDFWGRGTQVTVSS
4ORZ:C,EVQLVESGGGLVQAGGSLRLFCAASGFTFGTSNMAWLRQAPGKRREWVALITISGYTDYADSVKDRFTISRDNAKNTVSLQMNSLKPEDTAIYFCARRVGSEYDLWGQGTQVTVSS
4P2C:K,QVQLQESGGGLVQAGGSLRLSCAVSGSIFRLSTMGWYRQAPGKQREFVASITSYGDTNYRDSVKGRFTISRDNAKNTVYLQMNSLKPEDTAVYYCNANIEAGTYYGPGRDYWGQGTQVTVSS
4PFE:B,QVQLVESGGALVQPGGSLRLSCAASGFPVNRYSMRWYRQAPGKEREWVAGMSSAGDRSSYEDSVKGRFTISRDDARNTVYLQMNSLKPEDTAVYYCNVNVGFEYWGQGTQVTVSS
4PGJ:C,EVQLLESGGGLVQPGGSLRLSCAASGFRFDAEDMGWVRQAPGKGLEWVSSIYGPSGSTYYADSVKGRFTISRDNSKNTLYLQMNSLRAEDTAVYYCAKYTSPPQNHGFDYWGQGTLVTVSS
4PIR:J,DVQLVESGGGLVQPGGSLRLSCAYSGSLFSILRMDWYRQAPGKERELVAGITRDAAGYADSTNYADSVKGRFTISRDSAKNTVYLQMNSLKPEDTAVYYCNADARTITGRADYWGQGTQVTVSS
4POU:B,QVQLVESGGGLVQAGGGSLRLSCAASGYPHPYLHMGWFRQAPGKEREGVAAMDSGGGGTLYADSVKGRFTISRDKGKNTVYLQMDSLKPEDTATYYCAAGGYQLRDRTYGHWGQGTQVTVSS
4POY:A,QVQLVESGGGLVQAGGSLRLSCAASGYPHPYLHMGWFRQAPGKEREGVAAMDSGGGGTLYADSVKGRFTISRDKGKNTVYLQMDSLKPEDTATYYCAAGGYQLRDRTYGHWGQGTQVTVSS
4PPT:A,QVQLVESGGGLVQAGGSLRLSCAASGYPHPYLHMGWFRQAPGKEREGVAAMDSGGGGTLYADSVKGRFTISRDKGKNTVYLQMDSLKPEDTATYYCAAGGYELRDRTYGHWGQGTQVTVSS
4QGY:B,QVQLVESGGGLVQAGGSLRLSCAASGFTFEDYAIGWFRQAPGKEREGVSCISNLDGSTYYPDSVKGRFTASSDKAKNMVYLQMNSLKPEDTAVYYCAAVNAQCTDYIIGPYGMDYWGKGTQVTVSS
4QLR:B,DVQLVESGGGLVHPGGSLRLSCAASGRTFSDYALGWFRQAPGKDREFVAAISWSGGSTYYADSVQGRFTISRDNDKNSVYLQMNSLKPEDTAVYYCAADKYYTGPGGESVYDYWGRGTQVTVSSHHHHHH
4QO1:A,QVQLQESGGGLVQAGGSLRLSCAASERTFSTYAMGWFRQAPGREREFLAQINWSGTTTYYAESVKDRTTISRDNAKNTVYLEMNNLNADDTGIYFCAAHPQRGWGSTLGWTYWGQGTQVTVSS
4S10:B,QVQLQESGGGLVQAGGSLRLSCAASGRTFSSFVMGWFRQAPGKEREFVASISRSGSVTRYADSAKGRFTISKDNAKNTVSLQMDNLNPDDTAVYYCAADLHRPYGPGSQRTDDYDTWGQGTQVTVSS
4S11:A,QVQLQESGGGLVQAGGSLRLSCAASGRTFSSFVMGWFRQAPGKEREFVASISRSGSVTRYADSAKGRFTISKDNAKNTVSLQMDNLNPDDTAVYYCAADLHRPYGPGSQRTDDYDTWGQGTQVTVSS
4TVS:B,QVQLVESGGGLVQAGGSLRLSCAASGRTLSSYAVGWFRQAPGLEREFVATISRSGGSTHYADSVKGRFTISRDNAKNTVYLQMNSLKPEDTAVYYCAATFTPDGSWYYTRGSSYDYWGQGTQVTVSS
4TYU:B,EVQLVESGGGLVQAGDSLRLSCTASGRTFSRAVMGWFRQAPGKEREFVAAISAAPGTAYYAFYADSVRGRFSISADSAKNTVYLQMNSLKPEDTAVYYCAADLKMQVAAYMNQRSVDYWGQGTQVTVSS
4U05:B,EVQLVESGGGLVQAGDSLRLSCTASGRTFSRAVMGWFRQAPGKEREFVAAISAAPGTAYYAFYADSVRGRFSIAADSAKNTVYLQMNSLKPEDTAVYYCAADLKMQVAAYMNQRSVDYWGQGTQVTVSS
4U3X:C,EVQLLESGGGLVQPGGSLRLSCAASGFRFDAEDMGWVRQAPGKGLEWVSSIYGPSGSTYYADSVKGRFTISRDNSKNTLYLQMNSLRAEDTAVYYCAKYTSPPQNHGFDYWGQGTLVTVSS
4W2P:D,KVQLQESGGGLVQVGGSLRLSCKASGFTFRSSAMGWYRRAPGKQRELVASLTTTGTADYGDFVKGRFTISRDNAENTVDLHMNSLKPEDTAVYYCHEDPYGMESLRYWGQGTQVTVSS
4W2Q:G,KVQLQESGGGLVQVGGSLRLSCKASGFTFRSSAMGWYRRAPGKQRELVASLTTTGTADYGDFVKGRFTISRDNAENTVDLHMNSLKPEDTAVYYCHEDPYGMESLRYWGQGTQVTVSS
4W68:A,EVQLVESGGGLVQAGDSLRLSATASGRTFSRAVMGWFRQAPGKEREFVAAISAAPGTAYYAFYADSVRGRFSISADSAKNTVYLQMNSLKPEDTAVYYVAADLKMQVAAYMNQRSVDYWGQGTQVTVSS
4W6W:B,QVQLQESGGGSVQAGGSLRLSCAASGYTSGRDSMGWFRQAPGKEREGVACIDTSGIVNYADSVKGRFTISQDSAKKTLYLEMNSLKPEDTALYSCATGPFVYGRGCLGQAFYSYWGQGTQVTVSS
4W6X:B,QVQLQESGGGSVQAGGSLRLSCTASGYTYRKYCMGWFRQAPGKEREGVACINSGGGTSYYADSVKGRFTISQDNAKDTVFLRMNSLKPEDTAIYYCALSSNSVCPPGHVAWYNDWGQGTQVTVSS
4W6Y:B,QVQLQESGGGSVQAGGSLRLSCAASGYTYSSNCMAWFRQVPGKEREGVASINTRGGITYYADSVKGRFTISRDNAKNTVSLQMNSLKPEDTATYYCAAVREATYSDNRCSVRSYTYDYWGQGTQVTVSS
4WEM:B,QVQLQESGGGLVQAGGSLRLSCEASGNVDRIDAMGWFRQAPGKQREFVGYISEGGILNYGDFVKGRFTISRDNAKNTVYLQMSNLKSEDTGVYFCAASHWGTLLIKGIEHWGKGTQVTVSS
4WEN:B,QVQLQESGGGLVQPGGSLRLSCTASGSISSINAMGWYRQAPGSKREFVAHITNTGVTEFADSVKGRFTISRDNAKTTVDLQMNSLKPEDTAVYYCAATDWGTLLIKGIDHWGKGTQVTVSS
4WEU:E,QVQLQESGGGLVQAGGSLRLSCAASGLTFDTYAMGWFRQAPGKKREYVAAISWTGISTYYADIAKGRFTISRDNAKNTLYLQMDSLKPEDTAVYYCAAQKSLNVPAPWDYWGQGTQVTVSS
4WGV:D,QVQLQESGGGLVQAGGSLRLSCAASRSIFSIDTANWYRQPPGMQRELVATITRDGNANYADSVKGRFTISRDRARNTVYLQMNSLKPEDTGVYYCNAAIRTTVRTSAQEYWGQGTQVTVSS
4X7D:D,DVQLVESGGGLVQPGGSLRLSCAASGSIFSIYAMGWYRQAPGKQRELVASISSGGGTNYADSVKGRFTISGDNAKNTVYLQMNSLKPEDTAVYYCKREDYSAYAPPSGSRGRGTQVTVSS
4X7F:D,DVQLVESGGGLVQPGGSLRLSCAASESILSFNHMAWYRQGPGEQRELVAVITREGSTDYADSVKGRFTISRDNAKNMVYLLMSNLRPEDTAVYYCNRGISNPWGQGTQVTVSS
4Y7M:B,QVQLVESGGGLVQAGGSLRLSCAASGFTFEDYAIGWFRQAPGKEREGVSCISNLDGSTYYPDSVKGRFTASSDKAKNMVYLQMNSLKPEDTAVYYCAAVNAQGIYCTDYIIGPYGMDYWGKGTQVTVSS
4YGA:H,QVQLVETGGGLVQPGESLRLSCVASGFTLDHSAVGWFRQVPGKEREKLLCINANGVSLDYADSIKGRFTISRDNAKNTVYLQMNDLKPEDTATYSCAATREFCSAYVFLYEHWGQGTQVTVSS
4Z9K:B,QVQLVESGGGLVQPGGSLRLSCAASGFTLDDYAIGWFRQVPGKEREGVACVKDGSTYYADSVKGRFTISRDNGAVYLQMNSLKPEDTAVYYCASRPCFLGVPLIDFGSWGQGTQVTVSS
4ZG1:F,QVQLQESGGGLVQAGGSLRLSCAASGSTFGIRTMGWYRQAPGKQRDLVAIISSGGSTDYADSVKGRFTISRDNAKNTVYLQMDSLKPEDTAIYYCNARVGITMLAHWGQGTQVTVSS
5BOP:C,QVQLQESGGGLVQAGGSLRLSCAASGGTFSTYGMGWFRQAPGKEREFVAASSWTGANTYYADSVRGRFTISRDNAKNTVYLEMNSLKPEDTAVYYCAARRWLGGSYFDPGNYDFWGQGTQVTVSS
5BOZ:L,QVQLVESGGGLVQAGGSLRLSCAASRTFSRSSMGWFRQAPGKEREFVASIVWADGTTLYGDSVKGRFTVSRDNNMVYLQMNNLKPEDTALYYCADNKFVRGLVAVRAIDYDYWGQGTQVTVSS
5C1M:B,QVQLVESGGGLVRPGGSLRLSCVDSERTSYPMGWFRRAPGKEREFVASITWSGIDPTYADSVADRFTTSRDVANNTLYLQMNSLKHEDTAVYYCAARAPVDYDYWGQGTQVTVSS
5C2U:B,QVQLQESGGGLVQPGGSLRLSCVVSGDYYAIGWFRQAPGKEREGVAAISSRDGSTYYPDAVKGRFTISRDNAKNTVYLQMNSLKPEDTAVYYCAADRRQRWGPYYYLSALEYVYWGQGTQVTVSS
5C3L:D,QVQLQESGGGLVQPGGSLRLSCAASGFTFSNYAMSWVRQAPGKGLEVVSDIGSGGDRITYADSVKGRFTISRDNAKNTLYLQMNSLKPEDTAVYYCANQYGRGPGTQVTVSS
5DA0:B,QVQLQESGGGLVQAGGSLRLSCAASGRTFSSDVMGWFRQAPGKEREFVAAVTRSGGKSYNADSVKGRFTISRDNAKNTVSLQMNSLKPEDTAVYYCAAGDTAITSWYGYDYWGQGTQVTVSS
5DA4:C,QVQLQESGGGLVQAGGSLRLSCAASGRTFSSDVMGWFRQAPGKEREFVAAVTRSGGKSYNADSVKGRFTISRDNAKNTVSLQMNSLKPEDTAVYYCAAGDTAITSWYGYDYWGQGTQVTVSS
5DFZ:E,QVQLQESGGGLVQPGGSLRLSCAPSGPFSPNSMGWYRQAPGKQRELVAVMTIDGRTNYQDSVKGRFTISRDYVKNTAYLQMNNLKPDDTAVYICNAETRGFMHWGQGTQVTVSS
5DMJ:G,EVQLLESGGGLVQPGGSLRLSCAASGFTFRDYEMWWVRQAPGKGLERVSAINPQGTRTYYADSVMGRFTISRDNSKNTLYLQMNSLRAEDTAVYYCAKLPFTFDDWGQGTLVTVSS
5DXW:A,QVQLVETGGGLVQPGGSLRLSCTASGFTFSMHAMTWYRQAPGKQRELVAVITSHGDRANYTDSVRGRFTISRDNTKNMVYLQMNSLKPEDTAVYYCNVPRYDSWGQGTQVTVSS
5E03:A,QVQLVESGGGLAQPGGSLRLSCAASGSTISSVAVGWYRQTPGNQREWVATSSTSSTTATYADSVKGRFTISRDNAKNTIYLQMNSLKPEDTAVYYCKTGLTNWGRGTQVTVSS
5E0Q:A,QVQLVESGGGPVEAGGSLRLSCAASGRSFSNSVMAWFRQAPGKEREFLSVLNWSSGRTSIADSVKGRFTMSRDPAKITVYLQMNGLKPEDTAVYYCAASNRGSLYTLDNQNRYEDWGQGTQVTVSS
5E1H:B,QVQLAETGGGLVQAGGSLRLSCAASGTTFSKNAMAWFRQAKREFVAGINWNAVSTNYASVKGRFTVSRDNAKNTVYLQMNSLKPEDTAVYYCAGSSIYSDISGAATVWATSYNYWGQGTQVTVSS
5E7F:C,QVQLVESGGGSVQAGGSLRLSCTASGFTFDDSDMGWYHQAPGNECELVSAIFSDGSTYYADSVKGRFTISRDNAKNTVYLQMNSLKPEDTAMYYCAAATTTVASPPVRHVCNGYWGQGTQVTVSS
5EUL:V,QVQLVETGGGLVQPGGSLRLSCGASGSIFNYAMGWYRQAPGKQREVVARIATDDSTMYPDSVKGRFTISRDNAKNTVYLQMNSLKPEDTAVYYCYYQRTVMSQPYWGQGTQVTVSS
5F1K:D,DVQLQESGGGLVQAGGSLRLSCTGSGRTFRNYPMAWFRQAPGKEREFVAGITWVGASTLYADFAKGRFTISRDNAKNTVYLQMNSLKPEDTAVYSCAAGRGIVAGRIPAEYADWGQGTQVTVSS
5F1O:B,DVQLQESGGGLVQAGHSLRLSCVGSGSRFDNYAMGWFRQAPGKEREFVAAISWSSGTTRYLDTVKGRFTISRDNAKSTVYLQMNSLKPEDTAVYYCAARYQPRYYDSGDMDGYEYDNWGQGTQVTVSS
5F21:B,DVQLQESGGGSVQAGGSLTLSCTASGLLFRLASMGWYRQAPGKERELIATITVGGKTNYKDSVQGRFIITRDNTKSTVTLQMNRLKPEDTAVYYCNTASPAVGADTWGQGTRVTVSS
5F7L:D,QVQLQESGGGLVQPGGSLRLSCAASGSIYSLIAMGWYRQAPGKEHELVATISSGSTTYYADSVKGRFTISRDNAKNTLYLQMNSLKPEDTAMYYCAAYSDRLTDCSNCEADYWGQGTQVTVSS
5F7N:D,QVQLQESGGGLVQPGGSLRLSCAASGSIFSGNVMGWYRQAPGKLREWVAAITPQGVPNYADSVKGRFTISRDNAKNMLYLQMSSLKPEDTALYYCNRLPNYRSWGQGTQVTVSS
5FOJ:A,QVQLQESGGGSVQVGGSLRVACAASGDTFSGYLAAWFRQAPGKGREGVAAINSKRHTTSYADSVKGRFTISKDNADNIMYLEMNSLKPEDTAIYYCAAADAIGLAEYWSTPTLSAARYKYWGQGTQVTVSS
5FUC:V,DVQFVESGGGSVHAGGSLRLNCATSGYIYSTYCMGWFRQAPGKEREGVAHIYTNSGRTYYADSVKGRFTISQDNAKNTVYLQMNSLKPEDTAIYYCAARPSIRCASFSATEYKDWGQGTQVTVSS
5FV2:C,EVQLLVSGGGLVQPGGSLRLSCAASGFTFKAYPMMWVRQAPGKGLEWVSEISPSGSYTYYADSVKGRFTISRDNSKNTLYLQMNSLRAEDTAVYYCAKDPRKLDYWGQGTLVTVSS
5FWO:A,QVQLVESGGGLVQAGGSLRLSCAASGRTFSSYVMGWFRQAPGKEREFVTAISWSGGSIHYADSVKGRFTISRDNAKNTVYLLQMNSKPEDTAVYTCVAGFAGYGSFTSRSARDSDKYDYWGQGTKVTVSS
5G5R:B,QVQLQESGGGLVQPGGSLRLSCAASGSGFNNNAMGWYRQAPGKQRELVAAITSFGSTNYADSVKGRFTISRDNAKNTVYLQMNSLKPEDTAVYYCTAGWGATPRSYWGQGTQVTVSS
5GXB:B,QVQLVESGGRLVQAGDSLRLSCAASGRTFTTYLMGWFRQAPGKEREFVAAIRWSGGSTYYADSVKGRFTISRDNAKNTVYLQMNSLKLEDTAVYYCAAAARPSYSGDYGYTEALRYDYWGQGTQVTVSS
5H8D:A,QVQLQESGGGLVQPGGSLKLSCAASGFTFSRYAMSWYRQAPGKERESVARISSGGGTIYYADSVKGRFTISREDAKNTVYLQMNSLKPEDTAVYYCYVGGFWGQGTQVTVSS
5HDO:D,QVQLQESGGGLVQAGGSLRLSCAASGFTLDSYAIGWFRQAPGKEREGVSCISASGGSTNYADSVKGRFTISRDNAKNTVYLQMNSLKSEDTAVYYCAADHPGLCTSRRRYLEVWGQGTQVTVSS
5HGG:T,QVQLQESGGGLVQAGGSLRLSCAASGFTLDSYAIGWFRQAPGKEREGVSCISASGGSTNYADSVKGRFTISRDNAKNTVYLQMNSLKSEDTAVYYCAADHPGLCTSESGRRRYLEVWGQGTQVTVSS
5HM1:C,DVQLQESGGGLVQPGGSLRLSCAASGNIVSIDAAGWFRQAPGKQREPVATILTGGATNYADSVKGRFTISRDNAKNTVYLQMNSLKPEDTAVYYCYAPMIYYGGRYSDYWGQGTQVTVSS
5HVF:B,QVQLQESGGGLVQAGGSLRLSCAASGSIFSPNAMGWYRQAPGKERELVAARTNVGSTYADSVKGRFTVSRDNAKNTVYLQMNSLKPEDTAVYYCNAWGQDGWLGQYDYWGQGTQVTVSS
5HVG:D,QVQLQESGGGLVQPGGSLRLSCAASGSIFSGNAMGWYRQAPGKQRELVAAITSGGSTDYADSVKGRFTISRDNAKNTVYLQMNSLKPEDTAVYYCHVDPRPWGYDVTDYDYWGQGTQVTVSS
5I0Z:B,EVQLQQSGPELVKPGASVKMSCKASGYTFTSYVMHWVKQKPGQGLEWIGYINPYNDGTKYNEKFKGKATLTSDKSSSTAYMELSSLTSEDSAVYYCARGAYKRGYAMDYWGQGTSVTVSS
5IMK:B,QVQLVESGGGLVQAGGSLRLSCAASGRTFSSYGMGWFRQAPGKEREFVAAIRWNGGSTYYADSVKGRFTISRDNAKNTVYLQMNSLKPEDTAVYYCAAGRWDKYGSSFQDEYDYWGQGTQVTVSS
5IP4:B,QVQLQESGGGLVQAGGSLRLSCTASVNIIGGNHWAWYRQAPGQQRDLVASLSRYNANYADSVKGRFTISRDNAKNAAYLQMNSLKPEDTAIYFCALENYYWGQGTQVTVSS
5IVN:A,QVQLVESGGGLVQPGGSLTLSCTASGFTLDHYDIGWFRQAPGKEREGVSCINNSDDDTYYADSVKGRFTIFMNNAKDTVYLQMNSLKPEDTAIYYCAEARGCKRGRYEYDFWGQGTQVTVSS
5J1S:C,QVQLVETGGGLVQAGGSLRLSCAASGNIFSFNVMGWYRQAPGKQRELVAAITSGDTTTYADSVQGRFTISRDNAKNAVYLQMNSLTPEDTAVYFCNARRNPINGPYYTTAYWGQGTQVTVSS
5J56:B,QVQLVESGGGLVQPGGSLRLSCVASEFSGFTLDYYAIGWFRQAPGKEREGLSSISSSSDGFTSYSDSVKGRFTISRDNAKNTVYLQMNSLKPEDTAVYYCAARLGGWASFSPQEYDYWGQGTQVTVSS
5J57:B,QVQLAETGGGLVEPGGSLRLSCAAPEFRLQYYTAGWFRQAEREWVACISAGGGVTYYTGSVQGRFTISRDNAKRTVYLQMDSLKPEDTAVYSCAADLEYSQIMPSCRGSYGVRGQGTQVTVSS
5JA8:H,QVQLQESGGGLVQPGGSLRLSCAASGFTLDYYAIGWFRQAPGKEREGVSCISSSGGTTNYADSVKGRFTVSRDNAKNTVYLQMNSLKPEDTAVYYCVADFACPLIREYDYWGQGTQVTVSS
5JA9:B,QVQLQESGGGLVQPGGSLRLSCAASGFTFSNYAMRWYRQAPGEEREFVAFISSVGGSTNYADSVKGRFTISRDNGKNTLYLQMNSLKPEDTAVYFCVARLSLISDSWGQGTQVTVSS
5JDS:B,QVQLQESGGGLVQPGGSLRLSCAASGKMSSRRCMAWFRQAPGKERERVAKLLTTSGSTYLADSVKGRFTISQNNAKSTVYLQMNSLKPEDTAMYYCAADSFEDPTCTLVTSSGAFQYWGQGTQVTVSS
5JMO:D,QVQLQESGGGLVQPGGSLTLSCAASGFTFSSYSMYWVRQAPGKGLEWVSSINRVGSNTDYADSVKGRFTISRDNAKNTLYLQMNSLKSEDTALYYCAVGMYAAPPWRGQGTQVTVSS
5JQH:C,QVQLQESGGGLVQAGGSLRLSCAASGSIFSLNDMGWYRQAPGKLRELVAAITSGGSTKYADSVKGRFTISRDNAKNTVYLQMNSLKAEDTAVYYCNAKVAGTFSIYDYWGQGTQVTVSS
5KTZ:7,QVQLQESGGGSVQAGGSLTLSCAASGYAVSRYSMGWFRQAPGKENEGVAAIDSSGVGTTYADSVKGRFTISRDNAKDTVYLRMNSLKPEDTAIYYCASGFGLSLSRYTYAYWGQGTQVTVSS
5KU0:7,QVQLQESGGGLVQPGGSLTLSCAASGYAVSRYSMGWFRQAPGKENEGVAAIDSSGVGTTYADSVKGRFTISRDNAKDTVYLRMNSLKPEDTAIYYCASGFGLSLSRYTYAYWGQGTQVTVSS
5KU2:7,QVQLQESGGGSVQTGGSLTLSCAASGYAVSLYSMGWFRQAPGKELEGVAGISSSGVDTTYADSVKGRFTISRDNAKDTMYLQMNSPKPEDTAIYRCAAGFGLSLSRYTYAHWGQGTQVTVSS
5KWL:7,QVQLQESGGGSVQPGGSLTLSCAASGYAVSRYSMGWFRQAPGKENEGVAAIDSSGVGTTYADSVKGRFTISRDNAKDTVYLRMNSLKPEDTAIYYCASGFGLSLSRYTYAYWGQGTQVTVSS
5L21:B,QVQLVESGGGLAQPGGSLRLSCEASGFGTWFRFDENTVNWYRQPPGKSREFDELVARYPKSGIVTYLDSVKGRFTISRDNAKKMAFLQMDNLKPEDTAVYYCNVGEFWGQGTQVTISS
5LHN:B,QVQLQESGGGLVQPGGSLRLSCAASGFTLGYYAIGWFRRAPGKEREGVSCISSSGGSTNYADSVKGRFTISRDNAKNTVDLQMNSLKPEDTAIYYCAAEWVPPGYGATVQALCNNAGYGMEYWGKGTQVTVSS
5LHR:B,QVQLQESGGGLVQAGGSLRLSCAASSSYVMGWFRQAPGKEREFVAAISWSGGSTNYADSVKGRFTISRDNAKNTVYLQMNSLKPEDTAVYYCAADLASSRDVSSWYWGQGTQVTVSS
5LMJ:D,QVQLVESGGGLVQAGGSLRLSCTASGRTFSDYDMAWFRQAPGKERDRVSAISTKGGSTWYHDSVKGRFTISRDNAKNTVYLQMNSLKPEDTAVYYCAAGAVTYYSARYEYDYWGQGTQVTVSS
5LWF:D,QVQLQESGGGLVQAGGSLRLSCAASGRTFSNDHMGWFRKAPGKEREFVAAITPGTEKTYYADSVKGRFAFSRDNAKNTVYLQMNSLKPEDTAVYYCVATPYYRGSYYAASTYTYWGQGTQVTVSS
5LZ0:B,DVQLVESGGGLVQAGGSLRVSCAASGRTFSSYSMGWFRQAPGKEREFVAAISRSDNSTYYADSVKGRFTISRDSAKNTVYLQMNSLKPEDTAVYYCAATPYGSRYYLRELREYDYWGQGTQVTVSS
5M13:B,QVQLVESGGGSVQAGGSLRLSCVASGDIKYISYLGWFRQAPGKEREGVAALYTSTGRTYYADSVKGRFTVSLDNAKNTVYLQMNSLKPEDTALYYCAAAEWGSQSPLTQWFYRYWGQGTQVTVS
5M14:D,QVQLVESGGGSVQAGGSLRLSCAASGQIEHIGYLGWFRQAPGKEREGVAALITYTGHTYYADSVKGRFTVSLDNAKNTVYLQMNSLKPEDTALYYCAAAEWGSQSPLTQWFYRYWGQGTQVTVS
5M15:D,QVQLVESGGGSVQAGGSLRLSCAASGKIHEIGYLGWFRQAPGKEREGVAALMTFQGQTYYADSVKGRFTVSLDNAKNTVYLQMNSLKPEDTALYYCAAAYWGKQSPLISWDYSYWGQGTQVTVS
5M2I:L,QVQLVESGGGLVQAGGSLSLSCSASGRSLSNYYMGWFRQAPGKERELLGNISWRGYNIYYKDSVKGRFTISRDDAKNTIYLQMNRLKPEDTAVYYCAASILPLSDDPGWNTYWGQGTQVTVSS
5M2J:D,QVQLVESGGGLVQPGGSLRLSCAASGFTFSNYWMYWVRQAPGKGLEWVSEINTNGLITKYPDSVKGRFTISRDNAKNTLYLQMNSLKPEDTALYYCARSPSGFNRGQGTQVTVSS
5M2M:N,QVQLQESGGGLVQPGGSLRLSCAASGRTFSDHSGYTYTIGWFRQAPGKEREFVARIYWSSGNTYYADSVKGRFAISRDIAKNTVDLTMNNLEPEDTAVYYCAARDGIPTSRSVESYNYWGQGTQVTVSS
5M30:F,QVQLVESGGGLVQAGGTLKLSCAASGSISGIVVMAWYRQAPGKQRELVASITSGGTTNYADSVKGRFTISKDNAENTLYLRMNSLKPEDTAVYYCKAFFRRDYVGYDYWGQGTQVTVSS
5M7Q:B,QVQLQESGGGSVQAGGSLRLSCAVSENTGRMGWFRQAPGKEREKVAIITRLGGYTSYAGPVKGRFTISQDNAKNTVYLLMNSLKPEDTAIYYCAADSRPIYSGTWRYWGQGTQVTVSS
5MJE:B,QVQLQESGGGLVQPGGSLRLSCVVSGDRRTIYTMGWFRQAPGNQGELVATMTSSGVTTYVDSVKGRFSISRDSAEDSAKNTVSLQMNSLKPEDTAFYTCYEESRRPLGSRNTYWGQGTQVTVSS
5MP2:D,QVQLVESGGGSVQAGGSLRLSCAASGNTDSSYYMGWFRQGPGKEREGVASIYIRAGIPYYTDSVKGRFTISQDNAKNTIYLQMNSLKPEDTAMYFCAGSVRTTIQPFKGNYYNYWGRGTQVTVSS
5MWN:N,QVQLVESGGGLVQPGGSLRLSCAASGIMLGYFTMAWYRQAPGKQRELVATEISGGSANYADAVKGRFTISRDNARSTVYLQMNSLKPEDTAVYYCDARIWRGTVYDNISGPGTQVTVSS
5MY6:B,QVQLQESGGGSVQAGGSLKLTCAASGYIFNSCGMGWYRQSPGRERELVSRISGDGDTWHKESVKGRFTISQDNVKKTLYLQMNSLKPEDTAVYFCAVCYNLETYWGQGTQVTVSS
5MZV:D,EVQLVESGGGLVQAGGSLRLSCAASGRTFSWSAVGWFRQAPGKEREFVAAIRWSGGSPYYADSVKDRFTISRDNAKNTVYLQMNSLRPEDTAVYLCGETSLFPTSRGSHYDTWGQGTQVTVSS
5N88:A,EVQLLESGGGLVQPGGSLRLSCAASGFTFSTFSMNWVRQAPGKGLEWVSYISRTSKTIYYADSVKGRFTISRDNSKNTLYLQMNSLRAEDTAVYYCARGGWALGDEIPSSFLEFDYWGQGTLVTVSS
5NBD:C,QVQLQESGGGLVQPGGSLRLSCAASGFTFSSYAMSWVRQAPGKGLEWVSAITSGGGSTSYSDAVKGRFTISRDNAKNTLYLQMNSLKPEDTAVYYCAKGYVVDFLDLAEYDSWGQGTQVTVSS
5NBL:F,QVQLVESGGGSVQAGDSLRLSCTASGRTFTNYGMGWFRQAPGKEREFVAAIGRFGFPLYYSDSVKGRFTISRDNAKTTVYLQMHNLKPEDTAIYFCAARNPRATAEDVSAYDYWGQGTQVTVSS
5NLU:A,QVQLVESGGGLVQAGGSLRLSCVVSGSAVSDYAMGWYRQAPGKQRELVAAIYNSGRTNYVDSVKGRFTISKDNAKKTVYLQMNSLKPEDTADYFCNLLGATTMSNAVWGQGTQVTVSS
5NML:I,QVQLVESGGGLVQAGGSLRLSCVVSGSAVSDYAMGWYRQAPGKQRELVAAIYNSGRTNYVDSVKGRFTISKDNAKKTVYLQMNCLKPEDTADYFCNLLGATTMSNAVWGQGTQVTVSS
5NQW:D,EVQLLESGGGLVQPGGSLRLSCAASGFTFGNYDMAWVRQAPGKRPEWVSSIDTGGDITHYADSVKGRFTISRDNAKNTLYLQMNSLRPEDTAVYWCATDEEYALGPNEFDYYGQGTLVTVSS
5O02:C,QVQLQESGGGLVQPGGSLRLFCAASGFTFSSYAMRWYRQAPGKERELVAAITSAGGSTHYADSVKERFTISRDNAKNTMYLQMNSLKPEDTAVYYCNARRDYGDSWFTAGGGYWGQGTQVTVSS
5O03:D,QVQLQESGGGLVQPGGSLRLSCAASGFTLGYYPIGWFRQAPGKGLEGVSCISGSGGSANYAASVKGRFTISRDNAKNTVYLQMNSLKPEDTAIYYCAADLSSLVQAMCVIPRPGFSAKAYDYWGLGTQVTVSS
5O04:C,QVQLQESGGGLVQPGGSLRLSCAASGSIFSIYAMGWYRQGKQRELVASISSGGGTNYADSVKGRFTISGDNAKNTVYLQMNSLKPEDTAVYYCKREDYSAYAPPSGSRGRGTQVTVSS
5O05:D,QVQLQESGGGLVQPGGSLRLSCAASGSVSRTYVMGWYRQTPGNQRELVATITSVGSTNYADSLKGRFTISRNTVYLQMNSLKPEDTAIYYCKYIRYSPIHAPLDYWGQGTQVTVSS
5O0W:H,QVQLQESGGGLVQPGGSLRLSCAASETALTYYAIGWFRQAPGKEREGVSCISRINSGSGARTDYADSVKGRFTISRDDAKNTVTLQMNSLEPEDTARYYCALDTTDRYDSANGRYYCTISSDTYDYWGQGTQVTVSS
5O2U:D,DVQLQESGGGLVQAGGSLRLSCAASGSISRFNAMGWWRQAPGKEREFVARIVKGFDPVLADSVKGRFTISIDSAENTLALQMNRLKPEDTAVYYCFAALDTAYWGQGTQVTVSS
5OCL:H,QGQLVESGGGLVQAGGSLRLSCAASGIIFRELGIDWYRQAPGKQRELVASIASAGMTNYADSVKGRFTISRDNAKNTVYLQMNSLKPEDTAVYYCHTLPRFSHLWGQGTRVTVSS
5OMM:C,QVQLQESGGGLVQSGGSLRLSCAASRNINSMHVVGWYRQAPGNQRELVASITDDGSTDYVDSVKGRFTISRDIAENTVYLQMNSLNPEDTAVYYCKGTIVVFTTPMHYWGKGTQVTVSS
5OMN:C,QVQLQESGGGLVQPGGSLRLSCAASGTIFSRNIMGWYRQAPGKERELVASIYSDRSTWYAESVEGRFTISRDNVKNTLYLQMNSLKPEDTAMYYCRDRTLGSWGQGTQVTVSS
5OVW:L,QMQLVESGGGLVQPGGSLRLSCAAPESTLDDYAIGWFRQAPGKEREGVSCIGSSGDSTNYADSVKGRFTVSRDNAKNTVYLQMNDLRPEDTAVYYCAAAHRIFGGCLVIHSSGYVSWGQGTPVTVSS
5SV4:B,EVQLVESGGGLVQAGDSLRLSCTASGRTLGDYGVAWFRQAPGKEREFVSVISRSTIITDYADSVRGRFSISADSAKNTVYLQMNSLKPEDTAVYYCAVIANPVYATSRNSDDYGHWGQGTQVTVSS
5TD8:E,QVQLVESGGGLVHPGGSLRLSCAASGRTGSRHAVAWFRQAPGKERDFVASINAVGLVRNYADSVLGRFSISRDFAKNEVYLQMNSLEPEDTAVYYCAARYYSGTYSSTYDRDDYDYWGQGTQVTVSS
5TJW:K,QVQLQESGGGLVQAGGSLRLTCALSERTSTSYAQGWFRQPPGKEREFVASLRTHDGNTHYTDSVKGRFTISRDNAENTLYLQMNSLKTEDTAVYYCAASLGYSGAYASGYDYWGQGTQVTVSS
5TOJ:F,QVQLQESGGGLVQPGGSLRLSCAASGFTLDYYYIGWFRQAPGKEREAVSCISGSSGSTYYPDSVKGRFTISRDNAKNTVYLQMNSLKPEDTAVYYCATIRSSSWGGCVHYGMDYWGKGTQVTVSS
5TOK:F,QVQLQESGGGLVQPGGSLRLSCAASGFTLDYYYIGWFRQAPGKEREGVSCISSSHGSTYYADSVKGRFTISRDNAKNTVYLQMNSLKPEDTAVYYCATVAVAHFRGCGVDGMDYWGKGTQVTVSS
5TSJ:2,EVQLLESGGGLVQPGGSLRLSCAASGFTFSTYMMSWVRQAPGKGLEWVSSIEGSGSKTYYADSVKGRFTISRDNSKNTLYLQMNSLRAEDTAVYYCAKRDSSFGFDYWGQGTLVTVSS
5U4L:B,QVQLVESGGGLVQPGGSLRLSCVASEFSRFTLDYYAIGWFRQAPGKEREGLSSISSSSDGFTSYSDSVKGRFTISRDNAKNTVYLQMNSLKPEDTAVYYCAARLGGWASFSPQEYDYWGQGTQVTVSS
5U64:B,DVQLQESGGGSVQAGGSLRLSCVASGVTSTRPCIGWFRQAKEREGVAVVNFRGDSTYITDSVKGRFTISRDDTVYLQMNSLKPEDTATYYCAADVNRGGFCYIEDWYFSYWGQGTQVTVSS
5U65:B,DVQLQESGGGSVQAGGSLRLSCVVSGLTISNYCMRWFRQAPGKGREGVASINSAGTTYYADSVKGRFTMSRDNAKNTVYLDMNSLKPEDTAIYYCASSTRVWGGYCGGLDDATNNDWGQGTQVTVSS
5UK4:B,QVQLVETGGGLVQTGGSLRLSCKASGRTFSNSIMGWFRQAPGKERDFVAKISWRNDYTTYADSVKGRFTISRDNASNMVYLLMNNLKPEDTAVYYCAATKAYNGGETSGRGFYYWGQGTQVTVSS
5UKB:E,QVQLVESGGGLVQAGGSLTLSCVASGRPFRNYRLGWFRQAPGKEREFVAAINWGGVITNYADSVKGRFTISRDDAKNTVYLQMNSLKPEETAVYYCAAFDSTGSPIVRDNYEYWGQGTQVTVSS
5USF:D,QVQLQESGGGLVLPGGSLRLSCATSGFTFSNSWMYWVRQAPGKGLEWVSRINAGGNTVDYKDSVKGRFSISRDNAKNTLYLQMNSLKPEDTAVYYCARGLNRYAYDSRGQGTQVTVSS
5VAK:B,QVQLVESGGGLVQAGGSLRLSCAASQRTFSPYVGGWFRQAPGKEREFVAAISWSGGTKLYADSVKGRFTISRDNAKNTVYLQMNTLKREDTAVYYCAARRINEVLTTAPDYDFWGQGTQVTVSS
5VAN:B,QVQLVESGGGLVQAGGSLRLSCAASQRTFSPYVGGWFRQAPGKEREFVAAISWSGGTKLYADSVKGRFTISRDNAKNTVYLQMNTLKREDTAVYYCAARRINEVLTTAPDYDFWGQGTQVTVSS
5VAQ:B,QVQLVESGGGLVQAGGSLRLSCAASFSPYVGGWFRQAPGKEREFVAAISWSGGTKLYADSVKGRFTISRDNAKNTVYLQMNTLKREDTAVYYCAARRINEVLTTAPDYDFWGQGTQVTVSS
5VL2:H,QVQLQQSGGGLVQAGGSLRLSCAASGRTHTPYAMGWFRQAPGKEREFVGGIGGVAATTTYADSVRGRFTISRDDAKATVYLQMNSLKPEDTAVYYCATRASMAVSTSPRVYPIWGQGTQVTVSS
5VM0:B,EVQLVESGGGLVQTGDSLRLSCAASGRTYTPYAMAWFRQAPGKEREFVAGIGGIDGTAAYADSVRGRATISRDSAKKTVYLQMNSLKPEDTAVYSCATRASMQVLTSPRVYPIWGRGTQVTVSS
5VM4:L,QVKLQQSGGGMVQTGDSLRLSCVGSRRALSSTIVGWFRQIPGKEREFVGGIAWSSSDTWYADSVKGRFTISKDDAANGVHLQMSSLKPEDTAVYYCASALRRPGSDASDYTRIPDYPYWGQGTQVTVSS
5VM6:A,QVKLQQSGGGMVQTGDSLRLSCVGSRRALSSTIVGWFRQIPGKEREFVGGIAWSSSDTWYADSVKGRFTISKDDAANGVHLQMSSLKPEDTAVYYCASALRRPGSDASDYTRIPDYPYWGQGTQVTVSS
5VNV:A,QVQLQESGGGLVQAGGSLRLSCAASGYISDAYYMGWYRQAPGKEREFVATITHGTNTYYADSVKGRFTISRDNAKNTVYLQMNSLKPEDTAVYYCAVLETRSYSFRYWGQGTQVTVSS
5VXJ:J,QVQLAETGGGLAQPGGSLRLSCAASGFTFSRAVMNWYRQAPGKERELVARIYDAGGNGSIADPVKGRFTISRDNAKNTVHLQMNSLKPEDTAMYVCNAGIFDGNYRTYWGQGTQVTVSS
5VXK:B,QLQLVESGGGLVQPGGSLRLSCAASGFTLDDQPIAWFRQAPGKEREGVSCISIDGNTQSYSDSVKGRFTISRDTANNRVHLQMNNLKPEDTAVYYCAADRYTSVRQMCTMIEGLHRVWGQGTQVTVSS
5VXL:B,QVQLAESGGGLVQPGGSLRLSCSASGGVFIIYNMGWYRQAPGKQRELVASIDSYSGSITNYADSVKGRFTISRDNVEKRVYLEMNNLKPEDTAVYYCNANLRTNNYWGQGTQVTVSS
5VXM:B,QVQLVESGGGLVQAGGSLRLSCAVSGLEMQSHAIGWFRQAPGKEREGVSCINDDGSTTRYADSVKGRFTISRDNAKNTVYLQMNSLKPEDTAVYFCAAKSVWFCSVIRSHEFNSWGQGTQVTVSS
5WB1:A,QVQLVESGGGLVRPGGSLRLSCAASGSIFTIYAMGWYRQAPGKQRELVARITFGGDTNYADSVKGRFTISRDNAKNAVYLQMNSLKPEDTAVYYCNAEETIVEEADYWGQGTQVTVSS
5WB2:D,QLQLVESGGGLVQPGGSLRLSCAASGYSLEYYAIGWFRQAPGKEREGVSCISTSVGSTKYADSVKGRFTISRDNAKNTVYLQMNSLKPEDTAVYYCGADLSTFYGGNYYCGDRGIYDYYGQGTQVTVSS
5WTS:A,SVQLVESGGALVQPGGSLRLSCAASGFPVNRYSMRWYRQAPGKEREWVAGMSSAGDRSSYEDSVKGRFTISRDDARNTVYLQMNSLKPEDTAVYYCNVNVGFEYWGQGTQVTVS
5Y80:B,QVQLQESGGGLVQPGGSLRLSCSASGFKFNDSYMSWVRRVPGKGLEWVAGIWEDSSAAHYRDSVKGRFTISRDNAKNMLYLQMSSLKSDDTGLYYCVRRGYSGDYRPINNPSSQGTQVTVSS
6A96:O,QVQLQESGGGLVQAGGSLRLSCAASGHTFNYPIMGWFRQAPGKEREFVGAISWSGGSTSYADSVKDRFTISRDNAKNTVYLEMNNLKPEDTAVYYCAAKGRYSGGLYYPTNYDYWGQGTQVTVSS
6APO:A,EVKLQESGGGLVQAGESLRLSCAVPPEVFDIRTVAWYRQVPLGKGRELLSSITPWNKTTYEDSVKDRFTISRDNAKYTVYLQMNDLKPEDTAVYYCAQGWGIASMRYWGQGTQVTVSSGGHHHHHH
6APQ:A,KVQLQESGGGLVQAGGSLRLSCAASGGTFSINTLGWYRRAPGKEREFVARISSGGITRYADSVKGRFTISRDNGKNTVYLDMNSLKPEDTAVYYCMYRNWGGGLDVYWGQGTQVTVSS
6B20:F,QVQLVESGGGLVQAGGSLRLSCAASGSIFSINAMGWYRQAPGKQRELVAAITRGGRTNYADSVKGRFTLSRDNAKNTVYLQMNSLKPEDTAVYYCNVGRSRGYWGQGTQVTVSS
6B73:D,QVQLVESGGGLVRPGGSLRLSCVDSERTSYPMGWFRRAPGKEREFVASITWSGIDPTYADSVADRFTTSRDVANNTLYLQMNSLKHEDTAVYYCAARAPVSPYDYDYWGQGTQVTVSS
6C5W:E,QVQLQESGGGLVQAGGSLRLSCAASGTIFSPHYMGWYRQAPGKEREFVAGIGFGTTTNYANSVKGRFTISRDNAKNTVYLQMNSLKPEDTAVYYCAARLYPILGHTYWGQGTQVTVSS
6C9W:B,QVQLVESGGGLVQAGDSLRLSCAASGGTFSTFNMGWFRQDLGKEREFVAAIRWTGGRAYYGDSVKGRFTISRDNAKNTVYLQMNSLKPEDTAVYYCARQGTNGGGYSEATSYNYWGQGTQVTVSS
6CK8:C,EVQLVESGGGLVQPGGSLRLSCAVSISIFDIYAMDWYRQAPGKQRDLVATSFRDGSTNYADSVKGRFTISRDNAKNTLYLQMNSLKPEDTAVYLCHVSLYRDPLGVAGGMGVYWGKGALVTVSS
6CNW:A,EVQLVESGGGLVQPGGSLRLSCAASGFTFSTSWMYWLRQAPGKGLEWVSVINTDGGTYYADSVKGRFTISRDNSKNTLYLQMNSLRAEDTAVYYCAKDWGGPEPTRGQGTLVTVSS
6CSY:N,QVQLQESGGGLVQPGGSLRLSCAASGFAFSSYELRWYRQAPGKQHELVAGITTGGNTYYADSVKGRFTISRDNAKNTVYLQMSNLRPEDTAVYACNANWDLLSDYWGQGTQVTVSS
6CWK:A,QVQLAESGGGLVQAGGSLKLSCAASGRDFSMYMLAWFRQAPGKEREFVAAIMCSGGGGGTYYADSMQGRFTISRDNAKKTVALQMNSLKPEDTAVYYCAASTTYCSATTYSSDRLYDFWGQGTQVTVSS
6DBA:B,QVKLEESGGGSVQAGGSLRLSCAASGHTYSTYCMGWFRQVPGKEREGVARINVGGSSTWYADSVRDRFTISQDNAKNTVYLQMNSLKLEDTAIYYCTLHRFCNTWSLGTLNVWGQGTQVTVSS
6DBD:D,QVKLEESGGGLVQAEGSLRLSCVTSGRIEGILLVGWYRQGPGKQRDVVASIDRNGNTRYDGSAEGRFTIARENANTVYLQMNNLRPEDSNVYVCGALSSGVNPWAWGQGTQVTVSS
6DBE:B,QVKLEESGGGLVQAGGSLRLSCAASGSTFSIYTMGWFRQAPGKEREFVADISWNGGSTYYADSVKGRFTIYRDNYKNTVYLQMNSLKPEDTAVYYCNADDLMIDRDYWGQGTQVTVSS
6DBF:B,QVKLEESGGGSVQAGGSLRLSCAASGHTYSTYCMGWFRQVKEREGVARINVGGSSTWYADSVRDRFTISQDNAKNTVYLQMNSLKLEDTAIYYCTLHRFCNTWSLGTLNVWGQGTQVTVSS
6DO1:D,QVQLQESGGGLVQAGGSLRLSCAASGNIFDVDIMGWYRQAPGKERELVASITDGGSTDYADSVKGRFTISRDNAKNTVYLQMNSLKPEDTAVYYCAAVAYPDIPTYFDYDSDNFYWGQGTQVTVSS
6DYX:D,QVKLEESGGGLVQAGGSLRLSCAASGRTYSTYAMGWFRQTPGKERELVAAINWSGGNTHYADSVKGRFTISRDNAKSTVYLQMNSLKPEDTAVYYCAAPKGHTGDHYWGPGTQVTVSS
6EQI:B,QVQLVESGGGLVQAGGSLKLSCTTSGRPFSTFDLAWFRQAPGKEREFVSGLRRGGSTFYADSVSGRFTISGTKNTLYLQMNSLKPEDTAIYYCARSITGYGLVDSASHYTIWGQGTQVTVSS
6EY0:H,QVQLVESGGGLVQAGGSLRVSCAASGRTFSSYSMGWFRQAPGKEREFVAAISRSDNSTYYADSVKGRFTISRDSAKNTVYLQMNSLKPEDTAVYYCAATPYGSRYYLRELREYDYWGQGTQVTVSS
6EY6:P,QVQLVESGGGLVQAGGSLRLSCAASGRTFSSYVMGWFRQAPGKEREFVTAISWSGGSIHYADSVKGRFTISRDNAKNTVYLQMNSLKPEDTAVYTCVAGFAGYGSFTSRSARDSDKYDYWGQGTKVTVSS
6EZW:B,QVQLVQSGGGLVQAGGSLRLSCAFSGRTFSMYTMGWFRQAPGKEREFVAANRGRGLSPDIADSVNGRFTISRDNAKNTLYLQMDSLKPEDTAVYYCAADLQYGSSWPQRSSAEYDYWGQGTTVTVSS
6F2G:B,QVQLVESGGGVVQAGGSLRLSCAASGRTFSSRAMGWFRQAPGEGREFVATISWSGSYTEYADSVKGRVTISRDNAKNTVYLQMNSLKPGDTAVYHCAAKNGGAASNYPNDYVYWGQGTQVTVSS
6F5G:B,QVKLEESGGGLVQAGGSLRLSCSPSDRTFSAYAMGWFRQVPGREREFVATIRDSDASIYYTDSVKGRFTISRDNAKNTVYLQMNSLIPDDTAVYYCAARQYYSGRVYSTFREEYDYWGQGTQVTVSS
6FE4:J,QVQLQESGGGLVQPGGSLRLSCAASGFTFSSYYMSWVRQAPGKGPEWVSGINTGGVGTRYADSVKGRFTISRDNAKNTLYLQMNSLKPEDTALYYCAIGEGGNRNYWGQGTQVTVSS
6FPV:B,QVQLVESGGGLVQAGGSLRLSCAASGSFFSINDMGWYRQAPGKQRELVAVISSGGSTNYADSVEGRSTISSDNAKNTVYLQLSSLKPEDTAVYYCNANVRLREYRTTSYHYWGQGTQVTVS
6FV0:F,QVQLQESGGGLVQPGGSLRLSCAASGFAFSSYWMYWVRQAPEKGLEWVSTINTGGGITYYKDSVKGRFTVSRDNAKNTLYLQMNSLKPEDAAQYYCATDMSGTYRGQGTQVTVSS
6FYU:I,QVQLVESGGGLVQAGGSLKLSCAASGRTYAMGWFRQAPGKEREFVAHINALGTRTYYSDSVKGRFTISRDNAKNTEYLEMNNLKPEDTAVYYCTAQGQWRAAPVAVAAEYEFWGQGTQVTVSS
6FYW:C,EVQLVESGGGLVQPGGSLRLSCAATGFTLENKAIGWFRQTPGSEREGVLCISKSGSWTYYTDSMRGRFTISRDNAENTVYLQMDSLKPEDTAVYYCATTTAGGGLCWDGTTFSRLASSWGQGTQVTVSS
6GCI:B,QVQLVESGGGLVQAGDSLRLACAASGITFSSYTMGWFRQAPGKEREYIARITGSGSNTYYADSVKGRYTISRDNAKNTAYLQMNSLKPEDTANYYCAARDDGRMYQGFYDFEYWGQGTQVTVSS
6GJQ:H,QVQLQESGGGLEQPGGSLRLSCATSGVIFGINAMGWYRQAPGKQRELVATFTSGGSTNYADFVEGRFTISRDNAKNTVYLQMNGLRPEDTAVYYCHATVVVSRYGLTYDYWGQGTQVTVSS
6GJS:C,QVQLQESGGGLVQAGGSLRLSCAASGSTFAIIAMGWYRQAPGKQRELVAVISTGDTRYADSVKGRFTISRDNAKNTVYLQMDSLRPEDTAVYYCNAAVQVRDYRNYWGQGTQVTVSS
6GJU:C,QVQLQESGGGLVQAGGSLRLSCAASGSIFRIDAMGWYRQAPGKQRELVAHSTSGGSTDYADSVKGRFTISRDNAKNTVYLQMNSLKPEDTAVYYCNADVRTRWYASNNYWGQGTQVTVSS
6GK4:F,QVQLQESGGGLVQPGGSLRLSCAASSINAMGWYRQAPGKQREPVAISSSGGDTRYAEPVKGRFTISRDNAQNKVYLQMNSLKPEDTAVYYCWLNWGRTSVNSWGQGTQVTVSS
6GKD:T,QVQLQESGGGLVQAGGSLRLSCTASGRAFSWYVMGWFRQAPGKEREFVATVSGNGSRRDYADSVKGRFTISRDNAKNTVYLQMNSLKPEDTAVYYCAASSTYYYTDPEKYDYWGQGTQVTVSS
6GS1:H,QVQLQESGGGLVQAGGSLRLSCAGSGRTFSSYNMGWFRQAPGKEREFVGGISWTGRSADYPDSVKGRFTISRDNAKNAVYLQMNSLKPEDTAVYYCAAKQYGSRADYPWDDYDYWGQGTQVTVSS
6GWP:C,QVQLVESGGGLVQAGGSLRLSCAASGFTFDDYSIAWFRQAPGKEREGVSCISSSDGSAYYADSVKGRFTISSDNAKNTVYLQMNSLKPEDTAVYYCAAVWARVCRNPYDYWGQGTQVTVSS
6GWQ:B,QVQLVESGGGLVQPGGRLRLSCAASGFTFRTYAMQWYRQSPGTERELVAAISNIGGVTDYGDSVKGRFTISRDNAKTTVYLEMNSLKPEDTATYYCSAVRLPQRYWGRGTQVTVSS
6GZP:A,QVQLVESGGGLVQAGDSLRLSCAASGLTFNRYNMGWFRQAPGREREFVASISWSGDRTYGTDSVKGRFAISRDNAKNTMYLQMNSLKPEDTAVYYCAADRFLTRSVKYDYWGQGTQVTVSS
6H02:B,QVQLVESGGGLVQAGASLRLSCAVSGRTGSIYTMGWFRQAPGKEREVVARTTWTPGSTKYADSVKGRVAISRDIAKNTLYLQMNNLKPEDTAVYYCAACAYGTCYYGDRAYEYWGQGTQVTVSS
6H15:D,QVQLQESGGCLVQAGGSLRLSCAASGSTFSTYTIGWFRQAPGKEREFVAAIHWDGGQTYYADSVKGRFTISRDNAKNTVYLQMNSLKPEDTAVYYCAARGRRYFDFTYSDVYDYWGQGTQVTVSS
6H16:B,EVQLQESGGGLVQAGGSLRLSCAASGRTFSIYTIGWFRQAPGKEREFVAEITWSGGSTYYADSVKGRFTISRDNAKNTVYLQMNSLKPEDTAVYYCAAITYTRGIYKYWGQGTQVTVSS
6H1F:A,QVQLQESGGGLVQAGGSLRLSCAASGRTFSSFVMGWFRQAPGKEREFVASISRSGSVTRYADSAKGRFTISKDNAKNTVSLQMDNLNPDDTAVYYCAADLHRPYGPGSQRTDDYDTWGQGTQVTVSS
6H6Y:H,QVQLQESGGGLVQAGGSLRLSCAVSGRTFSNYYSGWFRQAPGKEREFLASIRWSDSTTNYADSVKGRFTISRDTAKNTVYLQMNSLKLEDTAVYHCAARRLATYDYWGQGTQVTVSS
6H6Z:D,QVQLQESGGGLVMTGGSLRLSCAVSGRTIDVSVMAWFRQAPGKEREFVSGMRWSGMTTYSADSVKDRFTISRDKTKNTVYLQMNSLKPEDTAVYYCAARSRFIVGVPQARDLYDYWGQGTQVTVSS
6H71:D,QVQLQESGGGLVQAGGSLRLSCAASGRMFSINSMGWYRQAPGKERELVATISEAGTTTYADSVRGRFTIARDNAKNTVYLQMNSLNPEDTAVYYCNAYIQLDSTIWFRAYWGQGTQVTVSS
6H7J:D,QVQLQESGGGLVQAGGSLRLSCAASGSIFSINTMGWYRQAPGKQRELVAAIHSGGSTNYANSVKGRFTISRDNAANTVYLQMNSLKPEDTAVYYCNVKDYGAVLYEYDYWGQGTQVTVSS
6HEQ:A,QVQLQESGGGLVQPGGSLRLSCAASGRTFSSYNMGWFRQAPGKGREFVASITSSGDKSDYTDSVKGRFTISRDNAKNTMYLQMNNLKPEDTATYYCARGLGIYIIRARGGYDHWQQGTQVTVSS
6HHD:D,QVQLQESGGGLVQPGGSLRLSCAASGRTFSSYNMGWFRQAPGKGREFVASITSSGDKSDYTDSVKGRFTISRDNAKNTMYLQMNNLKPEDTATYYCARGLGIYIIRARGGYDHWGQGTQVTVSS
6HHU:H,QVQLVESGGGLVQPGGSLRLSCAASGFTFSSYPMSWVRQAPGKGLEWVSDINSSGTTYYADSVKGRFTISRDNAKNTLYLQMNSLKPEDTAVYYCATEGKYGRTWYGQLEYHYWGQGTQVTVSS
6HJX:J,QVQLQESGGGLVQAGGSLRLSCAASGRIFSTNVMGWFRQAPGKEREFVATVGRIGGSTVYADFVKGRFTLSRDNAKNMVYLQMNSLKPEDTAVYYCGARIGGSDRLAPENYGYWGQGTQVTVSS
6HUG:G,QVQLQESGGGLVQGSLRVSCAASGRTFTTYIMAWFRQAPGKEREFLAAMDQGRIQYYGDSVRGRFTISRDYAKNSVDLQLDGLRPEDTAVYYCAAGAGFWGLRTASSYHYWGQGTQVTVSS
6I53:G,QVQLQESGGGLVQAGGSLRVSCAASGRTFTAYIMAWFRQAPGKEREFLAAMDQGRIQYYGDSVRGRFTISRDYAKNSVDLQLDGLRPEDTAVYYCAAGAGFWGLRTASSYHYWGQGTQVTVSS
6I6J:C,QVQLVESGGGLVQAGGSLRLSCAASGFPVKRWSMTWYRQAPGKEREWVAAIRSAGHWTHYADSVKGRFTISRDNAKNTVYLQMNSLKPEDTAVYYCNVKDEGDFSYWYDYWGQGTQVTVSS
6I8G:B,QVQLQESGGGLVQAGGSLRLSCATSTHTAGQYTMAWFRQAPGKEREFVAVLRWSDYSTDYANSVKNRFTISRDNAKNTVYLQMNSLKPEDTAVYYCAAGWPVKVISSADEYINWGQGTQVTVSS
6I8H:B,QVQLQESGGGLVQAGGSLRLSCAGSGRTFSTYDMAWFRQAPGKEREFVSSISSSGGNVVYRDSVKGRFTIARDNAANAVYLQMNSLKPEDTAVYYCAAKWLAADYNYWGQGTQVTVSS
6IBB:D,EVQLVESGGGLVQPGGSLRLSCEALANYAIGWFRQAPGKEREGVSCISSGGSTVYSESVKDRFTISRDNAKIVYLQMNSLQPEDTAVYYCAADPFGERLCIDPNTFAGYLETWGQGTQVTVSS
6IR1:B,QVQLVESGGSLVQPGGSLRLSCAASGRFAESSSMGWFRQAPGKEREFVAAISWSGGATNYADSAKGRFTLSRDNTKNTVYLQMNSLKPDDTAVYYCAANLGNYISSNQRLYGYWGQGTQVTVSS
6IR2:B,QVQLVESGGGLVQAGGSLRLSCATSGFTFSDYAMGWFRQAPGKEREFVAAISWSGHVTDYADSVKGRFTISRDNVKNTVYLQMNSLKPEDTAVYSCAAAKSGTWWYQRSENDFGSWGQGTQVTVSS
6ITC:V,QVQLVETGGGLVQPGGSLRLSCGASGSIFNMYAMGWYRQAPGKRREVVARIATDDSTMYPDSVKGRFTISRDNAKNTVYLQMNSLKPEDTAVYYCYYQRTVMSQPYWGQGTQVTVSS
6ITP:B,QVQLQESGGGSVQAGGSLRLSCVVSGNTGSTGYWAWFRQGPTEREGVAATYTAGSGTSMTYYADSVKGRFTISQDNAKKTLYLQMNSLKPEDTGMYRCASTRFAGRWYRDSEYRAWGQGTQVTVSS
6ITQ:D,QVQLQESGGGSVQAGGSLRLSCVVSGNTGSTGYWAWFRQGPREGVAATYTAGSTSMTYYADSVKGRFTISQDNAKKTLYLQMNSLKPEDTGMYRCASTRFAGRWYRDSEYRAWGQGTQVTVSS
6IYN:A,QLQLVESGGGLVQAGGSLRLSCAASGRTFSSYAMGWFRQAPGKEREFVAVVNWSGRRTYYADSVKGRFTISRDNAKNTVYLQMNSLKPEDTAVYNCAAGKWDGSYYGAPDYWGQGTQVTVSS
6J7W:B,EVQLVESGGGLVQPGGSLRLSCAASGFTVSSYGMSWVRQAPGKGPEWVSGIRGSDGSTYYADSVKGRFTISRDNSKNTLYLQMNSLRAEDTAVYYCAKQGENDGPFDHRGQGTLVTVSS
6JB2:A,DVQLVESGGGSVQAGGSLRLSCAASGSTDSIEYMTWFRQAPGKAREGVAALYTHTGNTYYTDSVKGRFTISQDKAKNMAYLRMDSVKSEDTAIYTCGATRKAVPVRFALDQSSYDYWGQGTQVTVSS
6JB9:A,DVQLVESGGGSVQAGGSLRLSCAASGSTDSIEYMTWFRQAPGKAREGVAALYTHTGNTYYTDSVKGRFTISQDKAKNMAYLRMDSVKSEDTAIYTCGATRKYVPVRFALDQSSYDYWGQGTQVTVSS
6JRI:H,DVQLVESGGGLVQAGGSLRLSCTASGFTFDDYTMGWFRQAPGKEREGVSYTGWGSTTYYTDSVKGRFTISRDNAKNTLYLQMNSLKPEDTAMYYCAAARYSQVRWTDFIYWGQGTQVTVSS
6K2I:A,QLQLVESGGGLVQAGGSLRLSCVASGRTFRSNAMGWFRQAPGKEREFVAAIRWSGGSTYYADSVKGRFTISRDNAKNTVYLQMNSLKPEDTAVYLCAAGVWRSSGWDTPDYWGQGTQVTVSS
6KNM:A,QVQLVESGGGSVQSGGSLTLSCAASGSTYSSHCMGWFRQAPGKEREGVALMTRSRGTSYADSVKGRFTISQDNTKNILYLQMNSLKPEDTAMYYCAAVPRAGIESGAYCKWNMKDSGSWGQGTQVTVSS
6KSN:B,QVQLEESGGGSVQAGGSLRLSCAASGYMYSTYSTYCMGWFRQAPGKEREGVAFIKRGDHSTYYTDSVKGRFTISQDSAKNTVSLQMNNLKPEDTAIYYCAADFAHSFLLSVHSGAGQYSYWGQGTQVTVSS
6LZ2:D,QVQLVESGGGLVQAGGSLRLSCAASGFPVGRASMWWYRQAPGKEREWVAAISSYGWVTAYADSVKGRFTISRDNAKNTVYLQMNSLKPEDTAVYYCEVSVGTGYRGQGTQVTVSS
6N4Y:H,QVQLVESGGGLVQAGGSLRLSCAASGRTFTSYAMGWFRQAPGKERESVAAISSSGGSTHYADSVKGRFTISRDNSKNTVYLQMNSLKPEDTAVYYCAAAMYGSRWPDWEYDYWGQGTQVTVSS
6N50:E,QVQLVESGGGLVQAGGSLRLSCAASGRTFTSYAMGWFRQAPGKERESVAAISSSGGSTHYADSVKGRFTISRDNSKNTVYLQMNSLKPEDTAVYYCAAAMYGSRWPDWEYDYWGQGTQVTVSS
6NFJ:E,QVQLVESGGGLVQAGGSLRLSCAASGRAIRSYFMAWFRQAPGKEREFVAAVEYIFNTYYADSVKGRFTISRDNAKNTVFLQMNSLKPEDTAVYYCAAGVGASVSVSESWYNYWGQGTQVTVSS
6O3C:B,QVQLQESGGGLVQAGGSLRLSCAASGYIFSSYAMGWYRQAPGKEREFVATIGWGTITYYADSVKGRFTISRDNAKNTVYLQMNSLKPEDTAVYYCAAQDLLYYSFPGDHAYWGQGTQVTVSS
6O8D:C,QVQLVESGGGVVQPGRSLRLSCAASGFTFTKAWMHWVRQAPGKQLEWVAQIKDKSNSYATYYADSVKGRFTISRDDSKNTLYLQMNSLRAEDTAVYYCRGVYYALSPFDYWGQGTLVTVSS
6OBC:B,QVQLAETGGGLVQPGGARTLSCAASESISSFYFMGWYRQAPGKPRELVAEISNYGRTDYGDSLKGRFTISRDNAANTVNLQMNNLAPEDTALYYCNARKWERSVLEDYWGQGTQVTVSS
6OBE:B,QLQLVETGGGLVQAGGSLRLSCAASGSIFSMHAMGWFRQAPGRERELVAVAPTGRPSDYADFAKGRFTISRDNAKNTVSLQMHSLEPEDTAVYYCNAQLWERYVLNDYWGQGTQVTVSS
6OBG:D,QVQLVETGGGLVQPGGSLRLSCAASGSIFSINAMGWYRQAPGKERELVADISSSGRINEADSVKGRFTISRDNAKNTVYLQMNSLKPEDTAVYYCNVLAGSHYYDEYEYWGQGTQVTVSS
6OBM:B,QVQLVETGGGGLVQAGGSLRLSCAASGSISSLNAMGWYRQAPGKERELVADISASGRTNYADSVKGRFTISRDNAKNTVSLQMNSLKPEDTAVYYCNAVGGTYYYDEYDYWGQGTQVTVSS
6OBO:D,QVQLAETGGGLAQAGGSLRLSCAASGSIFSINAMGWYRQAPGKERELVADISGSGRTNYADSVKGRFTISRDNAKNTVSLQMNSLKPEDTAVYYCNVVGGSYYYDEYNYWGQGTQVTVSS
6OC8:D,EVQLVESGGGLVQAGGSLRLSCAASASIFRALNVGYYRQTPGRQRELIAGISGGGSTHYADPVKGRFTISRDNAKNRVDLQMNNLKPEDTAVYYCNAGPTLTTGDAGPYWGQGTQVTVSS
6OCA:D,QVQLVETGGGVVQAGGSLRLSCVASGRTFSVSGRTFSDHGLGWFRQAPGKEREFVGSISWSVDGDATYYTDLANSVKGRFTISGVNAKNTVYLQMNSLKPEDTAVYYCAAGLRGGTYARTIYEYDYWGQGTQVTVSS
6OCD:D,QVQLVETGGGLVQSGGSLRLSCAASGFTLDNYNIGWFRQAPGKEYGGVSCISSSDGSTYYADSVKGRFTISRDNAKNTVYLQMNNLKPEDTDVYYCAATKYGSSCPIRPYDYWGQGTQVTVSS
6OQ6:D,QVQLVESGGGLVQPGGSLRLSCEASGFTLDYYGIGWFRQPPGKEREAVSYISASARTILYADSVKGRFTISRDNAKNAVYLQMNSLKREDTAVYYCARRRFSASSVNRWLADDYDVWGRGTQVAVSS
6OQ7:C,QVQLVESGGGLVQTGGSLRLSCASSGSIAGFETVTWSRQAPGKSLQWVASMTKTNNEIYSDSVKGRFIISRDNAKNTVYLQMNSLKPEDTGVYFCKGPELRGQGIQVTVSS
6OQ8:C,QVQLVESGGGLVEAGGSLRLSCVVTGSSFSTSTMAWYRQPPGKQREWVASFTSGGAIKYTDSVKGRFTMSRDNAKKMTYLQMENLKPEDTAVYYCALHNAVSGSSWGRGTQVTVSS
6OS1:D,QVQLQESGGGLVAAGGSLRLSCAASGNIFDVDIMGWYRQAPGKERELVASITDGGSTNYADSVKGRFTISRDNAKNTVYLAMASLKPEDTAVYYCAAVAYPDIPTYFDYDSDNFYWGQGTQVTVSS
6OYA:N,QVQLQESGGGLVQPGGSLRLSCAASGFTFSNYKMNWVRQAPGKGLQWVSDISQSGASISYTGSVKGRFTISRDDAKNTLYLQMNSLKPADTAVYYCARCPAPFTRDCFDVTSTAYAYRGQGTQVTVSS
6OYH:H,DVQLQESGGGLVQTGGSLTLSCATSGRSFSLYAMAWFRQAPGKEREFVAGVSRRGNTAYADAVKGRFTISRDNAANTVYLQMTSLKPEDTAVYFCAAFRVAVTTYTSQQANEYNYWGQGTQVTVSS
6Q6Z:B,QVQLQESGGGLVQAGGSLRLSCTASGFTFDSYHMGWFRRAPGKEREFVAAVSRVTWLIDIADSVKGRFTISRDNAKNTVYLEMNSLKPEDTAQYFCAASQYDYWGQGTQVTVSS
6QFA:L,QVQLVESGGGLVQGSLRLSCAASGHTFNYPIMGWFRQAPGKEREFVGAISWSGGSTSYADSVKDRFTISRDNAKNTVYLEMNNLKPEDTAVYYCAAKGRYSGGLYYPTNYDYWGQGTQVTVSS
6QGW:B,QMQLVESGGGLVQAGGSLTLSCAASGRTFSDYDMGWFRQAPGKAREFVARISRSGRMTSLADSVKGRFTISRDNGKRTVYLQMNSLKPEDTAVYYCAADPQWSRVRSGADYWGQGTRVTVSS
6QGX:B,QVQLVESGGGLVQAGGSLRLSCAASGRTFSRYAMAWFRRAPGKEREFVAAISASAGTIFYTDSVKGRFTISRDHAKNTVSLQMNSLRPEDTAVYYCAAKTGTWATLDRRYDYWGQGTRVTVSS
6QGY:D,QGQLVESGGGMVQAGGSLRLSCAASGRTFNGWTAAWFRQAPGKDREFVAAISRSGDYTYYTNSVKGRFTISRDSAKNNLYLQMDSLKPEDTAVYYCAAKTGTWATMDRRYDYWGQGTRVTVSS
6QPG:P,QVQLQESGGGMVQPGGSLRLSCLASGFTFSNYAMTWVRQAPGKGPEWVSMVSNNGADTTYTDSVKGRFTISRDNAKNTLYLRMNNVKPEDSAVYYCAKRRYGGIWTGQPTDYDYLGQGTVTVSS
6QTL:G,QVQLVESGGGLVQAGGSLRLSCTASGRTGTIYSMAWFRQAPGKEREFLATVGWSSGITYYMDSVKGRFTISRDKGKNTVYLQMDSLKPEDTAVYYCTATRAYSVGYDYWGQGTQVTVSS
6QUP:B,QVQLVESGGGLVQPGGSLRLSCAASGSIFSIDYMGWYRQAPGKERELVAIKTSGGTTHYADSVKGRFTISRDNAKNTVYLQMNSLKPDDTAVYYCNARVYFGDRDYWGQGTQVTVSS
6QUZ:F,QVQLVESGGGSVQAGGSLRLSCAASGNIHHISYLGWFRQAPGKEREGVAALWTKDGNTYYADSVKGRFTVSLDNAKNTGYLQMNSLKPEDTALYYCAAADTGSDTPLWDWVYWYWGQGTQVTVSS
6QV1:F,QGQLVESGGGLVQAGGSLTLSCAASVRDISFFAVGWFRQAPGKQRELVAQMTSLRKINYADSVKGRFTISRDDAKNTVSLQMNSLKPEDTAVYYCHASLPGLPYWGQGTPVTVSS
6QV2:F,QGQLVESGGGLVQPGGSLRLSCAASGFTLDYYAIGWFRQAPGKEREGVSCISNSGGSTKYADSVKGRFTISRDKAKNTVYLQMNSLKPEDTGVYYCAADRGYSEYDLPCDLVIYGMDYWGKGTPVTVSS
6R7T:A,QVQLQESGGGLVQPGGSLRLSCAASGFTFSTYAMSWFRQAPGKGLEWVASINSSGGGIQSYADSVKGRFTISRDNAKNTLYLQMNSLEPEDTAVYYCAAAAWRVGTYDYRGQGTQVTVSS
6RAF:C,QLQLVESGGGLVQPGDSLRLSCAVSGSALDYNAIGWFRQAPGKEREGVACISKITGNTAYADSVKGRFTISRDNAKNTVHLQMNSLKPEDTAVYYCATVTAVLLPGRCVPGKYWGQGTPVTVSS
6RBB:K,EVQLVQAGGSLRLSCAASGGTFATSPMGWLRQAPGKGTEFVAAISPSGGDRIYADSVKGRFTISRDNAGNFIYLQMNSLKPEDTAVYYCAVRRRFDGTSYYTGDYDSWGQGTLVTVSS
6RNK:B,EVQLVESGGGLVQPGGSLRLSCEASGYTLANYAIGWFRQAPGKEREGVSCISSGGSTVYSESVKDRFTISRDNAKKIVYLQMNSLQPEDTAVYYCAADPFGERLCIDPNTFAGYLETWGQGTQVTVSS
6RPJ-1:G,AMHVAQPAVVLASSRGIASFVCEYASPGKATEVRVTVLRQADSQVTEVCAATYMMGNELTFLDDSICTGTSSGNQVNLTIQGLRAMDTGLYICKVELMYPPPYYLGIGNGTQIYVIDPEPGGSS
6RPJ-2:H,QVQLQESGGGSVQAGGSLTLSCAASGYANSNTCMGWFRQAPGKERERVAAISGVGTGTYYADSVKGRFTISRDNGKNTLFLQMNSLKPEDTAMYYCAAAPEGRAWCSRDPSGYNYWGQGTQVTVSS
6RQM:B,QVQLVESGGGLVQPGGSLRLSCAASGYIYSAYCMGWFRQAPGKGLEGVAAIYIGGGSTYYADSVKGRFTISRDNSKNTLYLQMNSLRAEDTAVYYCAADVIPTETCLGGSWSGPFGYWGQGTLVTVSS
6RTW:B,QVQLQESGGGLVQPGGSLRLSCAASGSGNSINVMGWYRQAPGKPRELVAEITSSGTTNYADSVKGRFSISRDNAKNTVPLQMNSLKPEDTAIYYCSAVLVRFGGLRRSYWGQGTQVTVSS
6RTY:B,QVQLQESGGGLVQPGGSLRLSCAASSINVMGWYRQAPGKPRELVAEITSSGTTNYADSVKGRFSISRDNAKNTVPLQMNSLKPEDTAIYYCSAVLVRFGGLRRSYWGQGTQVTVSS
6RU3:C,QVQLVESGGGLVQAGGSLRLSCAASERTFTIYAMGWFRQAPGKEREFVAAISRSGENTDYADSVKGRFTISRDNNKNTISLQMNSLKPEDTAVYYCAAGRAILVHTTKKEYDHWGQGTQVTVSS
6RU5:C,QVQLVETGGGLVQAGGSLRLSCAASGSIFSLNAMGWFRQAPGKEREFVATINRSGGRTYYADSVKGRFTISRDNGKNMVYLQMHSLKPEDTAIYYCAAGTGWSPQTDNEYNYWGQGTQVTVSS
6RVC:F,QVQLQESGGGLVQAGDSLTLSCAASGRTFSSYTMGWFRQAPGKERDFIAGITSTGSSTYYADSVKGRFTISRDNAKNTVYLQMNSLKPEDTADYYCARKVAGGSYYQKDKYDYWGQGTQVTVSS
6S0Y:B,QVQLQESGGGLVQTGGSLRLSCAFSGSDDYVIGWFRQAPGKGRQGVSCIRLSGGGTIYADSAKGRFTVSADNAKKTVYLQMTRLKPEDTAVYYCGAERYNVEGCGYDVAYWGKGTQVTVSS
6SC5:C,EVQLLESGGGLVQPGGSLRLSCAASGFTFRGYSMAWVRQAPGKGLEWVSTISPIGTYTYYADSVKGRFTISRDNSKNTLYLQMNSLRAEDTAVYYCAKGSYSRGTPFDYWGQGTLVTVSS
6SGE:D,AVQLQASGGGFVQPGGSLRLSCAASGYGSTIETMGWFRQAPGKEREFVSAISRAPGPSQYYADSVKGRFTISRDNSKNTVYLQMNSLRAEDTATYYCAPINNRTMQDSMFLWNYWGQGTQVTVSS
6SSI:J,QVQLQESGGGLAQAGGSMRLSCIASGRNFFINIMNWYRQAPGKQRELVAQITRAGTTTYADSVKGRFTISRDNAKNTVYLQMSTLQSEDTAVYYCNVGASWGQGTQVTVSS
6SSP:L,QVQLQESGGGLVQAGGSLRLSCAASGFTFDDYTIGWFRQAPGKEREGVSLISSSLGSTYYADSVKGRITISRDNAKNTVYLQMNSLKPEDTAVYYCAAGRDADPTIFAILRSEYPFDYWGQGTQVTVSS
6TEJ:C,QVQLVESGGGLVQAGGSLRLSCAASGFPVSSSTMTWYRQAPGKEREWVAAINSYGYYTVYADSVKGRFTISRDNAKNTVYLQMNSLKPEDTAVYYCNVKDTGQMRESYDYWGQGTQVTVSS
6TYL:I,QVQLQESGGGLEQAGDSLRLSCAASGLIVSNYAMGWFRQAPGKEREFVAYINWNGGVTYYTNSVKGRFTISRDNAKNTVYLQMNSLKPEDTAVYYCARTSRASVTTRVADFGYWGQGTQVTVSS
6U12:B,QVKLEESGGGSVQAGGSLRLSCAASGHTYSTYAMGWFRQVEREGVARINVGGSSTWYADSVRDRFTISQDNAKNTVYLQMNSLKLEDTAIYYCTLHRFANTWSLGTLNVWGQGTQVTVSS
6U14:A,QVKLEESGGGSVQAGGSLRLSCAASGHTYSTYAMGWFRQVPGKEREGVARINVGGSSTWYADSVRDRFTISQDNAKNTVYLQMNSLKLEDTAIYYCTLHRFANTWSLGTLNVWGQGTQVTVSS
6U50:C,QVKLQQSGGGSVQEGGSLRLSCASSGAFFRAGPMGWYRRAPGNERELVAGISRNGRTIYAPSLKDRFTISRDDDNNILYLQMSDLTPGDTAVYYCNLNVRTAVAGRNDYWGQGTQVTVSS
6U51:A,QVKLQQSGGGSVQEGGSLRLSCASSGAFFRAGPMGWYRRAPGNERELVAGISRNGRTIYAPSLKDRFTISRDDDNNILYLQMSDLTPGDTAVYYCNLNVRTAVAGRNDYWGQGTQVTVSS
6U53:A,QVQLQQSGGGSVTPGGSLRLSCAASGSISDFAAMAWYRQAPGKERDWVGTIFSAGALLYAEPVKGRFTISRDNAKNTVYLQMNSLKPEDTAVYYCRLYAEAIYWGQGTQVTVSS
6U55:A,QVQLQESGGGLVQPGGSLRLSCTASGFTLAEYGVGWFRQAPGKERELVALIAVGGTTHSIDSVKGRFTISRDNMKNTVYLQMNSLNVEDTAVYYCNAYSSAYDRNYWGQGTQVTVSS
6UC6:D,QVQLVESGGGLVQPGESLRLSCGASGMSLDYYAIAWYRQAPGKEREGVSCISVSGSSAQYLDSVRGRFIISKDNTKSTAYLQMNSLKPEDTAVYYCAALADCAGYASLTFDFDSWGQGTQVAVSS
6UFT:B,QVQLVESGGGLVQAGGSLRLSCAASEFRAEHFAVGWFRQAPGKEREGVSCVDASGDSTAYADSVKGRFTISRDNNKNVVYLQMDSLEPEDTGDYYCGASYFTVCAKSMRKIEYRYWGQGTQVTVSS
6UHT:D,QVQLVESGGGLVQAGGSLRLSCAASILTYDLDYYYIGWVRQAPGKEREGVSCISSTDGATYYADSVKGRFTISRNNAKNTVYLQMNNLKPEDTAIYYCAAAPLAGRYCPASHEYGYWGQGTQVTVSS
6UI1:D,QVQLVESGGGLVHPGGSLRLSCAPSASLPSTPFNPFNNMVGWYRQAPGKQREMVASIGLRINYADSVKGRFTISRDNAKNTVDLQMDSLRPEDSATYYCHIEYTHYWGKGTLVTVSS
6UKT:F,QVQLQESGGGLVQAGGSLRLSCAASVRTSDTDGMAWFRQAPGKEREFVGGIRWNSATWYADFVKGRFTISRDNAKNTLYLQMNSLKPEDTALYYCARRAYGFDTDSRESAYSNWGQGTQVTVSS
6UL4:B,QVQLAESGGGLVQPGGSLRLSCEASGFHLEHFAVGWFRQAPGKEREGVSCISASGDSTTYADSVKGRSTISKDNAKNAVYLQMDSLRPEDTGDYYCAASHFSVCGKNIRKIEYRYWGQGTPVTVSS
6UL6:C,QVQLVESGGGLVQVGGSLRLSCVVSGSDISGIAMGWYRQAPGKRREMVADIFSGGSTDYAGSVKGRFTISRDNAKKTSYLQMNNVKPEDTGVYYCRLYGSGDYWGQGTQVTVSS
6V7Y:F,QVQLVESGGGLVQAGGSLRLSCAASGSSFSSYTMGWFRQAPGKEREIVAGIRWSDESPIYADSVKGRFTISRDNAKNTLYLQMNSLKPEDTAVYYCAARLVPPGIPIPRTSESMRYWGKGTLVTVSS
6V7Z:F,QVQLVESGGGLVQAGGSLRLSCAASGSIFSINAMGWYRQAPGKQRDFLAVISSSGSTNYADSVKGRFTISRDNAKNTAYLQMNSLKVEDTAVYYCAAHVAGFDEYNYWGQGTQVTVS
6VBG:D,QVQLVESGGGLVQAGDSLRLSCAASGRPFSNYAMGWFRQAPGKERERVASINWSGTDTDYADSVKGRFTISRDNAKRTLYLQMNTLKPEDTAVYYCAARVGVDYKYWGQGTQVTVSS
6VI4:D,QVQLQESGGGLVQAGESLRLSCAASGTIFRLYDMGWYRRVSGNQRELVASITSGGSTKYGDSVKGRFTISRDNAKNTVYLQMSSLKPEDTAVYYCNAEYRTGIWEELLDGWGQGTQVTVSS
6WAQ:C,QVQLQESGGGLVQAGGSLRLSCAASGRTFSEYAMGWFRQAPGKEREFVATISWSGGSTYYTDSVKGRFTISRDNAKNTVYLQMNSLKPDDTAVYYCAAAGLGTVVSEWDYDYDYWGQGTQVTVSS
6WAR:P,QVQLQESGGGSVQAGGSLRLSCVASGSIFSINAMDWYRQAPGKQRELVAGITSGGSTNYGDFVKGRFTISRDNAKNTVYLQMDSLKPEDTAVYYCAAEVGGWGPPRPDYWGHGTQVTVSS
6X02:C,QLQLVETGGGLVQAGGSLRLSCVASGRTFTSYAMGWFRQAPGKEREFVAAISRLASGTDYADSVKGRFTISRNNDKNTVYLQMNNLIPEDTAVYYCAALQALRFSLPIAMATMKNGRADSWGQGTQVTVSS
6X04:L,QVQLVESGGGLVQAGGSLRLSCAASGSIGSLDAMAWYRRAPGKQRERVASISRYGTYYVDSVKGRFTISRDNAKNTVYLQMNSLKPEDTGVYYCKGVMEVGGVIDEYWGQGTQVTVSS
6X05:K,QLQLVESGGGSVQAGGSLTLSCTASESISKRIHGIGWFRQRRGEQREEIAYITTGGRPNLGDSVKDRFTISRDKSNGTVYLQMNSLKPEDTAVYYCHGRGRWWGTEGRLDYWGQGTQVTVSS
6X06:K,QVQLVETGGGLVRAGGSLRLSCVDSGRTFRVYTMGWFRQAPGKEREFIRWSGDRTYYGDPVQGRFTISRDKGKNTVYLQMNSLKPEDTAVYYCAAPAGGGVVYDDHKAYAYWGQGTQVTVSS
6X07:B,QVQLVETGGGLVQAGGSLRLSCATSGFNFRLRTMGWYRQAPGKERELVASITSGGSTDYADSVKGRFTISRDNAKNTISLEMNSLKPDDTAVYYCNIWAPTTAAITNWGQGTQVTVSS
6X08:K,QVQLVETGGGLVQPGGSLRLSCAASGFTLDDYAIGWFRQAPGKEREGVSCISRSGGSTTYTDSVKGRFTISRDNAENTVYLQMNSLKPEDTAVYYCAAARTRGTCWLNRIGMDYWGKGTQVTVSS
6XUX:A,KAHNTESGEMLFTVKKSLRLSCAASGRTFSTAAMGWFRQAPGKERDFVAGIYWTVGSTYYADSAKGRFTISRDNAKNTVYLQMDSLKPEDTAVYYCAARRRGFTLAPTRANEYDYWGQGTQVTVSS
6XV8:C,NSKGEKLEAHVTTSKSSLRLSCAASGRTFSTAAMGWFRQAPGKERDFVAGIYWTVGSTYYADSAKGRFTISRDNAKNTVYLQMDSLKPEDTAVYYCAARRRGFTLAPTRANEYDYWGQGTQVTVSS
6XVI:D,NSKGEKLEAHVTTSKPSLRLSCAASGRTFSTAAMGWFRQAPGKERDFVAGIYWTVGSTYYADSAKGRFTISRDNAKNTVYLQMDSLKPEDTAVYYCAARRRGFTLAPTRANEYDYWGQGTQVTVSS
6XW4:D,QVQLQESGGGLVQAGGSLRLSCAKSGRTFRAYAMGWFRQAPGKEREFVAAIDWSAAITNYADSVKGRFTILRDKGMNTAYLQMNSLEPEDTAVYYCAATYSTIAPRTSYDFWGQGTQVTVSS
6XW5:D,QVQLQESGGGLVQAGGSLRLSCAASGRTFSLTTMGWFRQAPGEDRAFVTSISRAAYTYYADSVKGRFTISRDNAKNMVSLQMNSLKPEDTAVYVCAGKGQGGTWDYWGQGTQVTVSS
6XW6:C,QVQLQESGGGLVQAGDSLRVSCAASGRTISSSPMGWFRQAPGKEREFVAAISGNGGNTYYLDSVKGRFTTSRDNAKNTVYLQLNNLKPEDTAIYYCAARSRFSAMHLAYRRLVDYDDWGQGTQVTVSS
6XW7:H,QVQLQESGGGLVEAGGSLRLSCLGSGLTFSRYAMGWFRQAPGKEREFVASITRSGGSPNYADSVKGRFTISRDNAKNTVYLQMSSLKPEDTAVYYCAGRGSVYYDVWGQGTQVTVSS
6XXN:H,QVQLQESGGGSVQAGGSLRLSCTAPGYTDSNYYMSWFRQAPGKEREWVAGVNTGRGSTSYADSVKGRFTISQDNAKNTMFLQMNSLKPEDTAQYYCAVAACHFCDSLPKTQDEYILWGQGTQVTVSS
6XXO:A,QVQLQESGGGSVQAGGSLRLSCARSGWPYSTYSMNWFRQAPGKEREAVAGISSTMSGIIFAESKAGQFTISQDNAKNTVYLQMNNLKPEDTAIYYCAARRDYSLSSSSDDFDYWGQGTQVTVSS
6XXP:A,QVQLQESGGGSVEAGGSLRLSCARSGWPYSTYSMNWFRQAPGKEREAVAGISSTMSGIIFAESKAGQFTISQDNAKNTVYLQMNNLKPEDTAIYYCAARRDYSLSSSSDDFDYWGQGTQVTVSS
6XYF:A,QVQLQESGGGLVQAGGSLRLSCAASGGTFKSGGMAWFRQAPGKAREFAAGISWSGGSTDYEDSVKGRFTISRDNAKNTMYLQMNSLKPEDTAVYYCAAARRFRAGVVTRADDVDYWGKGTQVTVSS
6XYM:B,QVQLQESGGGLVQAGGSLRLSCAASGGTFKSGGMAWFRQADTNNDGWIEGDELKAREFAAGISWSGGSTDYEDSVKGRFTISRDNAKNTMYLQMNSLKPEDTAVYYCAAARRFRAGVVTRADDVDYWGKGTQVTVSS
6XZU:A,QVQLVESGGGLVQAGGSLRLSCVVSGSTFSDYAMGWYRQAAGEQRELVAAIYSTGRTNYIDSVKGRFTISRDNAKTTVYLQMNSLKPEDTAVYYCNLLGATTMINTKWGQGTQVTVSS
6Y0E:B,QVQLVESGGALVQPGGSLRLSCAASGFPVNRYSMRWYRQADTNNDGWIEGDELKEREWVAGMSSAGDRSSYEDSVKGRFTISRDDARNTVYLQMNSLKPEDTAVYYCNVNVGFEYWGQGTQVTVSS
6Y1R:E,QVQLQESGGGLVQAGGSLRLSCAASGGTSGGMAWFRQAGYIDTNNDGWIEGDELYKAREFAAGISWSGGSTDYEDSVKGRFTISRDNAKNTMYLQMNSLKPEDTAVYYCAAAGVVTRADDVDYWGKGTQVTVSS
6YSQ:D,QVQLVESGGGLVQTGDSLRLSCAASGRTFSRYAMGWFRQAPGKERELVAAINWSGGSTYYADFAKGRFTISRDNAKNMLYLRMSSLKPEDTAVYYCAAGGPEVEITRANEYDYWGQGTQVTVSS
6YU8:B,DVQLVESGGGSVQAGGSLRLSCAASGRTFSRPVMAWFRQAPGKEREFVVAITWSGIRTSYADSVKGRFTISVDNAKDTVYLQMNSLKPEDTAVYYCAAGALPRTAHYEYDYWGLGTQVTVSS
6YZ5:F,QVQLVESGGGLMQAGGSLRLSCAVSGRTFSTAAMGWFRQAPGKEREFVAAIRWSGGSAYYADSVKGRFTISRDKAKNTVYLQMNSLKYEDTAVYYCARTENVRSLLSDYATWPYDYWGQGTQVTVSS
6Z10:B,EVQLVESGGGLVQPGGSLRLSCEASGTLANYAIGWFRQAPGKEREGVSCISSGGSTVYSESVKDRFTISRDNAKKIVYLQMNSLQPEDTAVYYCAADPFGERLCIDPNTFAGYLETWGQGTQVTVSS
6Z1V:B,EVQLVESGGRLVRTGGSLRLSCAASGRTFSNYVMGWFRQAPGKEREVVAAITWSGDITWHADFVKGRFTISRDNAKNTVYLQMNSLKPEDTAVYYCAATERWGLRAPADWGSWGQGTQVTVSS
6Z1Z:B,EVQLVESGGGLVQAGGSLRLSCAASGRTFSDYVMGWFRQAPGKERTFVARIGWSGDLTYYADSVKGRFTISRDNAKNTVYLQMNSLKPEDTAIYYCAADERWGKFDYWGQGTQVTVSS
6Z20:D,EVQLVESGGGLVQAGGSLRLSCAASGRTFSDYVMGWFRQAPGKERTFVARIGWSGDLTYYADSVKGRFTISRDNAKNTVYLQMNSLKPEDTAIYYCAADERWGTGGKFDYWGQGTQVTVSS
6Z3X:B,EVQLEESGGGLVQPGGSLRLSCAASGFNIKDTYIGWVRQAPGKGEEWVASIYPTSGYTRYADSVKGRFTISADTSKNTAYLQMNSLRAEDTAVYYCAAGSILEEFDYWGQGTLVTVSS
6Z6V:H,QVQLVETGGGLVQAGGSLRLSCAASGRTFNNDVMAWFRQAPGTEREFVALITAGGGTHYADSVKGRFVISRDNDKNMAYLQMNSLKSEDTAIYYCGADENPPGWPSRWSSAYDYWGQGTQVTVSS
6ZBP:F,QVQLVESGGGLMQAGGSLRLSCAVSGRTFSTAAMGWFRQAPGKEREFVAAIRWSGGSAYYADSVKGRFTISRDKAKNTVYLQMNSLKYEDTAVYYCAQTHYVSYLLSDYATWPYDYWGQGTQVTVSS
6ZBV:B,QVQLVESGGGLVQAGGSLRLSCAASGFPVYAYEMYWYRQAPGKEREWVAAISSSGTWAGYADSVKGRFTISRDNAKNTVYLQMNSLKPEDTAVYYCNVKDWGASWAYYDYWGQGTQVTVSS
6ZE1:B,QVQLQESGGGVVGPGGSLRLACAFSGRTFSDYWMAWFRQTPGEERDFVAAISRSGITTSYGDFVEGRFTITRDNAKNTVNLQMNFLKPEDTADYYCAAGTSSFLRREYDYWGQGTQVTVSS
6ZG3:J,QVQLVESGGGLVQPGGSLRLSCTASGFTLDDYAIGWFRQAPGKEREGISCISRSGSSTTYADSVKGRFTISRDRAENTVYLQMNSLKPEDTADYYCAATPVWYWSCAVKVGPYDYWGQGTQVTVSS
6ZRV:B,QVQLVESGGGLVQPGGSLRLSCAASGFSLDNYAIGWFRQAPGKEREGVSCISSSDGSTYYTDSVEGRFTISRDNAKNTVYLQMNSLKPDDTAVYYCAADYGSSWCTFNGMDYWGQGTQVTVSS
6ZWK:F,EVQLVESGGGLVQAGDSLRLSCAASGLTFSRYAMGWFRQAPGNEREFVAVITASGRTTLYADSVKGRFTISRDNAKNTVALQMQSLKPEDTAVYYCAADYGTSRYTRRQSEYEYWGQGTQVTVSS
6ZXN:F,QVQLVETGGGLVQPGGSLRLSCAASGFTFSSVYMNWVRQAPGKGPEWVSRISPNSGNIGYTDSVKGRFTISRDNAKNTLYLQMNNLKPEDTALYYCAIGLNLSSSSVRGQGTQVTVSS
7A17:F,QVQLVESGGGFAQAGGSLRLSCAASGSTFRFRAMGWFRQAPGKEREFVAGISWSGSTKYTDSVKGRFTISRDNAKNTVHLQMNNLTPEDTAVYYCAQSRAIEADDSRGYDYWGQGTQVTVSS
7A25:F,QVQLVESGGGLVQAGGSLRLSCAASGFPVESENMHWYRQAPGKEREWVAAIYSTGGWTLYADSVKGRFTISRDNAKNTVYLQMNSLKPEDTAVYYCAVQVGYWYEGQGTQVTVSS
7A48:A,QVQLQESGGGLVQPGGSLRLSCIASGRTFNPYGMGWFRQVPGKERTFVSGITWIGGTTYYVNSVKGRFTISRDRAKNTVYLQMNSLKPEDTAVYYCAADKDNTGYNYWGQGTQVTVSS
7A4D:J,QVQLQESGGGLVQPGGSLRLSCAASGSIFSDNDMGWYRQPPGKQREWVATITYDHVTWYADSVKGRFAISRDNAKNTVYLQMNDLKPEDTAVYYCNAVPGRRGSWGQGTQVTVSS
7A4T:A,QVQLQESGGGLVQAGGSLRLSCAASGSIFSINVMGWYRQAPGKQRELLASITSRGSTNYADSVKDRFTISRDNAKNTVYLQINSLKPEDTAVYYCNSRGWTTTRGDYDYWGQGTQVTVSS
7A4Y:C,QVQLQESGGGLVQPGGSLRLSCAASQFTFSSDWMYWVRQAPGKGLEWVSSISPGGAATAYAASVKGRFTISRDNAKNTLYLQMNSLKSEDTAVYYCSKTRAGTGRGQGTQVTVSS
7A50:C,QVQLQESGGGLVQAGDSLRLSCAASGRTFSTYPMGWFRQAPGKEREFVAASSSRAYYADSVKGRFTISRNNAKNTVYLQMNSLKPEDTAVYYCVADSSPYYRRYDAAQDYDYWGQGTQVTVSS
7A6O:B,EVQLVESGGGLVQPGGSLRLSCAASGRTFSYNPMGWFRQAPGKGRELVAAISRTGGSTYYPDSVEGRFTISRDNAKRMVYLQMNSLRAEDTAVYYCAAAGVRAEDGRVRTLPSEYTFWGQGTQVTVSS
7APJ:B,QVQLVESGGGLVQAGGSLRLSCAASGIDVRIKTMAWYRQAPGKQRELLASVLVSGSTNYADPVKGRFTISRDNAKNTVYLQMNKLIPDDTAVYYCNTYGRLRRDVWGPGTQVTVSS
7AQX:D,QVQLQESGGGLVQAGGSLRLSCTTSGLTFSNYAFSWFRQAPGEEREFVGAISWSGGRTDYADSVKGRFTISRDNAKNTFYLQMNSLKTEDTAVYYCAADLLGEGSRRSEYEYWGQGTQVTVSS
7AQY:C,QVQLQESGGGLVQAGGSLTLSCAVSGLTFSNYAMGWFRQAPGKEREFVAAITWDGGNTYYTDSVKGRFTISRDNAKNTVFLQMNSLKPEDTAVYYCAAKLLGSSRYELALAGYDYWGQGTQVTVSS
7AQZ:D,QVQLQESGGGLVQAGGSLRLSCEASGLTFSNYAMAWFRQAPEKEREFVAGISWTGSRTYYADSVRGRFTTSRDGHKNTVYLQMNDLKPEDTAVYLCAADLLGSGKDGTSVYEYWGQGTQVTVSS
7AR0:B,QVQLQESGGGLVQAGGSLRLSCAASERTFSSLGMGWFRQGPGKEREFAAAISWSGVSTYYADSVKGRFTISRDNDKNTVYLQMNSLKPDDTAVYYCAATSSWNDMALKSAGWYEYWGQGTQVTVSS
7AZB:B,EVQLQASGGGFVQPGGSLRLSCAASGSSSWLDGMGWFRQAPGKEREFVSAISGQDNYASYYADSVKGRFTISRDNSKNTVYLQMNSLRAEDTATYYCAPQRSIYQSHKPIYWGQGTQVTVSS
7B14:D,QVQLVETGGGFVQPGGSLRLSCAASGVTLDYYAIGWFRQAPGKEREGVSCIGSSDGRTYYSDSVKGRFTISRDNAKNTVYLQMNSLKPEDTAVYYCALTVGTYYSGNYHYTCSDDMDYWGKGTQVTVSS
7B17:B,QVQLVETGGGLVQPGGSLRLSCAASGFTFSSYAMGWARQVPGKGLEWVSYIYSDGSTEYQDSVKGRFTISRDNAKSTVYLQMNSLKPEDTAVYYCATEGSLGGWGRDFGSWGQGTQVTVSS
7B27:D,QVQLVESGGGLVRPGGSLRLSCVGSGFTFSGYAMNWYRQAPGKALELVAGISNAGDLTHYEEPMKGRVAISRANDKNTVYLQMDDLKPEDTAVYRCHAPGVRVGTGERKDVWGQGAQVTVSS
7B2M:D,EVQLVESGGGLVQAGGSLRLSCAASGSDFSANAVGWYRQAPGKQRVVVASISSTGNTKYSNSVKGRFTISRDNAKNTVYLQMNSLKPEDTAVYYCWLFRFGIENYWGQGTQVTVSS
7B2P:D,EVQLVESGGGLVQPGGSLRLSCAASGFTFSSYHMSWVRQAPGKGLEWISVINDSGDLTRYADSVKGRFTISRDNAKNTLYLQMNSLQPEDTAVYSCLKSSDFYSYSNADSRGQGTQVTVSS
7B2Q:D,EVQLVESGGGLVQAGGSLRLSCVASERTYMAWFRQAPGKEREFVAAITSSGMMTEYAPSVKGRFTISRDNAKNTVYLQMNSLKPEDTAVYYCAADLRQRFGERVTEYDYWGQGTQVTVSS
7B5G:H,QVQLVESGGGVVQAGGSLRLSCAASGSIFSSNAMAWYRQAPGNVRRLVAAISSRGDNTNYEDSVRGRFTISRDNAENTVSLQMNSLKPEDTAIYYCNVGSFYRGNYYGGSSWGQGTQVTVSS
7BC6:B,QVQLVESGGGLVQPGGSLRLSCAASGFTFSRYWMYWVRQAPGKGPEWLSHMNPSGSDIKYTDSVKGRFTISRDNAKNTLYLQMNSLKPDDTAVYYCVADRRALGSPEYWGQGTQVTVSS
7BNP:A,QVQLVESGGGLVQAGGSLRLSCAASGRTFRNYYMGWFRQAPGKERDIVAAISWSGGSTYYADSVKGRFTISRDNAKNTVYLQMNSLKPEDTAVYYCNARSGGSAWQGDFGSWGQGTQVTVSS
7BNW:D,QVQLVESGGGSVQAGGSLRLSCAASGVPSSSRVMGWFRQAPGKQREFVAAISWTSGNVYYADSVKGRFTITRDNAKNTMYLQMDSLKPEDTAVYYCNARRIRFGVRVYDYWGQGTQVTVSS
7C8V:A,QVQLVESGGGLVQAGGSLRLSCAASGFPVYSWNMWWYRQAPGKEREWVAAIESHGDSTRYADSVKGRFTISRDNAKNTVYLQMNSLKPEDTAVYYCYVWVGHTYYGQGTQVTVSS
7C8W:A,QVQLVESGGGLVQAGGSLRLSCAASGFPVEVWRMEWYRQAPGKEREGVAAIESYGHGTRYADSVKGRFTISRDNAKNTVYLQMNSLKPEDTAVYYCNVKDDGQLAYHYDYWGQGTQVTVSS
7CAN:A,QVQLVESGGGLVQAGGSLRLSCAASGFPVEVWRMEWYRQAPGKEREGVAAIESYGHGTRYADSVKGRFTISRDNAKNTVYLQMNSLKPEDTAVYYCNVYDDGQLAYHQGTQVTVSS
7CZ0:H,QVQLVESGGGLVQAGGSLRLSCAASGFPVDTQWMHWYRQAPGKEREWVAAISSTGRSTFYADSVKGRFTISRDNAKNTVYLQMNSLKPEDTAVYYCTVYVGNRYRGQGTQVTVSS
7CZD:C,EVQLQESGGGLVQPGGSLRLSCAASGFTFSSYWMYWLRQAPGKGLEWVSSINSDSSSTYYRDSVKGRFTISRDNAKNTLYLQMNSLKSEDTAVYYCAKDPGGYAKGQGTQVTVSS
7D2Z:A,QVQLVESGGGLVQAGGSLRLSCAASGFPVWQGEMAWYRQAPGKEREWVAAISSMGYKTYYADSVKGRFTISRDNAKNTVYLQMNSLKPEDTAVYYCAVMVGFWYAGQGTQVTVSS
7D4B:B,QVQLVESGGGVVQPGRSLRLSCAASGSTFSIVAMGWYRQAPGKQRELVASIITGDGDTNYADSVKGRFTISRDNSKNTMYLQMNSLKPEDTAVYYCYARTGYGSSWLMGHEYDYWGQGTQVTVSS
7D6Y:B,EVQLVESGGGLVQPGGSLRLSSAISGFSISSTSIDWVRQAPGKGLEWVARISPSSGSTSYADSVKGRFTISADTSKNTVYLQMNSLRAEDTAVYYTGRVAKDLNSSSPSFVVNTYSSFGFDYRGQGTLVTVSS
7D8B:D,EVQLVESGGGLVQPGGSLRLSSAISGFSISSTSIDWVRQAPGKGLEWVARISPSSGSTSYADSVKGRFTISADTSKNTVYLQMNSLRAEDTAVYYTGRVAKALNSRSPSFVVNTYSSIGFDYRGQGTLVTVSS
7DJY:D,QVQLVESGGGLVQAGGSLRLSCAASGATFITYGMTWFRQAPGKEREFVAAVTGNGAGTTYLPSVKGRFTISRDNAKNTVYLQMSSLKPEDTAVYYCGGRRWVPATAVDQVAYWGQGTQVTVSS
7DSS:A,QVQLQESGGGLVQPGGSLRLSCVASGTVFSINDISINHLGWYRQAPGKERELVAAITADGTSAYEDSVKGRFIISRDDAKKMVYLQMNSLKPEDTAVYYCNGLRASNAGWEPRFGTWGQGTQVTVSS
7DST:E,QVQLQESGGGLVQAGGSLRLSCAASGRTFSSYAMGWFRQAPGSEREFVARISWSGGSTYYADSVKGRFTISRDNAKNTVYLQMNSLKPEDTAVYYCTAGFALPPSDYWGQGTQVTVSS
7DTY:N,QVQLQESGGGLVQPGGSLRLSCAASGFTFSNYKMNWVRQAPGKGLEWVSDISQSGASISYTGSVKGRFTISRDNAKNTLYLQMNSLKPEDTAVYYCARCPAPFTRDCFDVTSTTYAYRGQGTQVTVSS
7DV4:H,EVQLVESGGGLIQPGGSLRLSCAVSGFTVSKNYMSWVRQAPGKGLEWVSVVYSGGSKTYADSVKGRFTISRDNSKNTLYLQMNSLRAEDTAVYYCARAVPHSPSSFDIWGQGTMVTVSS
7E53:B,QVQLQESGGGSVQAGGSLRLSCAASGPTYSSYFMAWFRQAPGMEREGVAASSYDGSTTLYADSVKGRFTISQGNAKNTKFLLLNNLEPEDTAIYYCALRRRGWSNTSGWKQPGWYDYWGQGTQVTVSS
7E6U:B,QVQLQESGGGSVQAGGSLRLSCAASGFPISTYDMGWFRQAPGKEREGVVGITDSFSIKYEDSVKGRFTISRDNAKNALYLQMNSLKPEDTGMYYCAAGDARWSLLLRAEQYNYWGQGTQVTVSS
7EH3:A,QVQLQESGGGLVQAGGSLRLSCAASGRTFSSYAMAWFRQAPGKEREFVARISGVGTNTYYTDSVKGRVTISRDNAKNTVYLQMNSLKPEDTAVYYCAASIYGYYSDTSYYTRLNNYLYWGQGTQVTVSS
7EPB:D,QVQLVQSGGGLVQAGGSLRLSCAASVRFFSINTMGWYRQAPGKQRELVADITSSGSTNYADSGKGRFTISRDNAKNTVYLQMNRLKPEDTAVYYCHADYKYTTHNTAWGQGTQVTVSS
7F07:C,EVQLVESGGGLVQPGGSLRLSSAISGFSISSTSIDWVRQAPGKGLEWVARISPSSGSTSYADSVKGRFTISADTSKNTVYLQMNSLRAEDTAVYYTGRPLPEMGFFTQIPAMVDYRGQGTLVTVSS
7F5G:D,QVQLQESGGGLVQPGGSLRLSCAASGSFFEFGTVGWFRQAPGKQRELVSRITGNDHRYYADSVKGRFTISRDNDETTVYLQMDSLKPEDTAIYHCNILEGQRWSNYWGQGTQVTVSS
7F5H:D,QVQLQESGGGLVQAGGSLRLSCAASGSDFSSSTMGWYRQAPGKQREFVAISSEGSTSYAGSVKGRFTISRDNAKNTVYLQMNSLEPEDTAVYYCNVVDRWYDYWGQGTQVTVSS
7FAT:B,QVQLQESGGGSVQAGGSLRLSCAASGYTFSSYCLGWFRQAPGKEREGVAAIDSDGSTSYADSVKGRFTISRDNAKNTLYLQMNSLKPEDTAMYYCAAEGGPSLSYCTGGYGFLLSGLMYNSWGQGTQVTVSS
7FAU:D,QVQLQESGGGSVQAGGSLRLSCAASGYTVSVGCMAWFRQAPGKEREGVAGIDASGITKYSDSVKGRFTISKDNAKNALDLQMNGLKPEDTAMYHCAAGLVRGSCTDVLDHPSYLGVWGQGTQVTVSS
7FG2:D,EVQLVESGGGQVETGGSLRLSCQASGSTFSDYVMAWFRQRPGKEREFVATISRNGGTTTYGSSVKGRFTISRDNAKSTVYLQMNSLKPEDTAVYYCYAVGGDGDSWGQGTQVTVSS
7FH0:C,QVQLVESGGGLVQAGGSLRLSCAASGRTYTMGWFRQAPGKEREFVAAMRWSDTDYADSLKGRFTISRDNANNAMYLQMNSLGPEDTAVYYCAAGEAWLARSTHHYDYWGQGTQVTVSS
7JOO:B,EVQLVESGGGVVRPGGSLRLSCVASGVTFDDYGMSWVRQAPGKGLEWVSGINWNGGDTDYSDSVKGRFTISRDNAKNSLYLQMNSLRAEDTALYYCARDFYGSGSYYHVPFDYWGQGILVTVSS
7JVB:D,QVQLVESGGGLVQAGGSLRLSCAVSGAGAHRVGWFRRAPGKEREFVAAIGASGGMTNYLDSVKGRFTISRDNAKNTIYLQMNSLKPQDTAVYYCAARDIETAEYIYWGQGTQVTVSS
7JWB:D,EVQLVESGGGLVQPGGSLRLSCAASGFRIYSYYSYIGWVRRAPGKGEELVARIYPSSGYTYYADSVKGRFTISADTSKNTAYLQMNSLRAEDTAVYYCARWDFAGSSGLDYWGQGTLVTVSS
7K65:B,QVQLQESGGGLVQAGGSLRLSCAASGNIFAYYIMGWYRQAPGKERELVATIDIGGNTNYADSVKGRFTISRDNAKNNVYLQMNSLKPEDTAVYYCAVQAVPIRYRRYWGQGTQVTSS
7K7Y:H,QLQLVETGGGLVQAGGSLRLSCAASGRTFSSYSMGWFRQAPGKEREYVAAVNSNGDSTFYADSIKGRFTVSRDAAKNTVYLQMNSLKPEDTALYYCAAVYGRYTYQSPKSYEYWGQGTQVTVSS
7K84:B,QVQLVETGGGLVQAGGSLRLSCAASGRSYAMGWFRQGPGKEREFVATISWSSTNTWYADSVKGRFTISRDNAKNTVYLQMNSLKPEDTAVYYCAASHRFSDYPMRSEDGMDYWGKGTLVTVSS
7KBI:C,QVQLAETGGGLVEPGGSLRLSCAAPEFRLQYYTAGWFRQAPGKEREWVACISAGGGVTYYTGSVQGRFTISRDNAKRTVYLQMDSLKPEDTAVYSCAADLEYSQIMPSCRGSYGVRGQGTQVTVSS
7KBK:C,QLQLAESGGGLVQAGGSLNLSCIASRRTLSTSFMAWFRQVPGKEREFVAALRSSDGRPYYGDSVKGRFTVSRDNANTVYLQMNSLKPEDTAIYYCALNRGYSGTGYPSKQYEYNDWGQGTQVTVSS
7KC9:F,QVQLAESGGGLVQAGGSLRLSCAASGRTFSDYAMGWFRQAPGKERDFVAGITSSGGGTYYADSVKGRFTITRDNYKNTLYLQMDSLKPEDTAVYYCKGTADGSSSLGYLEVWGQGTLVTVSS
7KD0:C,QVQLVESGGGLVQPGGSLRLSCVASGFTFSSTPMNWFRQAPGKEREFVAGVGSRNDIAYYADSVKGRFTVSRDDAKNTVYLQMNSLKPEDTGVYYCKRPAGRIEDELWGQGTQVTVSS
7KD2:C,QVQLVETGGGLVQPGGSLKLSCAASSISSPNVMGWYRQAPGKQRELVATMTSGGNTYSEDSVKGRFTISRDNAKNTVYLQMNSLKPEDTAVYYCNARDMWDRSHEYWGQGTQVTVSS
7KDU:C,QVQLVETGGGLVQAGGSLRLSCVASGGTFSSYAMGWFRQAPGKERDFVAGISLSGAGTYYQDSVKGRFTISRDNAKNTVYLQMNSLKPEDTAVYYCKATGERGYGDQGYLEVWGRGTLVTVSS
7KGJ:B,QVQLVESGGGLVQAGGSLRLSCAASGFPVYRDRMAWYRQAPGKEREWVAAIYSAGQQTRYADSVKGRFTISRDNAKNTVYLQMNSLKPEDTAVYYCNVKDVGHHYEYYDYWGQGTQVTVSS
7KGK:B,QVQLVESGGGLVQAGGSLRLSCAASGFPVAYKTMWWYRQAPGKEREWVAAIESYGIKWTRYADSVKGRFTISRDNAKNTVYLQMNSLKPEDTAVYYCIVWVGAQYHGQGTQVTVSS
7KJH:B,QVQLQESGGGLVQAGGSLRLSCTASGRTFSNTVMGWFRQAPGKEREFLAHILWSGGLAYYADSVKGRFTISRDNAKNIVYLQMNSLKPEDTAVYYCAARDFGFGNNYDYWGQGTQVTVSS
7KJI:A,QVQLQESGGGLVQPGGSLRLSCAASGIIFSSHVMGWYRQAPGKQRELVASFSGDTGAKYADSVKGRFIIRRENAKNMVTLYLQMNSLKPEDTAAYYCHVDRFGTEYWGQGTQVTVSS
7KKJ:C,QVQLVESGGGLVQAGGSLRLSCAASGYIFGRNAMGWYRQAPGKERELVAGITRRGSITYYADSVKGRFTISRDNAKNTVYLQMNSLKPEDTAVYYCAADPASPAYGDYWGQGTQVTVSS
7KKK:F,QVQLVESGGGLVQAGGSLRLSCAASGIIFGRNAMGWYRQAPGKERELVAGITRRGSITYYADSVKGRFTISRDNAKNTVYLQMNSLKPEDTAVYYCAADPASPAPGDYWGQGTQVTVSS
7KM5:D,QVQLVESGGGLVQPGGSLRLSCAASGFTFKNADMNWYRQVPGQGLEWVTSIYSDGRTVYADSVKGRFTVSRDNPKSTVSLQMNSLKPEDTGVYYCMAGSKSGHELDHWGQGTQVTVSS
7KN5:F,QVQLVESGGGLVQPGGSLRLSCAASGFTLDYYAIGWFRQAPGKEREGVSCISSSGGSTHFADSVKGRFTISRDNAKNTVYLQMNSLIPEDTAVYYCAAQSGSYYWCGSDWHEYEYWGQGTQVTVSS
7KN7:B,QVQLVESGGGLVQPGGSLRLSCAASGFTLDYYAIGWFRQAPGKEREGVSCISSSGDSTHYVDSVKGRFTISRDNAKNTVYLQMNSLKPEDTAVYYCAAQSGSYYWCGSDWHEYDYRGQGTQVTVSS
7L6V:F,QLQLVESGGGTVQPGGTLRLSCAASGFTLDEYAIGWFRQAPGKEREGVSCISSSASISYADSVKGRFTISRDNAKNTVYLTMNSLKPEDTGVYYCARAFLACGPVAGWGTEYDYWGQGTQVTVSS
7LVU:D,QVQLQESGGGLVQAGGSLRLSCAASGQTFSGYVTGWFRQAPGKEREFVALIAWSGGRLYYADSVQGRFTISRDNAETTVYLQMNSLKPEDTAVYYCAAKRGGAVTAAEWYDYWGQGTQVTVSS
7LX5:A,QVQLQESGGGLVQPGGSLRLSCAASGFTFRRYLMGWARQVPGKGLEWVSGIYSDGSTYYADSVKGRFTISRDNAKNTVYLQMNSLKPEDTAVYYCAKDRMDGSTWPERDFGSWGQGTQVTVSS
7LZP:H,QVQLVETGGALVQPGQSLTLSCTTSENVFGIYGMAWLRQAPGRQRELVASITSRGTAHYHDSVKGRFTISRESGKTTAYLQTTSVNPEDTAIYYCNSGPYWGQGTQVTVSS
7M1H:G,QVQLVESGGGLVQPGGSLRLSCAASGSIFSIYAMGWYRQAPGKQRELVAAISSYGSTNYADSVKGRFTISRDNAKNTVYLQMNSLKPEDTAVYYCNADIATMTAVGGFDYWGQGTQVTVSS
7MDW:B,QVQLVESGGGLVQAGGSLRLSCAVSGRTFSTYGMAWFRQAPGKERDFVATITRSGETTLYADSVKGRFTISRDNAKNTVYLQMNSLKIEDTAVYYCAVRRDSSWGYSRDLFEYDYWGQGTQVTVSS
7MEJ:B,QVQLVESGGGLVQAGGSLTLTCAASGRTFSSETMDMGWFRQAPGKEREFVAADSWNDGSTYYADSVKGRFTISRDSAKNTLYLQMNSLKPEDTAVYYCAAETYSIYEKDDSWGYWGQGTQVTVSS
7MFU:F,QVQLVESGGGSVQAGGSLRLSCAASGSISSITYLGWFRQAPGKEREGVAALITVNGHTYYADSVKGRFTVSLDNAKNTVYLQMNSLKPEDTALYYCAAAAWGYAWPLHQDDYWYWGQGTQVTVSS
7MJH:F,EVQLVESGGGLVQPGGSLRLSCAASGFTFDDYAMSWVRQAPGKGLEWIGRMYNNGRTSYNPSLKSLVTISRDNSKNTLYLQMNSLRAEDTATYYCARDNLGYRPSENLYGMDVWGQGTTVTVSSS
7MY2:D,QVQLVESGGGLVQAGGSLRLSCAASGLTFSKYAMGWFRQAPGKERKFVATISWSGDSAFYADSVKGRFTISRDNARNTVYLQMNSLKPEDTAVYYCAADRGMGYGDFMDYWGQGTSVTASS
7MY3:D,QVKLEESGGGSVQAGGSLRLICTAPGLTHNNCGLDWYRRAPGKEREFVSSISADGTTSYADSVKGRFTISKDKVEDTVYLQMNSLKPEDTAIYSCKTAFPYFGNSCVLDYWGQGTSVTVSS
7N0R:D,EVQLQASGGGLVRPGGSLRLSCAASGFTFSSYAMMWVRQAPGKGLEWVSAINGGGGSTSYADSVKGRFTISRDNAKNTLYLQMNSLKPEDTAVYYCAKYQAAVHQEKEDYWGQGTQVTVSS
7N0S:F,EVQLQASGGGLVQAGDSLRLSCVAVSGRTISTFAMGWFRQAPGKEREFVATINWSGSSARYADPVEGRFTISRDDAKNTVYLEMSSLKPGDSAVYYCASGRYLGGITSYSQGDFAPWGQGTQVTVSS
7N9A:A,QVQLVESGGGLVQAGGSLRLSCAVSGLGAHRVGWFRRAPGKEREFVAAIGANGGNTNYLDSVKGRFTISRDNAKNTIYLQMNSLKPQDTAVYYCAARDIETAEYTYWGQGTQVTVSS
7N9C:E,QVQLVESGGGLVQAGGSLRLSCAASGRTFSSYSMGWFRQAQGKEREFVATINGNGRDTYYTNSVKGRFTISRDDATNTVYLQMNSLKPEDTAIYYCAADKDVYYGYTSFPNEYEYWGQGTQVTVSS
7N9E:D,QVQLVESGGGLVQAGGSLRLSCAASGFTFSNYVMYWGRQAPGKGREWVSGIDSDGSDTAYASSVKGRFTISRDNAKNTLYLQMNNLKPEDTALYYCVKSKSPWTRSEFDDYWGQGTQVTVSS
7N9T:F,HVQLVESGGGLVQAGGSLRLSCAASGSIFSSNAMSWYRQAPGKQRELVASITSGGNADYADSVKGRFTISRDKNTVYPEMSSLKPADTAVYYCHAVGQEASAYAPRAYWGQGTQVTVSS
7N9V:L,DVQLQESGGGLVQAGGSLRLSCAASGSISRFNAMGWWRQAPGKEREFVARIVKGGYAVLADSVKGRFTISIDSAENTLALQMNRLKPEDTAVYYCFAALDTAYWGQGTQVTVSS
7NA9:D,QVQLVESGGGLVQTGGSLRLSCAASGRTFRRNTMGWFRQAPGKVREFVAAISWSGDRTYCADSVKGRFTISRDNAKNTVDLLMNSLKPEDTAIYYCAADGTASVFNSYASADRNKYNYWGQGTQVTVSS
7NBB:H,QVQLQESGGGLVQAGGSLRLSCAASGSIFDLGRMGWYRQAPGKEREFVAGIDYGGNTNYADSVKGRFTISRDNDTVYLQMNSLKPEDTAVYYCAAGIVGDVVGWIYYLYWGQGTQVTVSS
7NGH:D,QVQLVESGGGLVQAGGSLRLSCAASGFPVDSQFMHWYRQAPGKEREWVAAIESYGDETYYADSVKGRFTISRDNAKNTVYLQMNSLKPEDTAVYYCRVLVGWGYYGQGTQVTVSS
7NIK:F,QVQLQESGGGLVQPGGSLRLSCAASGSDFSLYAMGWYRQVPGKERELVATITSGGTTNFADSARGRFTISRGNAKNTVYLQMNNLKPEDTAVYYCWSRGSYGRYLETWGQGTQVTVSS
7NIL:F,QVQLQESGGGLVQAGGSLRLSCAASGRSLSDYTMGWFRQAPGKEREFVTAITSDGVYANYADSVKGRFTISRDNAKNTAYLQMNSLKPEDTAVYYCAGKTRRSMLMTTGYDYWGQGTQVTVSS
7NIR:F,QVQLQESGGGLVQPGGSLRLSCTASESVASINIVGWYRQISGKERELVARISSGGTITDYSDSVKGRFTITRDNTKNTVYLQMNSLKRGDTAVYYCNAEYQYGSDWFHIWGQGTQVTVSS
7NIS:F,QVQLQESGGGLVQAGASLRLSCAASGRTFMGWFRQAPGQEREFVAAIDAFGINTYYADSAKGRFTISRDSAKNTVYLQMNSLKPEDTAVYYCAATLRGTQPGAVMQWRPDYWGQGTQVTVSS
7NJ3:F,QVQLQESGGGLVQAGDSLRLSCTTSGSSLSRYGVGWFRQAPGEEREFGASISWNGATYYADSVKGRFTISRDNAKNTVYLQMNSLKAEDTAVYYCAARSDGYLTPYLSPVYWGQGTQVTVSS
7NJ4:F,QVQLQESGGGLVQTGDSLRLSCAGAERSFNSYTMGWFRQAPGKEREFVAAIAFSGGFTYYAEAVKGRFTISRDSGKNTVYLQMNSLKPEDTAVYYCAARFYGGGYYYQQREYSFWGQGTQVTVSS
7NJ5:F,QVQLQESGGGLVQAGGSLRLSCAASGRTFSSYAMGWFRQAPGKEREFVGAIDLSGLYKHYGDSVKGRFTISRDNAKNTVYLQMSSLKPEDTAVYYCAAAGIYYAGSYSPLLYDYWGQGTQVTVSS
7NJ7:F,QVQLQESGGGLVQAGDSLRLSCAASGRTFSGYIMAWFRQTPGKERELVARLGPSSSIQYYRDSVKGRFTLSRDNAKNTLYLQMNSLKPEDTAVYYCAFTLKWSSDYRSHNAYDYWGQGTQVTVSS
7NK1:F,QVQLQESGGGLVQPGGSLRLSCAASGSDFSLYAMGWYRQVPGKERELVATITIGGTTNFADSARGRFTISRGNAKNTVYLQMNNLKPEDTAVYYCWSRGSYGRYLETWGQGTQVTVSS
7NK2:F,QVQLQESGGGLVQAGESLRLSCAASGGTFIYYGMGWFRQAPGKEREFVASISQTGGDIYAMDFVKGRFTISRDNSKNTLYLQMNSLKPEDTAVYYCAAATSPYASRKLYEYKYWGQGTQVTVSS
7NK4:F,QVQLQESGGGLVQAGGSLRLSCAAPGRILTLSRYVMGWFRQAPGKEREFVAAISPGTTDTDYADSVKGRFTISRDNAKNTVYLEMSSLKPEDTAVYVCAAGAASSGTVYRVYGLYNYRGQGTQVTVSS
7NK6:F,QVQLQESGGGLVQPRGSLRLSCAASGSIAIIYTMGWYRQAPLKERELVATVTYGGNTNYADPVKGRFTISRDNNKNTEYLQMSSLQPEDTAVYYCYMRVRSTAWDTDDYWGQGTQVTVSS
7NKA:F,QVQLQESGGGLVQPGGSLRLSCTASGGIFGISAMGWYRQAPGKERELVARITRSGSTNFADSVKDRFTISRDATENTVVLQMNSLKAEDTAVYYCNGQFWEVDNGNIDLWGQGTQVTVSS
7NKC:F,QVQLQESGGGLVQAGASLRLSCTASGRTSSTYPMGWFRQGPGKEREFVAAISWAGSSTYYGDFVKGRFTISRDNAKNTVYLQMNSLKPEDTAVYYCARAARPYAYGLDYSTEASYDYWGQGTQVTVSS
7NKI:F,QVQLQESGGGLVQPGGSLRLSCAASGNIRSINTMSWYRQAPGKERELVASDSTGGSTGGSTVYAASVKGRFTISRDNAKNTVYLQMNMLKPEDTAVYYCYVYGMSRFGSTISTLFGQGTQVTVSS
7NKR:F,QVQLQESGGGLVQAGESLRLSCAASGGTLIYYGMGWFRQAPGKEREFVASISQAGGDIYAMDFVKGRFTISRDNSKNTLYLQLNTLKPEDTAVYYCAAATSPYASRKLYDYKYWGQGTQVTVSS
7NKT:B,QVQLVESGGGSVQPGGSLRLSCLGSGSLDYYAIGWFRQAPGKEREGVSCIASSGDRTIYADSVKGRFTISRDYGKNTVYLQMNSLKPEDTAMYYCAALQGSYYYTGFVANEYDYWGQGAPVTVSS
7NMU:C,QVQLQESGGGLVQPGGSLRLSCAAAGFTFDYYAIAWFRQAPGKEREGVSCISSSDGTTYYADSVKGRFTISKDNAKNTMYLQMNSLKPEDTAVYYCATSPLYSTNDRCISEDYDYWGQGTQVTVSS
7NOW:C,QVQLVESGGGLVQAGGSLRLSCAASGRTFSTYAMGWFRQAPGKEREFVSACSWSGGITRYADSVKGRFTISRDNAKNTVYLQMNSLKPEDTAVYYCASAASSAAYSGAYYYTSYYDYWGQGTQVTVSS
7NP9:C,QVQLVETGGGLVQAGGSLRLSCAASGNINSFNAMGWFRQAPGKQRELVAAITFGGRTNYADSVKGRFTISRDNTKGSVYLQMNSLKPEDTAVYYCAASENNLLTGVWHYWGRGTQVTVSS
7NQA:C,QVQLVESGGGLAKPGGSLRLSCVATGTFRSMEDVGWYRQAPGKDRELVAEITTLGKVTYADSVKGRFTISRDDAKNAVYLQMSDLKSEDTAVYYCNIEADQTKGIGYVVYPYWGQGTRVTVSS
7NQK:B,QVQLVESGGGLVQPGGSLRLLCVASGRPFNDYDMGWFRQAPGKEREFVASISWSGRVTDYSDSMKGRCTVSRDNAKGTMFLQMSNLVPRDTAVYYCAAARRRWTFKATNTEEFYETWGQGTQVTVSS
7NS6:U,QVQLVESGGGLVQPGGSLRLSCAASGFTLDDYAIGWFRQAPGKEREGVSFITSSDGSTYYVDSVKGRFTISRDNAKNTVYLQMNSLTPEDTAIYYCAVGPSFSYTGSTYYRSELPWDYDYWGQGTQVTVSS
7NVL:N,QVQLVESGGGLVQAGGSLRLSCGASGTFFRINDMGWYRQASGKQRELVASITRGGTTDYADSVKGRFTISRDNAKNTVYLQMNSLKPEDTAVYYCKANRNWGREWDDYWGQGTQVTVSS
7NVM:N,QVQLVESGGGLVQAGGSLRLSCGASGTFFRINDMGWYRQASGKQRELVASITRGGTTDYADSVKGRFTISRDNAKNTVYLQMNSLKPEDTAVYYCKANRNWGREWDDYWGQGTQVTVSS
7NVN:N,QVQLVESGGGLVQAGGSLRLSCGASGTFFRINDMGWYRQASGKQRELVASITRGGTTDYADSVKGRFTISRDNAKNTVYLQMNSLKPEDTAVYYCKANRNWGREWDDYWGQGTQVTVSS
7NX0:E,QVQLQESGGGLVQTGGSLRLSCTASGRTFSSLAMGWFRQAPGKEREFVAAISWSTGITDYSDSVKGRFTMSRDNAKSTVYLQMNSLKPEDTAVYYCAAVDRHSPGSAWYNRNFGSWGQGTQVTVSS
7NXX:B,QVQLQESGGGSVQAGGSLRLACVASGGDTRPYITYWMGWYRQAPGKEREGVATIYTGGSGTYYSDSVEGRFTISQDKAQRTVYLQMNDLKPEDTAMYYCAAGNGALPPGRRLSPQNMDTWGPGTQVTVSS
7O06:B,QVQLQESGGGLVQPGGSLRLSCSASGSSFSINTMGWYRQALGKQRELVANINSGGSTNYIDSVKGRFTISRDNAKNMVYLQMNSLKPEDTAVYFCNAARPLRPEGGRWLNYWGQGTQVTVSS
7O31:X,QVQLQESGGGLVQPGGSLRLSCAASGRTISRYAMSWFRQAPGKEREFVAVARRSGDGAFYADSVQGRFTVSRDDAKNTVYLQMNSLKPEDTAVYYCAIDSDTFYSGSYDYWGQGTQVTVSS
7O3B:C,QVQLQESGGGLVQAGGSLNLSCVASGSSHFNSMGWYRQAPGKQRDLVADISNDGVTNYADSVKDRFTISTNNAKNAVYLQMNNLKPEDTAVYYCNAVAVAGRAFSYWGQGTQVTVSS
7OAN:H,QVQLVESGGGSVQAGGSLTLSCVASGVTLGRHAIGWFRQAPGKERERVSCIRTFDGITSYVESTKGRFTISSNNAMNTVYLQMNSLKPEDTAVYFCALGVTAACSDNPYFWGQGTQVTVSS
7OAP:F,QVQLVESGGGLVKTGGSLRLSCAASGRTFSTYSMGWFRQAPGKEREFVAGMRWTGSSTFYSDSVKGRFTVSRNNAKDTVYLHMNSLKPEDTAVYYCAITTIVRAYYTEYTEADFGSWGQGTQVTVSS
7OAY:L,QVQLVESGGGLVQAGGSLRLACIASGRTFHSYVMAWFRQAPGKEREFVAAISWSSTPTYYGESVKGRFTISRDNAKNTVYLQMNRLKPEDTAVYFCAADRGESYYYTRPTEYEFWGQGTQVTVSS
7OCY:C,QLQLVESGGGLVQAGDTLRLSCEASRSFNRMGWYRQAPGKQRDMVAHIFSDGRTRYADSVQGRFTISRDNAKNTVYLQMNNLKPEDTAVYYCNGFFIQDFWGQGTPVTVSS
7OLZ:B,QVQLVESGGGLVQAGGSLRLSCAASGRTFSNDALGWFRQAPRKEREFVAAINWNSGTYYADSVKGRFTISRDNAKNTVYLQMNSLKPEDTAVYSCAAASDYGLPREDFLYDYWGQGTQVTVSS
7OM4:B,QVQLQESGGGSVQAGGSLKLSCAASGRSFSTYAMGWFRQAPGQDREFVATISWTDSTDYADSVKGRFTISRDNAKNTGYLQMNSLKPEDTAVYYCAADRWASSRRNVDYDYWGQGTQVTVSS
7OMN:C,EVQLVESGGGLVQPGRSLRLSCAASGFDIAYYSIGWVRRAPGKGEELVARIYPSSSSTSYADSVKGRFTISADTSKNTAYLQMNSLRAEDTAVYYCARWHYDYADWPGGYGMDYWGQGTLVTVSS
7ON5:A,QVQLVESGGGLVQPGGSLRLSCAASGITLDYYAIGWFRQAPGKEREGVSRIRSSDGSTNYADSVKGRFTMSRDNAKNTVYLQMNSLKPEDTAVYYCAYGPLTKYGSSWYWPYEYDYWGQGTQVTVSS
7OOI:B,EVQLVESGGGLVQPGRSLRLSCAASGFDIDYYSIGWVRRAPGKGEELVARIYPSSSSTSYADSVKGRFTISADTSKNTAYLQMNSLRAEDTAVYYCARWHWAYSAWPGWYGMDYWGQGTLVTVSS
7OZT:A,QVQLVESGGGLVQAGASLRLSCAASGSTYMFSISAMGWYRQAPGKQRELVAAITSGGGDTNYADSVKGRFTISRDRAKNMVYLQMNSLKPEDTAVYYCNFAPGLQSVRSGSWGQGTQVTVSS
7P14:B,QVQLVESGGGSVQAGGSLRLSCAASGNIADIYYLGWFRQAPGKEREGVAALITYNGRTYYADSVKGRFTVSLDNAKNTVYLQMNSLKPEDTALYYCAAAYNGLIAAPLKVTRYWYWGQGTQVTVSS
7P5V:L,QVQLVESGGGLVQAGGSLRLSCAASGFPVGRHFMYWYRQAPGKEREWVAAIYSYGEYTEYADSVKGRFTISRDNAKNTVYLQMNSLKPEDTAVYYCYVYVGNEYWGQGTQVTVSS
7P5W:J,QVQLVESGGGLVQAGGSLRLSCAASGFPVYQAWMWWYRQAPGKEREWVAAIESEGQYTWYADSVKGRFTISRDNAKNTVYLQMNSLKPEDTAVYYCNVKDTGHTTNQYDYWGQGTQVTVSS
7P5Y:L,QVQLVESGGGLVQAGGSLRLSCAASGFPVMNAGMYWYRQAPGKEREWVAAIESEGTSTYYADSVKGRFTISRDNAKNTVYLQMNSLKPEDTAVYYCNVKDVGDNHFPYDYWGQGTQVTVSS
7P60:H,QVQLVESGGGSVQAGGSLRLSCAASGYIYQIEYLGWFRQAPGKEREGVAALATWNGQTYYADSVKGRFTVSLDNAKNTVYLQMNSLKPEDTALYYCAAAYEGDTSPLYYEEYGYWGQGTQVTVSS
7P6K:H,QVQLVESGGGLVQAGGSLRLSCAASGFPVAQEIMTWYRQAPGKEREWVAAISSIGDTTAYADSVKGRFTISRDNAKNTVYLQMNSLKPEDTAVYYCAVNVGFTYKGQGTQVTVSS
7P79:H,QVQLVESGGGLVQAGGSLRLSCAASGFPVKNFEMEWYRKAPGKEREWVAAIQSGGVETYYADSVKGRFTISRDNAKNTVYLQMNSLKPEDTAVYYCFVYVGRSYIGQGTQVTVSS
7PAF:C,QVQLVESGGGSVQAGGSLRLSCAASGTIHAIGYLGWFRREGVAALTTYDGWTYYADSVKGRFTVSLVYLQMNSLKPEDTALYYCAAADDGWMFPLYHNHYEYWGQGTQVTVSS
7PBD:F,QVQLQESGGGLVQAGGSLRLSCAASGHTFNYPIMGWFRQAPGKEREFVGAISWSGGSTSYADSVKDRFTISRDNAKNTVYLEMNNLKPEDTAVYYCAAKGRYSGGLYYPTNYDYWGQGTQVTVSS
7PH2:D,QMQLVESGGGLVQAGGSLRLSCAVSGSIFSIITLAWYRQAPGKPRENVATITRGSRTSYCDSVKGRFTISKDNAKSTVYLQMNKLKPEDTADYYCNAEGPAGYWGQGTPVTVSS
7PH4:D,QMQLVESGGGLVQAGGSLRLSCAVSGSIFSIITLAWYRQAPGKPRENVATITRGSRTSYADSVKGRFCISKDNAKSTVYLQMNKLKPEDTADYYCNAEGPAGYWGQGTPVTVSS
7PHP:N,QRQLVESGGGLVQPGGSLRLSCAASGIIFKINDMGWFRQAPGKEREGVAGITSGGRTNYADSVKGRFIISRDNVKNTVYLQMNSLEPEDTAVYYCKSDGLISYAASQLSTYWGKGTPVTVSS
7PIJ:N,QRQLVESGGGLVQPGGSLRLSCAASRSIFSIDTAGWFRQAPGKEREGVATITRDGNANYADSVKGRFTISRDRARNTVYLQMNSLEPEDTAVYYCNAAIRTTVRTSAQEYWGKGTPVTVSS
7PQG:B,QVQLVESGGGLVQAGGSLRLSCAVSGRTTANYNMGWFRQAPGKEREFVAGIKWSSGSTYVADSAKGRFTISRDNAKNSVYLQMDSLKPEDTALYYCAANYYGVSWFLISPSSYDYWGQGTQVTVSS
7PQQ:B,QVQLVESGGGLVTVKKSLRLSCAASTNLRSYAMAWFRQAPGKEREFVSFINWNYGNTRYADSVKGRFTISRDNAKITVYLQMNSLKPEDTAVYYCAAATIGRLAGIDSTTLYDYWGQGTQVTVSS
7Q1U:B,QVQLVESGGGLVTVKKSLRLSCTASGAIFSTYDVSWYRQAPEKPRELVAIITRGGNTHYADTVKGRFTISRDNAKKTVNLQMNSLKPEDTAVYYCHAGVQGAMLGPRNYWGQGTQVTVSS
7Q6C:K,QVQLQESGGGLVQPGGSLRLSCAASGRTISRYAMSWFRQAPGKEREFVAVARRSGDGAFYADSVQGRFTVSRDDAKNTVYLQMNSLKPEDTAVYYCAIDSDTFYSGSYDYWGQGTQVTVSS
7Q6Z:B,QVQLVESGGGLVTVKKSLRLSCTASGAIFSTYDVSWYRQAPEKPRELVAIITRGGNTHYADTVKGRFTISRDNAKKTVNLQMNSLKPEDTAVYYCHAGVQGAMLGPRNYWGQGTQVTVSS
7QBD:E,QVQLVESGGGLVQAGESLRLSCAASGRTFAMAWFRQAPGKEREFVAVRGWLGVTTYYADSVKGRFTISRDNAKNTLDLQMNSLKPEDTAVYYCAAGQYSSSLYDRETEYNYWGQGTRVTVSS
7QBE:F,QLQLVESGGGLVQAGGSLRLSCTASGRTGTMGWFRQGPGKEREFVASHKWVAGSTYYADSVKGRFTISRDNAKNTLYLQMNSLKSEDTAVYYCAASSQIFYGATTSIKDFNSWGKGTRVTVSS
7QBF:C,QWQLVESGGGLVQPGGSLRLSCAASGSTFSSYAMGWYRQAPGKECELVAAISRAGGSTNYADSVKGRFTISRDNAKNTVYLQMNSLKPEDTAVYYCNAAAEGETGSNWSLCEEYDYWGKGTRVTVSS
7QBG:G,QRQLVESGGGLVQPGGSLRLSCAASGFTPGIYDIGWFRQAPGKEREGVSCISSRSTNYADSVKGRFIISRDNVKNTVYLQMNSLEPEDTAVYYCAAIYQPSNGCVLRPEYSYWGKGTPVTVSS
7QCQ:A,EVQLQASGGVFVQSGGSLRLSCAASGATSTFDGMGWFRQAPGKEREFVSAISYEQGSYTYYADSVKGRFTISRDNSKNMVYLQMNSLRAEDTATYYCAPAYEGDLYAFDSYGGQGTQVTVSS
7QE5:B,QVQLVESGGGLVQTYGSLRLSCTASRVTLDYHDIGWFRQAPGKEREGVSYISSSGGSTNYADSVKGRFTISRDNAKNTVYLQMNSLKPEDTAVYYCARSSAYGSSWLNPSRYDYWGQGTQVTVSS
7QIA:B,QLQLVESGGGLVQPGGSLRLSCEASGKVFMINAMGWYRQAPGKQRELVAFISRRGNINYADSVKGRFTISRDNAKNTVYLQMNSLRPEDTAIYYCSADPRSNLDDGRYWGKGTPVTVSS
7QIV:C,QLQLVESGGGLVLAGGSLRLSCAASVRTFSHYALGWFRQAPGKEREFVAAIRWTGSSANYADSVKGRFTISRDNAKNTVDLRMNSLKPEDTAVYYCAARTVYRPGFEDPNEYAYWGQGTRVTVSS
7R1Z:C,EVQLVESGGGLVQAGGSLRLSCAASGRTSGALNVAWYRQATGKEREYVARLWWNDGTTYYSDSVKGRFTISSDNAKKIVYLQMNRLKPDDTAIYYCAVRTPSSQTLYWGQGTQVTVSS
7R20:B,EVQLQESGGGLVQAGGSLRLSCAASGSIFSGNAMGWYRQAPGKQREVVAVISAGNSSNYVDSVKGRFTISRDNAKNTVYLQMNSLKPEDTAVYYCNVVKRGPQWGMEWGKGTLVTVSS
7R24:E,EVQLLESGGGLVQAGDSLRLSCAASGRTFSAYAMGWFRQAPGKEREFVAAISWSGNSTYYADSVKGRFTISRDNAKNTVYLQMNSLKPEDTAIYYCAARKPMYRVDISKGQNYDYWGQGTQVTVSS
7R4I:E,QVQLVESGGGSVQAGGSLKLSCAASGYASWARKCIGWFRQAPGQEREGVAAIFDFDGSTYYSDSVKGRFTISGDNAKNTVSLQMNSLLPKDTAVYYCTVAFGTCDNWYRGRGDYWGQGTQVTVSS
7R4Q:E,QVQLVESGGGSVQAGGSLRLSCAASGYTINTDAVAWFRQAPGKGDERVAVIYTGSGNTNYADSVKGRFTISQDNAKNTVYLQMNSLKPEDTALYYCASGYYGASGYDFNNWGQGTQVTVSS
7R4R:D,QVQLVESGGGSVQAGGSLRLSCAASGYTYSTCRKGWYRQAPGKERELVASITADGATYYLDSVKGRLTISQDNAKNTVYLQMNSLKPEDTAVYYCAASVKDFTCTFNSWGQGTQVTVSS
7R63:D,QVQLQESGGGLVQTGGSLRLSCKASGRAFARYDLAWSRQAPGKQREFVASIGVTRNPPYYSGSVKGRFTVSRDNAKETVYLQMNDLKPEDSAVYYCAAKDASVTVATIEDYPYWGRGTQVTVSS
7R74:D,AVQLVDSGGGLVQAGGSLRLSCVVSGSIFSINAMGWYRQAPGKQRDLVARISGDSSTYYIDSVKGRFTISRDNAANTVYLQMNSLKPEDTAVYYCAARRLPIGDYTDWGQGTQVTVSS
7R9D:N,QVQLVEYGGGSVQAGGYLRLSCVASGSISLSSGMGWYRQAPGKERELVASISGGSSTNYADSVKGRFTISRDNAKNTVYLQMNSLKPEDTAVYYCAASEQLTSGHAYWGQGTQVTVSS
7RBY:D,DVQLQESGGGLVQPGGSLRLSCAASGLTLDYYAIGWFRQAPGKEREGVSCISSSDGSTYYADSVKGRFTTSRDNAKNTVYLQMNSLKPEDTAVYYCAAVPSTYYSGTYYYTCHPGGMDYWGKGTQVTVSS
7RI1:B,EVQLVESGGGLVQAGGFLRLSCELRGSIFNQYAMAWFRQAPGKEREFVAGMGAVPHYGEFVKGRFTISRDNAKSTVYLQMSSLKPEDTAIYFCARSKSTYISYNSNGYDYWGRGTQVTVSS
7RMG:N,QVQLQESGGGLVQPGGSLRLSCAASGFTFSNYKMNWVRQAPGKGLEWVSDISQSGASISYTGSVKGRFTISRDNAKNTLYLQMNSLKPEDTAVYYCARCPAPFTRDCFDVTSTTYAYRGQGTQVTVSS
7RNN:C,QVQLVESGGGLVQPRGSLRLSCAASGFTFSRAAMSWYRQAPGKEREMVSTIGSFGVSTNYSDSVKGRFTISRDNAKNTVYLHMNSLKPEDTAVYYCNARYRSSYPWGQGTQVTVSS
7S2R:B,QVQLQESGGGSVQAGGSLRLSCAASGYTYRDYYMGWFRQAPGREREGVASIYTRGSREGSTRYSSSVEGRFTITLDTAKNTLYLQMNSLKPEDTAMYYCAADDRTWLPRVQLGGPRENEYNYWGQGTQVTVSS
7S2S:A,QVQLQESGGGSVQAGGSLRLSCAASSYTISSVCMGWFRQAPGKEREGVAGIAPDGSTGYGDSVKGRFTISDNAKNTLYLQMNSLKPEDTAMYYCAAASPGRCFLPRTALEPALYYNWGQGTQVTVSS
7S7R:B,QVQLQESGGGLVQAGGSLRLSCAASGRTFSSYGMGWFRQAPGTEREFVAAISWSGDSTYYADSVKGRFTISIDKAKNTVYLQMNSLKPEDTAVYYCAADHALVVGGTYNYWGQGTQVTVSS
7SAH:B,QVQLVESGGRLVQAGDSLRLSCAASGRTFSTSAMAWFRQAPGREREFVAAITWTVGNTILGDSVKGRFTISRDRAKNTVDLQMDNLEPEDTAVYYCSARSRGYVLSVLRSVDSYDYWGQGTQVTVSS
7SAI:C,QVQLVESGGGLVQAGGSLRLSCAASGRTFSTSAMGWFRQAPGREREFVAAITWTVGNTIYGDSMKGRFTISRDRTKNTVDLQMDSLKPEDTAVYYCTARSRGFVLSDLRSVDSFDYKGQGTQVTVSS
7SAK:B,QVQLVESGGSLVQPGGSLRLSCAASGRFAESSSMGWFRQAREFVAAISWSGGATNYADSAKGRFTLSRDNTKNTVYLQMNSLKPDDTAVYYCAANLGNYISSNQRLYGYWGQGTQVTVSS
7SAL:D,QVQLVESGGGLVQAGGSLRLSCVASGSAPSFFAMAWYRQSPGNERELVAALSSLGSTNYADSVKGRFTISMDNAKNTVYLQMNNVNAEDTAVYYCAAGDFHSCYARKSCDYWGQGTQVTVSS
7SK5:K,QVQLQESGGGLVQPGGSLRLSCAASGRTISRYAMSWFRQAPGKEREFVAVARRSGDGAFYADSVQGRFTVSRDDAKNTVYLQMNSLKPEDTAVYYCAIDSDTFYSGSYDYWGQGTQVTVSS
7SL8:B,QVQLQESGGGLVQAGGSLRLSCAASGTIFVFDKMGWYRQAPGKEREFVATISRGGSTNYADSVKGRFTISRDNAKNTVYLQMNSLKPEDTAVYYCAVRYTPWRRYSYWGQGTQVTVSS
7SL9:B,QVQLQESGGGLVQAGGSLRLSCAASGNISTRAGMGWYRQAPGKEREFVASINWGAITNYADSVKGRFTISRDNAKNTVYLQMNSLKPEDTAVYYCAVEYKYGPQRSDTYYYWGQGTQVTVSS
7SLA:B,QVQLQESGGGLVQAGGSLRLSCAASGTIFVFDKMGWYRQAPGKEREFVATISRGGSTNYADSVKGRFTISRDNAKNTVYLQMNSLKPEDTAVYYCAVRYTPWRRYSYWGQGTQVTVSS
7SP7:C,QVQLVESGGGLVQAGGSLRLACAASGRIFSSDTLAWFRRAPGKEREFVAASRWSGGGTDYADSVKGRFTFSRDNTRNTMCLEMNSLKPEDTAVYYCALRTARDSYYYTRNPTGYDYWGQGTQVTVSS
7SP9:C,QVQLVESGGGLVQAGGSLRLACAASGRIFSSDTLAWFRRAPGKEREFVAASRWSGGGTDYADSVKGRFTFSRDNTRNTMCLEMNSLKPEDTAVYYCALRTARDSYYYTRNPTGYDYWGQGTQVTVSS
7SSZ:H,EVQLVESGGGLVQAGGSLGLSCSASGLLFSRNSAGWYRQAPGKQREFVARIRMGGSINYADTVKGRFTISRDNAKNTVYLQMNSLKPEDTAVYYCSSWRTGFYEYWGQGTLVTVSS
7T5F:F,QVQLVESGGGLVQSGGSLRLSCAASGSIDSLYHMGWYRQAGKERELVARVQDGGSTAYKDSVKGRFTISRDFSRSTMYLQMNSLKPEDTAIYYCAAKSTISTPLSWGQGTQVTVSS
7TE8:B,EVQLQASGGGFVQPGGSLRLSCAASGTTYGQTNMGWFRQAPGKEREFVSAISGLQGRDLYYADSVKGRFTISRDNSKNTVYLQMNSLRAEDTATYYCAFHDFLRMWEYWGQGTQVTVSS
7TGF:B,QVQLAETGGGLVQPGGSLRLSCAASGFTLDDYAIGWFRQAPGKEREGVSCISSSDGRTYYADSVKGRFTISRDNAKNTVYLQMNSLKSEDTAVYYCATEEVCTLGIFGHGPDDYWGQGTQVTVSS
7TGI:B,QVQLVETGGLVQPGGSLRLSCAASGLTLDYYNIGWFRQAPGKEREWVSSISSSDGRKYYVNSVKGRFTISRDNAKNTVYLQMNSLKPEDTAVYYCAADRDRLPSAITYEYNYWGQGTQVTVSS
7TH2:D,QVQLAESGGGLVQPGGSLRLSCVASPSLDYYGIGWFRQAPGKEREGVSCITGSEGSTYYADSVKGRFTISRDNAKNTVFLQMDSLKPEDTAVYYCAAADPLPLVCTWGDEYDYWGQGTQVTVSS
7TH3:B,QVQLVETGGGSVQAGDSLTLSCAASERIFSHYAMGWYRQVPGKEREPVAALRLKGTETNYADSVEGRFTISRDNAKNTMYLRMSSLKPEDTAVYYCAAGSYAAILYAPSYWGQGTQVTVSS
7TPR:H,QVQLVESGGGSVQPGGSLRLSCVVSGYTSSSRYMGWFRQVPGKGLEWVSGIKRDGTNTYYADSVKGRFTISQDNAKNTVYLQMNSLKPEDTAMYYCAAGSWYNQWGYSMDYWGKGTQVTVSS
7UIA:E,QLQLVETGGGLVKPGGSLRLSCVVSGFTFDDYRMAWVRQAPGKELEWVSSIDSWSINTYYEDSVKGRFTISTDNAKNTLYLQMSSLKPEDTAVYYCAAEDRLGVPTINAHPSKYDYNYWGQGTQVTVSS
7UL3:C,QRQLVESGGGLVQPGGSLRLSCAASFRLYDMGWFRQAPGKEREGVASITSGGSTKYADSVKGRFTISRDNAKNTVYLQMNSLEPEDTAVYYCNAEYRTGIWEELLDGWGKGTPVTVSS
7UPM:B,QVQLQESGGGLVQAGGSLRLSCAASGNISAQAYMGWYRQAPGKERELVAGISYGATTYYADSVKGRFTISRDNAKNTVYLQMNSLKPEDTAVYYCAVISAGGGESIGYHFYWGQGTQVTVSS
7V0V:A,QVQLVESGGALVQPGGSLRLSCAASGFPVNRYSMRWYRQAPGKEREWVAGMSSAGDRSSYEDSVKGRFTISRDDARNTVYLQMNSLKPEDTAVYYCNVNVGFEYWGQGTQVTVSS
7VFA:D,QVQLQESGGGSVAAGGSLRLSCAVSGVTASSVYMAWFRQAPGKEREGLAGINTVGYTTYADSVKGRFTISKDNSENTLYLQMNSLKPEDIALYYCAATYLLRFASLSATNFPYWGQGTQVTVSS
7VFB:B,QVQLQESGGGSVQAGGSLRLSCAVSGYTYSSKCLGWFRQAPGKEREGIATIYTGGGSTYYVDSVKGRFTISQDNAKNTVALQMNSLKPEDTAMYYCAASGAIAGIRLCLPGHTFYTYWGQGTQVTVSS
7VKE:B,QVQLVESGGGVVQPGRSLRLSCAASGFTFSSYGMHWVRQAPGKEREWVAVISDDGSNKYYADSVKGRFTISRDNSKNTLYLQMNSLRVEDTAVYYCAKDRGTMRVVVYDTLDIWGQGTLVTVSS
7VNB:A,EVQLVESGGGLVQPGGSLRLSCAASDFSFYDYEMSWVRQAPGKALEWIGSMYHSGRTYINPSLKSLVTISRDNSKNTLYLQMNSLRAEDTAMYYCVSNWASGSTGDYWGQGTLVTVSS
7VNE:V,EVQLVESGGGLVQPGGSLRLSCAASDSSFYDYEMSWVRQAPGKAQEWIGSMYPSGRTYINPSLKSLVTISRDNSKNTLYLQLNSLRAEDTAMYYCVSNWASGSTGDYWGQGTLVTVSS
7VOA:A,QVQLVESGGGLVQPGGTLRLSCAASGFTLDYYAIGWFRQAPGKEREGVSCISGSGGITNYTDSVKGRFTISRDNAKNTVYLQMNSLKPEDTAVYYCAPVSHTVVAGCAFEAWTDFGSWGQGTQVTVSS
7VPY:B,QVQLQESGGGLVQAGGSLRLSCVASGRTFSSLNIVWFRQAPGKERKFVAAINDRNTAYAESVKGRFTISRDNAKNTVHLQMNSLKPEDTAVYYCHSADVNGGMDYWGKGTQVTVSS
7W1S:B,QLQLVESGGGLVQAGGSMRLSCAASISFSSFPMGWHRQAPGKQRELVAKTGIGGTAYDDSVKGRFTISRDNTKNTVYLQMNSLKVEDTAVYYCWGWRMNDYWGQGTQVTVSS
7WHI:G,EVQLVESGGGLVQPGGSLRLSCAASDFYFDYYEMSWVRQAPGQGLEWVSTISGLGGATYYADSVKGRFTISRDNSKNTLYLQMNSLRAEDTALYYCATRSPFGDYAFSYWGQGTLVTVSS
7WUJ:N,QVQLQESGGGLVQPGGSLRLSCAASGFTFSNYKMNWVRQAPGKGLEWVSDISQSGASISYTGSVKGRFTISRDNAKNTLYLQMNSLKPEDTAVYYCARCPAPFTRDCFDVTSTTYAYRGQGTQVTVSS
7X7D:F,QVQLVESGGNLVQPGGSLRLSCAASGGTLASFAVGWFRQAPGKEREGVSCIDVINRANYADSVKGRFTISRDSAKNTVYLQMNSLEPEDTAVYSCAAHFVPPGSRLRGCLVNELYNYWGQGTQVTVSS
7XQV:B,EVQLQASGGGFVQPGGSLRLSCAASGDTWWSSAMGWFRQAPGKEREFVSAISFYPTEYTYYADSKGRFTISRDNSKNTVYLQMNSLRAEDTATYYCAWIAWGPWMRTSWYWGQGTQVTVSS
7XRP:B,DVQLVESGGGSVQAGGSLRLSCAASGKFSHLVFLGWFRQAPGKEREGVAAGLGAYESGYYADSVKGRFTVSLDNAENTVYLQMNSLKPEDTALYYCAALVVLSRDNTEFIAHNYWGQGTQVTVSS
7XTP:D,EVQLVESGGGLVQPGGSLRLSCAISGFSISSTSIDWVRQAPGKGLEWVARISPSSGSTSYADSVKGRFTISADTSKNTVYLQMNSLRAEDTAVYYCGRVAKALNSRSPSFVVNTYSSIGFDYRGQGTLVTVSS
7XW6:L,QVQLQESGGGLVQPGGSLRLSCAASGFTFSNYKMNWVRQAPGKGLEWVSDISQSGASISYTGSVKGRFTISRDNAKNTLYLQMNSLKPEDTAVYYCARCPAPFTRDCFDVTSTTYAYRGQGTQVTVSS
7Y9T:C,QVQLVESGGGLVQAGGSLRLSCAASGFPVNISWMEWYRQVPGKEREWVAAIQSTGSYTWYADSVKGRFTISRDNAKNTVYLQMNSLKPEDTAVYYCRVKVGAYYRGQGTQVTVSS
7YAG:C,QVQLQESGGGLVQAGGSLRLSCAASGSIFGADWMGWYRQAPGKEREFVAGIGHGASTYYADSVKGRFTISRDNAKNTVYLQMNSLKPEDTAVYYCAVQYTQYRSYDSLLYWGQGTQVTVSS
7YIT:D,QVQLVESGGGLVRPGGSLRLSCVDSERTSYPMGWFRRAPGKEREFVASITWSGIDPTYADSVADRFTTSRDVANNTLYLQMNSLKHEDTAVYYCAARAPVGQSSSPYDYDYWGQGTQVTVSS
7YZ9:B,QWQLVESGGGLVQAGGSLRLSCTASGIILSINSMGWYRQTAGNEREWVAFSTAGGSTTYADSVKGRFTISRDNAKNTVYLQMNSLKPEDTAVYYCNTPAGRVGGTWGQGTPVTVSS
7YZW:F,QVQLVESGGGLVQPGGSLRLSCAASGFTFDAYGMGWFRQDPGKEREFVAALIWSGSSTAYADSVKGRFTISRDNAKNTLYLQMNNPKPEDTAVYYCARHRTAGFSRRDYEYDYWGQGTQVTVSS
7Z1A:E,QVQLVESGGGLMQAGGSLRLSCAVSGRTFSTAAMGWFRQAPGKEREFVAAIRWSGGSAYYADSVKGRFTISRDKAKNTVYLQMNSLKYEDTAVYYCAQTRVTRSLLSDYATWPYDYWGQGTQVTVSS
7Z1C:E,QVQLVESGGGLMQAGGSLRLSCAVSGRTFSTAAMGWFRQAPGKEREFVAAIRWSGGSAYYADSVKGRFTISRDKAKNTVYLQMNSLKYEDTAVYYCASYQATRSLLSDYATWPYDYWGQGTQVTVSS
7Z1D:F,QVQLVESGGGLMQAGGSLRLSCAVSGRTFSTAAMGWFRQAPGKEREFVAAIRWSGGSAYYADSVKGRFTISRDKAKNTVYLQMNSLKYEDTAVYYCAGSKITRSLLSDYATWPYDYWGQGTQVTVSS
7Z1E:F,QVQLVESGGGLMQAGGSLRLSCAVSGRTFSTAAMGWFRQAPGKEREFVAAIRWSGGSAYYADSVKGRFTISRDKAKNTVYLQMNSLKYEDTAVYYCARTEYVSYLLSDYATWPYDYWGQGTQVTVSS
7Z9Q:F,QVQLVESGGGLMQAGGSLRLSCAVSGRTFSTAAMGWFRQAPGKEREFVAAIRWSGGSAYYADSVKGRFTISRDKAKNTVYLQMNSLKYEDTAVYYCAGFSATRSLLSDYATWPYDYWGQGTQVTVSS
7ZK1:C,QVQLVESGGGLVQAGGSLRLSCAASGFPVYRNRMHWYRQAPGKEREWVAAIESAGQETHYADSVKGRFTISRDNAKNTVYLQMNSLKPEDTAVYYCNVKDEGWYWQTYDYWGQGTQVTVSS
7ZKZ:C,QVQLVESGGGSAQPGGSLRLSCAVSGSVSELNTMGWFRQAPGKQRELVARITATSDATNYADSVKGRFTISRDNGWNTVYLQSNSLKPEDSAVYYCNVEGAPSWFSGIRSYWGQGTQVTVSS
7ZML:G,QVQLQESGGGLVQAGGSLRLSCAASGSIFSINRMGWYRQAPGKQRELVAAITSGGSTNYAYSVKGRFTISRDNAKNTVYLQMNSLKPEDTAIYYCEAYGTYTLAPTGEGEYDDYWGQGTQVTVSS
7ZMM:G,QVQLQENGGGCVQAGGSLRLSCAASGSIFSINRMGWYRQAPGKQRELVAAITSGGSTNYAYSVKGRFTISRDNAKNTVYLQMNSLKPEDTAIYYCEAYGTYTLAPTGEGEYDDYWGQGTQVTVSS
7ZMN:C,QVQLVENGGGCVQATGSLRLSCAASGSIFSINRMTWYRQAPGKEREWVAAITSGGSTNYADSVKGRFTISRDSAKGTVYLQMNSLKPEDTAVYYCEAYGTYTLAPTGEGEYDDYWGQGTQVTVSS
7ZMO:C,QVQLVENGGGCVQAGGSLRLSCAASGSIFSINRMTWYRQAPGKEREWVAAITSGGSTNYADSVKGRFTISRDSAKGTVYLYMNSLKPEDTAVYYCEAYGTYTLAPTGEGEYDDYWGQGTQVTVSS
7ZMP:C,QVQLVENGGGNVQAGGSLRLSCAASGSIFSINRMTWYRQAPGKEREWVAAITSGGSTNYADSVKGRFTISRDSAKGTVYLQMNSLKPEDTAVYYCEAYGTYTLAPTGEGEYDDYWGQGTQVTVSS
7ZMQ:C,QVQLVENGGGNVQAGGSLRLSCAASGSIFSINRMTWYRQAPGKEREWVAAITSGGSTNYAYSVKGRFTISRDNAKNTVYLQMNSLKPEDTAVYYCEAYGTYTLAPTGEGEYDDYWGQGTQVTVSS
7ZMR:C,QVQLVENGGGCVQAGGSLKLSCAASGSIFSINRMTWYRQAPGKEREWVAAITSGGSTNYAYSVKGRFTISRDNAKNTVYLQMNSLKPEDTAVYYCEAYGTYTLAPTGEGEYDDYWGQGTQVTVSS
7ZMS:K,QVQLVENGGGCVQATGSLRLSCAASGSIFSINRMTWYRQAPGKEREWVAAITSGGSTNYADSVKGRFTISRDSAKGTVYLQMNSLKPEDTAVYYCEAYGTYTLAPTGEGEYDDYWGQGTQVMVSS
7ZMT:C,QVQLVENGGGCVKAGGSLRLSCAASGSIFSINRMTWYRQAPGKEREWVAAITSGGSTNYADSVKGRFTISRDNAENTVYLQMNSLKPEDTAVYYCEAYGTYTLAPTGEGEYDDYWGQGTQVMVSS
7ZXU:A,QVQLVESGGGLVQPGGSLRLSCAASGFTNDFYSIAWFRQAPGKEREGVSWLSVSDNTPTYVDSVKDRFTISRHNANNTVYLQMNMLKPEDTAIYYCAAGRFAGRDTWPSSYDYWGQGTQVTVSS
8AV2:C,QVQLQESGGGLVQPGGSLRLSCAASGFTLDDYGIAWFRQAPGKEREGVSCISTSDDSTYYADSVKGRFTISRDTAKNTVYLQMNSLKPEDTAVYYCAAERAPMCYSRSYYLVDYGMDYWGKGTQVTVSS
8B01:C,GEKLEAHVTTSKYAGGSLRLSCAASGNIFDRGYMGWYRQAPGKERELVAGISYGGSTYYADSVKGRFTISRDNAKNTVYLQMNSLKPEDTAVYYCAAYPLYDDPYYYWGQGTQVTVSS
8BEV:B,QVQLVESGGGLVQPGESLRLSCAASGSIFGIYAVHWFRMAPGKEREFTAGFGGSTNYAASVKGRFTMSRDNAKNTTYLQMNSLKPADTAVYYCHALIKNELGFLDYWGPGTQVTVSS
8BZY:B,QVQLVESGGGLVQAGGSLRLSCAASGFPVAWNEMRWYRQAPGKEREWVAAIASIGVTTYYADSVKGRFTISRDNAKNTVYLQMNSLKPEDTAVYYCNVKDYGMAFWYYDYWGQGTQVTVSS
8C3L:D,QVQLVESGGGLVQSGGSLRLSCAASGSIFRTTGMNWYRQTPEKQREWVALITSHGTTSYAASVEGRFTISRDSAGTTVYLQMNSLKPEDAGVYYCTTRGYWGQGTQVTVSS
8C8P:H,EVQLVETGGGLIQPGGSLRLSCAVSGFTVSLNYMSWVRQAPGKGLEWVSSIYSGGSTFYADSVKGRFTISRDNSKNTLYLQMNSLRAEDTAVYYCARGLGFGELPPFDFWGQGTLVTVSS
8CWU:B,HVQLVESGGGLVQAGGSLRLSCAAPGRTFSTSAMGWFRQAPGKEREFVAAIDWSNTNIHYADTVKGRFTISTDTAKNTVYLQMNNLKPEDTAVYYCAQGGWGLTQPISVDYWGKGTQVTVSS
8CXN:E,QVQLVESGGGLVQAGGSLRLSCAVSGRTISTFGMGWFRQAPGKEREFVATITRDEDMLLYADSVKGRFTISRDTAKNMVFLQMNSLKIEDTALYYCAVRRDSSWGYSRQSTEYDYWGQGTQVTVSS
8CXQ:F,HVQLVESGGGLVQPGGSLRLSCAASGRSFNSYLMGWFRQAPGKEREFVAWISGSPHDIIRYRDSVKDRFTISRDNAKNTVYLQMNSLKPVDTAVYYCAVGSLRVGSFSPDYWGQGTQVTVSS
8CY6:F,HVQLVESGGGLVQAGGSLRLSCAASGTISTLNAMGWYRQAPGKQRELLASISNLGTTYHADSVAGRFTISRGSAKNTVNLQMNSLKPDDTAVYYCNTRVLEGGTQIRDYWGQGTQVTVSS
8CY7:F,QVQLVESGGGLVQAGGSLRLSCAAAARFSTSAMGWFRQAPGKEREFVAAISWSNTNTHYADTVKGRFTISADTAKETVDLQMNSLKPEDTAVYYCVQGGWGIRQPIIVDYWGKGTQVTVSS
8CY9:F,QVQLVESGGGLVQAGGSLRLSCAASGRTDSISDMGWFRQAPGKEREFVAVVGWSGGGTDYAHSVKGRFTISRDNAKNTVYLQMNSLKPEDTAVYYCAVGSLRVGSFSVEYWGQGTQVTVSS
8CYA:F,EVQLVESGGGLVQTGGSLRLSCALSGYTFSIFPTAWFRQAPGKEREFVAGIRWNGSTRDYTEYADFVKGRFTISRDNAKNMVYLQMISLKPEDTALYYCAASDGVIDGTNANAYRYWGQGTQVTVSS
8CYB:D,QVQLVESGGGLVQTGGSLRLSCAASGRTFSNYVMGWFRQAPGKEREFVSSIEWNSENTFYANSVKGRFTISRDNAKNTVYLQMNSLKAEDTAVYYCAADRGSSYYYTRASEYTYWGQGTQVTVS
8CYC:F,HVQLVESGGGLVQAGGSLRLSCAASGRTFSRYAAGWFRQAPGKEREFVAVIEWDGDSAYYADPVKGRFTISRDNAKNTVYLQMNRLKPEDTAVYICAVGGNHYSRSKYYNLDEYDDWGQGTQVTVSS
8CYD:F,QVQLVESGGGLVQAGGSLRLSCTASGYDFSILAIAWYRQAPGKERELVAAISRVGSTDYADSVKGRFTISRDNTKNTVSLQMDSLKPEDTAVYYCNAGIPMTTVLSGLGFWGQGTQVTVSS
8CYJ:D,QVQLVESGGGLVQAGGSLRLSCAASGRTFSTYAMAWFRQAPGKEREFVAGVARSADTTYYGDSVKGRFTISRDNAKNEVNLQMSSLKPEDTAVYYCAARSVIQYGIVPGNDFHYEYWGQGTQVTVSS
8DI5:H,EVQLVESGGGLVQPGGSLRLSCAASDFDFYDYEMSWVRQAPGKALEWIGNIYYSGDTFYNPSLKSRVTISRDNSKNTLYLQMNSLRAEDTATYYCARVESGSGWLDFWGQGTLVTVSS
8DLX:H,EVQLVESGGGVVQPGRSLRLSCAASGFTFSSYAMHWVRQAPGKGLEWIGNIYHDGSTFYNPSLKSLVTISRDDSTNTLYLQMNSLRAEDTAIYYCARVWLYGSGYMDVWGKGTLVTVSS
8EMY:G,QVQLQESGGGLVQPGSSLRLSCAASGFTFGGYAMHWVRQAPGKGPEWVSSINSGGDITNYATSVKGRFSISRDNPSKTLYLQMNSLRPEDSAVYYCKTQLANRDYRGQGTQVTVSS
8EMZ:B,QVQLQESGGGLVQAGGSLRLSCAASGRFFSSYAMGWFRQAPGKEREFVAAISWSGGSTYYADSVKGRFTTSRDNAKNTVYLLMNSLKPEDTAVYYCAAAREGAYYPDSYYRTVRYDYWGQGTQVTVSS
8EN0:D,QVQLQESGGGLVQAGGSLRLSCAASGRTFSSYRMGWYRQAPGKEREFVAAITGSGDSTNYADSVKGRFTVSGNSARNLVYLQMNSLKPEDTAVYLCVAYRTGGPPQWGQGTQVTVSS
8EN1:C,QVQLQESGGGLVQAGGSLNLACVSSGRTFSTWLMGWFRQAPGKEREFVASIDWRSSSTTYADSVKGRFTISRDNAKNTMYLQMTGLKPEDTAVYYCASDRDHYSGTYYGRRFVEEYDYWGQGTQVTVSS
8EN2:C,QVQLQESGGGLVQAGGSLRLSCAASGLTFSTNGMGWFRQAPGKEREFVFGVNWNGGNSYVADSVKGRFTISRDNAKNTVYLQMNSLKLEDTAVYYCAAKMGRRLAVSRTLEEYDFRGQGTQVTVSS
8EN3:D,QVQLQESGGGLVQAGGSLRLSCTVSGRTDSESTMGWFRQAAGKGREFVAAMNWRYATTYHTDSVKGRFTISKDSAKNTMYLQMNSLKPEDTAVYYCAHRYIYGSLSDSGSYDNWGQGTQVTVS
8EN4:C,QVQLQESGGGLVQPGGSLRLSCAASGDIFSIYLMGWYRQSPGKQRELVATITSSGETKHVYSVKGRFTISRENAKNAWYLQMNSLKPEDTGVYYCHAVTGVIASSWGQGTQVTVSS
8EN5:H,QVQLQESGGGLVQPGDSLRLSCATSGFILGRPVITWFRQAPGKEREGVLCISGSDEITYFIDSVKGRFTISRDNAKNTVYLQINSLKPEDTANYYCAARTFTAGCYSRSIAYPYWGQGTQVTVSS
8EN6:D,QVQLQESGGGLVQAGGSLRLSCAASGTIFSIDAFGWYRQAPGKQREWVAGITSGSSTIYADFVKGRFTISRDNAKNTVFLQMNSLKPEDTAVYYCNRAKPPTYYSLEPWGKGTQVTVSS
8EQB:D,QVQLQESGGGLVQAGGSLRLSCAASGTISPRGVMGWYRQAPGKEREFVAAINYGGTTYYADSVKGRFTISRDNAKNTVYLQMNSLKPEDTAVYYCAVYYYINSQRKVLLYWGQGTQVTVSS
8F8V:A,QVQLQESGGGLVQAGGSLRLSCAASPGISRYKTMGWYRQAPGKERSFVAAITWGGLTYYADSVKGRFTVSRDNAKNTVYLQMNSLKPEDTAVYYCSVDGGTRADPYHYYWGQGTQVTVSS
8ONT:B,QWQLVESGGGLVQAGGSLRLSCVGSGRAFSSGAMGWFRQTPGQEREFVAAISWSGGSTVYAESVKGRFTISMDNAKNTVYLRMNSLQPEDTAVYYCAAGTSTFALRRSPEYWGKGTPVTVSS
