ID,Sequence
7BB7:G,QVQLQESGGGLVQPGGSLRLSCAASGFTFSNYKMNWVRQAPGKGLEWVSDISQSGASISYTGSVKGRFTISRDNAKNTLYLQMNSLKPEDTAVYYCARCPAPFTRDCFDVTSTTYAYRGQGTQVTVSS
7KGL:B,QVQLVESGGGLVQAGGSLRLSCAASGFPVAYKTMWWYRQAPGKEREWVAAIESYGIKWTRYADSVKGRFTISRDNAKNTVYLQMNSLKPEDTAVYYCIVWVGAQYHGQGTQVTVSS
7MBX:N,QVQLQESGGGLVQPGGSLRLSCAASGFTFSNYKMNWVRQAPGKGLEWVSDISQSGASISYTGSVKGRFTISRDNAKNTLYLQMNSLKPEDTAVYYCARCPAPFTRDCFDVTSTTYAYRGQGTQVTVSS
7SP6:C,QVQLVESGGGLVQAGGSLRLACAASGRIFSSDTLAWFRRAPGKEREFVAASRWSGGGTDYKGRFTFSRDNTRNTMCLEMNSLKPEDTAVYYCALRTARDSYYYTRNPTGYDYWGQGTQVTVSS
7UIB:B,QLQLVETGGGLVKPGGSLRLSCVVSGFTFDDYRMAWVRQAPGKELEWVSSIDSWSINTYYEDSVKGRFTISTDNAKNTLYLQMSSLKPEDTAVYYCAAEDRLGVPTINAHPSKYDYNYWGQGTQVTVSS
7VBH:N,QVQLQESGGGLVQPGGSLRLSCAASGFTFSNYKMNWVRQAPGKGLEWVSDISQSGASISYTGSVKGRFTISRDNAKNTLYLQMNSLKPEDTAVYYCARCPAPFTRDCFDVTSTTYAYRGQGTQVTVSS
1ZVY:A,DVQLVESGGGSVQAGGSLRLSCAASGSTDSIEYMTWFRQAPGKAREGVAALYTHTGNTYYTDSVKGRFTISQDKAKNMAYLRMDSVKSEDTAIYTCGATRKYVPVRFALDQSSYDYWGQGTQVTVSS
3ZLQ:D,QVQLQESGGGLVQPGGSLRLSCAASGFTFSSAIMTWVRQAPGKGREWVSTIGSDGSITTYADSVKGRFTISRDNARNTLYLQMNSLKPEDTAVYYCTSAGRRGPGTQVTVSS
4NBZ:D,QVKLEESGGGLVQAGGSLRLSCAASERTFSRYPVAWFRQAPGAEREFVAVISSTGTSTYYADSVKGRFTISRDNAKVTVYLQMNNLKREDTAVYFCAVNSQRTRLQDPNEYDYWGQGTQVTVSS
4NC1:F,QVKLEESGGGLVQAGGSLRLSCAASERTFSRYPVAWFRQAPGAEREFVAVISSTGTSTYYADSVKGRFTISRDNAKVTVYLQMNNLKREDTAVYFCAVNSQRTRLQDPNEYDYWGQGTQVTVSS
4W2O:G,KVQLQESGGGLVQAGGSLRLSCAASGGTFSINTLGWYRRAPGKEREFVARISSGGITRYADSVKGRFTISRDNGKNTVYLDMNSLKPEDTAVYYCMYRNWGGGLDVYWGQGTQVTVSS
4X7E:D,DVQLVESGGGLVQPGGSLRLSCAASGSIFSIYAMGWYRQAPGKQRELVASISSGGGTNYADSVKGRFTISGDNAKNTVYLQMNSLKPEDTAVYYCKREDYSAYAPPSGSRGRGTQVTVSS
4XT1:C,QVQLVESGGGLVRPGGSLRLSCAASGSIFTIYAMGWYRQAPGKQRELVARITFGGDTNYADSVKGRFTISRDNAKNAVYLQMNSLKPEDTAVYYCNAEETIVEEADYWGQGTQVTVSS
5F7W:D,QVQLQESGGGLVQPGGSLRLSCAASGSIFSGNVMGWYRQAPGKLREWVAAITPQGVPNYADSVKGRFTISRDNAKNMLYLQMSSLKPEDTALYYCNRLPNYRSWGQGTQVTVSS
5F7Y:D,QVQLQESGGGLVQPGGSLRLSCAASGSIFSGNVMGWYRQAPGKLREWVAAITPQGVPNYADSVKGRFTISRDNAKNMLYLQMSSLKPEDTALYYCNRLPNYRSWGQGTQVTVSS
5F8R:C,QVQLQESGGGLVQPGGSLRLSCAASGSIFSGNVMGWYRQAPGKLREWVAAITPQGVPNYADSVKGRFTISRDNAKNMLYLQMSSLKPEDTALYYCNRLPNYRSWGQGTQVTVSS
5F97:H,QVQLQESGGGLVQPGGSLRLSCAASGSIFSGNVMGWYRQAPGKLREWVAAITPQGVPNYADSVKGRFTISRDNAKNMLYLQMSSLKPEDTALYYCNRLPNYRSWGQGTQVTVSS
5J1T:C,VQLVETGGGLVQAGGSLRLSCAASGNIFSFNVMGWYRQAPGKQRELVAAITSGDTTTYADSVQGRFTISRDNAKNAVYLQMNSLTPEDTAVYFCNARRNPINGPYYTTAYWGQGTQVTVSS
5JMR:B,QVQLQESGGGLVQPGGSLTLSCAASGFTFSSYSMYWVRQAPGKGLEWVSSINRVGSNTDYADSVKGRFTISRDNAKNTLYLQMNSLKSEDTALYYCAVGMYAAPPWRGQGTQVTVSS
5M2W:B,QVQLVESGGGLVQAGGTLKLSCAASGSISGIVVMAWYRQAPGKQRELVASITSGGTTNYADSVKGRFTISKDNAENTLYLRMNSLKPEDTAVYYCKAFFRRDYVGYDYWGQGTQVTVSS
5NLW:A,QVQLVESGGGLVQAGGSLRLSCVVSGSAVSDYAMGWYRQAPGKQRELVAAIYNSGRTNYVDSVKGRFTISKDNAKKTVYLQMNSLKPEDTADYFCNLLGATTMSNAVWGQGTQVTVSS
5NM0:D,QVQLVESGGGLVQAGGSLRLSCVVSGSAVSDYAMGWYRQAPGKQRELVAAIYNSGRTNYVDSVKGRFTISKDNAKKTVYLQMNCLKPEDTADYFCNLLGATTMSNAVWGQGTQVTVS
6DBG:D,QVKLEESGGGSVQAGGSLRLSCAASGHTYSTYCMGWFRQVPGKEREGVARINVGGSSTWYADSVRDRFTISQDNAKNTVYLQMNSLKLEDTAIYYCTLHRFCNTWSLGTLNVWGQGTQVTVSS
6EHG:C,QVQLVETGGGLVQAGGSLRLSCAASGSIFSLNAMGWFRQAPGKEREFVATINRSGGRTYYADSVKGRFTISRDNGKNMVYLQMHSLKPEDTAIYYCAAGTGWSPQTDNEYNYWGQGTQVTVSS
6F2W:B,QVQLVESGGGVVQAGGSLRLSCAASGRTFSSRAMGWFRQAPGEGREFVATISWSGSYTEYADSVKGRVTISRDNAKNTVYLQMNSLKPGDTAVYHCAAKNGGAASNYPNDYVYWGQGTQVTVSS
6OS2:D,QVQLQESGGGLVAAGGSLRLSCAASGNIFDVDIMGWYRQAPGKERELVASITDGGSTNYADSVKGRFTISRDNAKNTVYLAMASLKPEDTAVYYCAAVAYPDIPTYFDYDSDNFYWGQGTQVTVSS
6U54:A,QVQLQQSGGGSVTPGGSLRLSCAASGSISDFAAMAWYRQAPGKERDWVGTIFSAGALLYAEPVKGRFTISRDNAKNTVYLQMNSLKPEDTAVYYCRLYAEAIYWGQGTQVTVSS
6XZF:B,QVQLVESGGALVQPGGSLRLSCAASGFPVNRYSMRWYRQADTNNDGWIEGDELKEREWVAGMSSAGDRSSYEDSVKGRFTISRDDARNTVYLQMNSLKPEDTAVYYCNVNVGFEYWGQGTQVTVSS
6YO6:C,QVQLVETGGGLVQAGGSLRLSCAASGSIFSLNAMGWFRQAPGKEREFVATINRSGGRTYYADSVKGRFTISRDNGKNMVYLQMHSLKPEDTAIYYCAAGTGWSPQTDNEYNYWGQGTQVTVSS
7A0V:F,QVQLVESGGGFAQAGGSLRLSCAASGSTFRFRAMGWFRQAPGKEREFVAGISWSGSTKYTDSVKGRFTISRDNAKNTVHLQMNNLTPEDTAVYYCAQSRAIEADDSRGYDYWGQGTQVTVSS
7D5B:D,QVQLQESGGGLVQPGGSLRLSCAASGFTFSSAIMTWVRQAPGKGREWVSTIGSDGSITTYADSVKGRFTISRDNARNTLYLQMNSLKPEDTAVYYCTSAGRRGPGTQVTVSS
7EPT:N,QVQLQESGGGLVQPGGSLRLSCAASGFTFSNYKMNWVRQAPGKGLEWVSDISQSGASISYTGSVKGRFTISRDNAKNTLYLQMNSLKPEDTAVYYCARCPAPFTRDCFDVTSTTYAYRGQGTQVTVSS
7KLW:C,QVQLVESGGGSVQAGGSLRLSCAASGSISSITYLGWFRQAPGKEREGVAALITVNGHTYYADSVKGRFTVSLDNAKNTVYLQMNSLKPEDTALYYCAAAAWGYAWPLHQDDYWYWGQGTQVTVSS
7MFV:B,QVQLVESGGGLVQAGGSLRLSCAASGFPVAYKTMWWYRQAPGKEREWVAAIESYGIKWTRYADSVKGRFTISRDNAKNTVYLQMNSLKPEDTAVYYCIVWVGAQYHGQGTQVTVSS
7OM5:B,QVQLQESGGGSVQAGGSLKLSCAASGRSFSTYAMGWFRQAPGQDREFVATISWTDSTDYADSVKGRFTISRDNAKNTGYLQMNSLKPEDTAVYYCAADRWASSRRNVDYDYWGQGTQVTVSS
7P2D:C,QVQLVETGGGLVQAGGSLRLSCAASGNINSFNAMGWFRQAPGKQRELVAAITFGGRTNYADSVKGRFTISRDNTKGSVYLQMNSLKPEDTAVYYCAASENNLLTGVWHYWGRGTQVTVSS
7P78:Y,QVQLVESGGGSVQAGGSLRLSCAASGSISSITYLGWFRQAPGKEREGVAALITVNGHTYYADSVKGRFTVSLDNAKNTVYLQMNSLKPEDTALYYCAAAAWGYAWPLHQDDYWYWGQGTQVTVSS
7PHQ:K,VQLQESGGGLVQPGGSLRLSCAASGRTISRYAMSWFRQAPGKEREFVAVARRSGDGAFYADSVQGRFTVSRDDAKNTVYLQMNSLKPEDTAVYYCAIDSDTFYSGSYDYWGQGTQVTVSS
7WPD:Z,QVQLQESGGGLVQPGGSLRLSCAASGRTISRYAMSWFRQAPGKEREFVAVARRSGDGAFYADSVQGRFTVSRDDAKNTVYLQMNSLKPEDTAVYYCAIDSDTFYSGSYDYWGQGTQVTVSS
7Z1B:E,QVQLVESGGGLMQAGGSLRLSCAVSGRTFSTAAMGWFRQAPGKEREFVAAIRWSGGSAYYADSVKGRFTISRDKAKNTVYLQMNSLKYEDTAVYYCAGFSATRSLLSDYATWPYDYWGQGTQVTVSS
7ZF4:F,QVQLVESGGGLVQAGGSLRLACIASGRTFHSYVMAWFRQAPGKEREFVAAISWSSTPTYYGESVKGRFTISRDNAKNTVYLQMNRLKPEDTAVYFCAADRGESYYYTRPTEYEFWGQGTQVTVSS
7F4D:N,QVQLQESGGGLVQPGGSLRLSCAASGFTFSNYKMNWVRQAPGKGLEWVSDISQSGASISYTGSVKGRFTISRDNAKNTLYLQMNSLKPEDTAVYYCARCPAPFTRDCFDVTSTTYAYRGQGTQVTVSS
7F4H:N,QVQLQESGGGLVQPGGSLRLSCAASGFTFSNYKMNWVRQAPGKGLEWVSDISQSGASISYTGSVKGRFTISRDNAKNTLYLQMNSLKPEDTAVYYCARCPAPFTRDCFDVTSTTYAYRGQGTQVTVSS
7F54:N,QVQLQESGGGLVQPGGSLRLSCAASGFTFSNYKMNWVRQAPGKGLEWVSDISQSGASISYTGSVKGRFTISRDNAKNTLYLQMNSLKPEDTAVYYCARCPAPFTRDCFDVTSTTYAYRGQGTQVTVSS
7JHG:N,QVQLQESGGGLVQPGGSLRLSCAASGRTISRYAMSWFRQAPGKEREFVAVARRSGDGAFYADSVQGRFTVSRDDAKNTVYLQMNSLKPEDTAVYYCAIDSDTFYSGSYDYWGQGTQVTVSS
7JVQ:N,QVQLQESGGGLVQPGGSLRLSCAASGFTFSNYKMNWVRQAPGKGLEWVSDISQSGASISYTGSVKGRFTISRDNAKNTLYLQMNSLKPEDTAVYYCARCPAPFTRDCFDVTSTTYAYRGQGTQVTVSS
7KGL:B,QVQLVESGGGLVQAGGSLRLSCAASGFPVAYKTMWWYRQAPGKEREWVAAIESYGIKWTRYADSVKGRFTISRDNAKNTVYLQMNSLKPEDTAVYYCIVWVGAQYHGQGTQVTVSS
7P77:X,QVQLVESGGGSVQAGGSLRLSCAASGSISSITYLGWFRQAPGKEREGVAALITVNGHTYYADSVKGRFTVSLDNAKNTVYLQMNSLKPEDTALYYCAAAAWGYAWPLHQDDYWYWGQGTQVTVSS
8CXR:H,QLQESGGGLVQTGGSLTLSCATSGRSFSLYAMAWFRQAPGKEREFVAGVSRRGNTAYADAVKGRFTISRDNAANTVYLQMTSLKPEDTAVYFCAAFRVAVTTYTSQQANEYNYWGQGTQVTVSS
8HJ2:N,QVQLQESGGGLVQPGGSLRLSCAASGFTFSNYKMNWVRQAPGKGLEWVSDISQSGASISYTGSVKGRFTISRDNAKNTLYLQMNSLKPEDTAVYYCARCPAPFTRDCFDVTSTTYAYRGQGTQVTVSS
